formation_id,name,source_url,rank,score_total,classification,ratio_band,count_family,scale_family,inner_outer_ratio,satellite_count,outer_diameter_m,nearest_rgcs_family,needed_measurement,claim_status
CC-2009-05-10-ROUNDWAY-DEVIZES-WILTSHIRE,Roundway Devizes | Wiltshire,https://www.cropcirclecenter.com/ccdata/2009/05/10/UK20090510_A.html,1,0.575,CROP_RATIO_MATCH,EXACT,DYADIC_FAMILY,NEEDS_SOURCE_DIMENSION,0.653694,8,,47/72_RING,absolute diameter by drone photogrammetry or diagram scale,MODEL_COMPARISON_ONLY
CC-2005-07-24-AVEBURY-WILTSHIRE-3,Avebury | Wiltshire,https://www.cropcirclecenter.com/ccdata/2005/07/24/UK20050724_C.html,2,0.53,CROP_RATIO_MATCH,EXACT,COUNT_PRESENT_OTHER_FAMILY,NEEDS_SOURCE_DIMENSION,0.65432,6,,47/72_RING,absolute diameter by drone photogrammetry or diagram scale,MODEL_COMPARISON_ONLY
CC-2020-07-25-LOCATION-WITHHELD-HAMPSHIRE,location withheld | Hampshire,https://www.cropcirclecenter.com/ccdata/2020/07/25/UK20200725_A.html,3,0.48,CROP_PHYSICS_COMPATIBILITY_CANDIDATE,MODERATE,COUNT_PRESENT_OTHER_FAMILY,NEEDS_SOURCE_DIMENSION,0.669525,12,,47/72_RING,absolute diameter by drone photogrammetry or diagram scale,MODEL_COMPARISON_ONLY
CC-2026-04-04-ILCHESTER-SOMERSET,"Ilchester, Somerset",https://www.cropcirclecenter.com/ccdata/2026/04/04/UK20260404_A.html,4,0.48,CROP_PHYSICS_COMPATIBILITY_CANDIDATE,MODERATE,COUNT_PRESENT_OTHER_FAMILY,NEEDS_SOURCE_DIMENSION,0.669525,12,,47/72_RING,absolute diameter by drone photogrammetry or diagram scale,MODEL_COMPARISON_ONLY
CC-2015-06-19-AVEBURY-WILTSHIRE,Avebury | Wiltshire,https://www.cropcirclecenter.com/ccdata/2015/06/19/UK20150619_A_F.html,5,0.475,CROP_PHYSICS_COMPATIBILITY_CANDIDATE,MODERATE,DYADIC_FAMILY,NEEDS_SOURCE_DIMENSION,0.644754,4,,47/72_RING,absolute diameter by drone photogrammetry or diagram scale,MODEL_COMPARISON_ONLY
CC-2007-05-22-WEXCOMBE-WILTSHIRE,Wexcombe | Wiltshire,https://www.cropcirclecenter.com/ccdata/2007/05/22/UK20070522_A.html,6,0.43,CROP_RATIO_MATCH,STRONG,NO_COUNT,NEEDS_SOURCE_DIMENSION,0.658384,,,47/72_RING,absolute diameter by drone photogrammetry or diagram scale,MODEL_COMPARISON_ONLY
CC-2008-08-08-BISHOPS-CANNINGS-WILTSHIRE,Bishops Cannings | Wiltshire,https://www.cropcirclecenter.com/ccdata/2008/08/08/UK20080808_A.html,7,0.43,CROP_RATIO_MATCH,STRONG,NO_COUNT,NEEDS_SOURCE_DIMENSION,0.650157,,,47/72_RING,absolute diameter by drone photogrammetry or diagram scale,MODEL_COMPARISON_ONLY
CC-2008-11-09-IPUACU-RIO-GRANDE-DO-SUL,Ipuacu | Rio Grande do Sul,https://www.cropcirclecenter.com/ccdata/2008/11/08/BR20081108_A.html,8,0.43,CROP_RATIO_MATCH,STRONG,NO_COUNT,NEEDS_SOURCE_DIMENSION,0.655918,,,47/72_RING,absolute diameter by drone photogrammetry or diagram scale,MODEL_COMPARISON_ONLY
CC-2015-07-15-ROLLRIGHT-STONES-OXFORDSHIRE-2,Rollright Stones | Oxfordshire,https://www.cropcirclecenter.com/ccdata/2015/07/15/UK20150715_B.html,9,0.43,CROP_RATIO_MATCH,STRONG,NO_COUNT,NEEDS_SOURCE_DIMENSION,0.657324,,,47/72_RING,absolute diameter by drone photogrammetry or diagram scale,MODEL_COMPARISON_ONLY
CC-2016-07-13-MONTERONI-ARBIA-TOSCANA,Monteroni 'Arbia | Toscana,https://www.cropcirclecenter.com/ccdata/2016/07/13/IT20160713_A.html,10,0.43,NEEDS_SOURCE_DIMENSION,MODERATE,COUNT_PRESENT_OTHER_FAMILY,NEEDS_SOURCE_DIMENSION,0.660179,28,,47/72_RING,absolute diameter by drone photogrammetry or diagram scale,MODEL_COMPARISON_ONLY
CC-2011-07-31-OBERSCHLEI-HEIM-BAYERN,Oberschleißheim | Bayern,https://www.cropcirclecenter.com/ccdata/2011/07/31/DE20110731_A.html,11,0.38,NEEDS_SOURCE_DIMENSION,WEAK,COUNT_PRESENT_OTHER_FAMILY,NEEDS_SOURCE_DIMENSION,0.631772,15,,NEEDS_SOURCE_DIMENSION,absolute diameter by drone photogrammetry or diagram scale,MODEL_COMPARISON_ONLY
CC-2006-06-21-SILBURY-HILL-WILTSHIRE-3,Silbury Hill | Wiltshire,https://www.cropcirclecenter.com/ccdata/2006/06/21/UK20060621_C.html,12,0.37,NEEDS_SOURCE_DIMENSION,MODERATE,NO_COUNT,NEEDS_SOURCE_DIMENSION,0.633993,,,47/72_RING,absolute diameter by drone photogrammetry or diagram scale,MODEL_COMPARISON_ONLY
CC-2008-07-17-WESTWOODS-WILTSHIRE-2,Westwoods | Wiltshire,https://www.cropcirclecenter.com/ccdata/2008/07/17/UK20080717_B.html,13,0.37,NEEDS_SOURCE_DIMENSION,MODERATE,NO_COUNT,NEEDS_SOURCE_DIMENSION,0.666167,,,47/72_RING,absolute diameter by drone photogrammetry or diagram scale,MODEL_COMPARISON_ONLY
CC-2009-06-15-MURSKA-SOBOTA-POMURSKA,Murska Sobota | Pomurska,https://www.cropcirclecenter.com/ccdata/2009/06/15/SI20090615_A.html,14,0.37,NEEDS_SOURCE_DIMENSION,MODERATE,NO_COUNT,NEEDS_SOURCE_DIMENSION,0.636603,,,47/72_RING,absolute diameter by drone photogrammetry or diagram scale,MODEL_COMPARISON_ONLY
CC-2011-01-30-TEGALREJO-JAWA-TENGAH,Tegalrejo | Jawa tengah,https://www.cropcirclecenter.com/ccdata/2011/01/30/ID20110130_A.html,15,0.37,NEEDS_SOURCE_DIMENSION,MODERATE,NO_COUNT,NEEDS_SOURCE_DIMENSION,0.668962,,,47/72_RING,absolute diameter by drone photogrammetry or diagram scale,MODEL_COMPARISON_ONLY
CC-2014-06-22-SOUTHEND-ON-SEA-DORSET-2,Southend-on-Sea | Dorset,https://www.cropcirclecenter.com/ccdata/2014/06/22/UK20140622_B.html,16,0.37,NEEDS_SOURCE_DIMENSION,MODERATE,NO_COUNT,NEEDS_SOURCE_DIMENSION,0.645013,,,47/72_RING,absolute diameter by drone photogrammetry or diagram scale,MODEL_COMPARISON_ONLY
CC-2017-07-21-CARDINGTON,Cardington,https://www.cropcirclecenter.com/ccdata/2017/07/21/UK20170721_A.html,17,0.37,NEEDS_SOURCE_DIMENSION,MODERATE,NO_COUNT,NEEDS_SOURCE_DIMENSION,0.662988,,,47/72_RING,absolute diameter by drone photogrammetry or diagram scale,MODEL_COMPARISON_ONLY
CC-2019-09-28-TORINO,Torino,https://www.cropcirclecenter.com/ccdata/2019/09/28/IT20190928_A.html,18,0.37,NEEDS_SOURCE_DIMENSION,MODERATE,NO_COUNT,NEEDS_SOURCE_DIMENSION,0.643259,,,47/72_RING,absolute diameter by drone photogrammetry or diagram scale,MODEL_COMPARISON_ONLY
CC-2005-07-09-SILBURY-HILL-WILTSHIRE,Silbury Hill | Wiltshire,https://www.cropcirclecenter.com/ccdata/2005/07/09/UK20050709_A.html,19,0.36,NEEDS_SOURCE_DIMENSION,REJECT,COUNT_NEAR_37_LABELED_NEAR,NEEDS_SOURCE_DIMENSION,0.185337,35,,COUNT_NEAR_37_LABELED_NEAR,absolute diameter by drone photogrammetry or diagram scale,MODEL_COMPARISON_ONLY
CC-2013-07-07-ALTON-BARNES-WILTSHIRE,Alton Barnes | Wiltshire,https://www.cropcirclecenter.com/ccdata/2013/07/07/UK20130707_A.html,20,0.36,NEEDS_SOURCE_DIMENSION,REJECT,COUNT_NEAR_37_LABELED_NEAR,NEEDS_SOURCE_DIMENSION,0.429751,35,,COUNT_NEAR_37_LABELED_NEAR,absolute diameter by drone photogrammetry or diagram scale,MODEL_COMPARISON_ONLY
CC-2020-05-31-SIXPENNY-HANDLEY-DORSET,"Sixpenny Handley, Dorset",https://www.cropcirclecenter.com/ccdata/2020/05/31/UK20200531_A.html,21,0.35,NEEDS_SOURCE_DIMENSION,REJECT,COUNT_NEAR_37_LABELED_NEAR,NEEDS_SOURCE_DIMENSION,0.098562,36,,COUNT_NEAR_37_LABELED_NEAR,absolute diameter by drone photogrammetry or diagram scale,MODEL_COMPARISON_ONLY
CC-2020-07-05-VIMY-PAS-DE-CALAIS,Vimy | Pas-de-Calais,https://www.cropcirclecenter.com/ccdata/2020/07/05/FR20200705_A.html,22,0.335,NEEDS_SOURCE_DIMENSION,REJECT,DYADIC_FAMILY,NEEDS_SOURCE_DIMENSION,0.826832,8,,DYADIC_FAMILY,absolute diameter by drone photogrammetry or diagram scale,MODEL_COMPARISON_ONLY
CC-2020-07-07-ASHMORE-NORTH-DORSET-2,Ashmore | North Dorset,https://www.cropcirclecenter.com/ccdata/2020/07/07/UK20200707_B.html,23,0.335,NEEDS_SOURCE_DIMENSION,REJECT,DYADIC_FAMILY,NEEDS_SOURCE_DIMENSION,0.799244,8,,DYADIC_FAMILY,absolute diameter by drone photogrammetry or diagram scale,MODEL_COMPARISON_ONLY
CC-2020-07-10-EASTERN-ROYAL-WILTS,"Eastern Royal, Wilts",https://temporarytemples.co.uk/project/eastern-royal-wilts-10th-july-2020,24,0.335,NEEDS_SOURCE_DIMENSION,REJECT,DYADIC_FAMILY,NEEDS_SOURCE_DIMENSION,0.23069,4,,DYADIC_FAMILY,absolute diameter by drone photogrammetry or diagram scale,MODEL_COMPARISON_ONLY
CC-2020-07-26-AMMERSEE-BAVARIA,Ammersee | Bavaria,https://www.cropcirclecenter.com/ccdata/2020/07/26/DE20200726_A.html,25,0.335,NEEDS_SOURCE_DIMENSION,REJECT,DYADIC_FAMILY,NEEDS_SOURCE_DIMENSION,0.06514,32,,DYADIC_FAMILY,absolute diameter by drone photogrammetry or diagram scale,MODEL_COMPARISON_ONLY
CC-2020-08-04-POTTERNE-2-WILTS-2,Potterne (2) | Wiltshire,https://temporarytemples.co.uk/project/potterne-2-wilts-4th-august-2020,26,0.335,NEEDS_SOURCE_DIMENSION,REJECT,DYADIC_FAMILY,NEEDS_SOURCE_DIMENSION,0.278476,4,,DYADIC_FAMILY,absolute diameter by drone photogrammetry or diagram scale,MODEL_COMPARISON_ONLY
CC-2020-08-09-UFFINGTON-CASTLE-OXON,"Uffington Castle, Oxon",https://temporarytemples.co.uk/project/uffington-castle-oxon-9th-august-2020,27,0.335,NEEDS_SOURCE_DIMENSION,REJECT,DYADIC_FAMILY,NEEDS_SOURCE_DIMENSION,0.193474,8,,DYADIC_FAMILY,absolute diameter by drone photogrammetry or diagram scale,MODEL_COMPARISON_ONLY
CC-2020-08-09-WOOLSTONE-OXFORDSHIRE,Woolstone | Oxfordshire,https://www.cropcirclecenter.com/ccdata/2020/08/09/UK20200809_A.html,28,0.335,NEEDS_SOURCE_DIMENSION,REJECT,DYADIC_FAMILY,NEEDS_SOURCE_DIMENSION,0.193474,8,,DYADIC_FAMILY,absolute diameter by drone photogrammetry or diagram scale,MODEL_COMPARISON_ONLY
CC-2020-09-01-STOKE-MANDEVILLE-BUCKINGHAMSHIRE,Stoke Mandeville | Buckinghamshire,https://www.cropcirclecenter.com/ccdata/2020/09/01/UK20200901_A.html,29,0.335,NEEDS_SOURCE_DIMENSION,REJECT,DYADIC_FAMILY,NEEDS_SOURCE_DIMENSION,0.454254,8,,DYADIC_FAMILY,absolute diameter by drone photogrammetry or diagram scale,MODEL_COMPARISON_ONLY
CC-2021-05-18-BROAD-HINTON-WILTSHIRE,Broad Hinton | Wiltshire,https://www.cropcirclecenter.com/ccdata/2021/05/18/UK20210518_A.html,30,0.335,NEEDS_SOURCE_DIMENSION,REJECT,DYADIC_FAMILY,NEEDS_SOURCE_DIMENSION,0.821615,8,,DYADIC_FAMILY,absolute diameter by drone photogrammetry or diagram scale,MODEL_COMPARISON_ONLY
CC-2024-07-14-NORMANTON-DOWN-STONEHENGE-WILTS,"Normanton Down (Stonehenge), Wilts",https://temporarytemples.co.uk/project/normanton-down-2024,31,0.335,NEEDS_SOURCE_DIMENSION,REJECT,DYADIC_FAMILY,NEEDS_SOURCE_DIMENSION,0.891532,4,,DYADIC_FAMILY,absolute diameter by drone photogrammetry or diagram scale,MODEL_COMPARISON_ONLY
CC-2025-11-03-IPUA-U-SANTA-CATARINA,Ipuaçu | Santa Catarina,https://www.cropcirclecenter.com/ccdata/2025/11/03/BR20251103_A.html,32,0.335,NEEDS_SOURCE_DIMENSION,REJECT,DYADIC_FAMILY,NEEDS_SOURCE_DIMENSION,0.440916,8,,DYADIC_FAMILY,absolute diameter by drone photogrammetry or diagram scale,MODEL_COMPARISON_ONLY
CC-2026-06-25-ETCHILHAMPTON-WILTS,"Etchilhampton, Wilts",https://www.cropcirclecenter.com/ccdata/2026/06/24/UK20260624_A.html,33,0.335,NEEDS_SOURCE_DIMENSION,REJECT,DYADIC_FAMILY,NEEDS_SOURCE_DIMENSION,0.368077,4,,DYADIC_FAMILY,absolute diameter by drone photogrammetry or diagram scale,MODEL_COMPARISON_ONLY
CC-2010-08-03-PEWSEY-WILTSHIRE-3,Pewsey | Wiltshire,https://www.cropcirclecenter.com/ccdata/2010/08/03/UK20100803_C.html,34,0.32,NEEDS_SOURCE_DIMENSION,WEAK,NO_COUNT,NEEDS_SOURCE_DIMENSION,0.620351,,,NEEDS_SOURCE_DIMENSION,absolute diameter by drone photogrammetry or diagram scale,MODEL_COMPARISON_ONLY
CC-2011-06-20-UPPER-COBERLY-GLOUCESTERSHIRE,Upper Coberly | Gloucestershire,https://www.cropcirclecenter.com/ccdata/2011/06/20/UK20110620_A.html,35,0.32,NEEDS_SOURCE_DIMENSION,WEAK,NO_COUNT,NEEDS_SOURCE_DIMENSION,0.621995,,,NEEDS_SOURCE_DIMENSION,absolute diameter by drone photogrammetry or diagram scale,MODEL_COMPARISON_ONLY
CC-2012-05-19-UFFINGTON-WHITE-HORSE-OXFORDSHIRE,Uffington White Horse | Oxfordshire,https://www.cropcirclecenter.com/ccdata/2012/05/19/UK20120519_A.html,36,0.32,NEEDS_SOURCE_DIMENSION,WEAK,NO_COUNT,NEEDS_SOURCE_DIMENSION,0.681204,,,NEEDS_SOURCE_DIMENSION,absolute diameter by drone photogrammetry or diagram scale,MODEL_COMPARISON_ONLY
CC-2014-06-14-SOUTHEND-ON-SEA-ESSEX-2,Southend-on-Sea | Essex,https://www.cropcirclecenter.com/ccdata/2014/06/14/UK20140614_B.html,37,0.32,NEEDS_SOURCE_DIMENSION,WEAK,NO_COUNT,NEEDS_SOURCE_DIMENSION,0.677055,,,NEEDS_SOURCE_DIMENSION,absolute diameter by drone photogrammetry or diagram scale,MODEL_COMPARISON_ONLY
CC-2020-06-21-SIXPENNY-HANDLEY-DORSET-2,Sixpenny Handley | Dorset,https://www.cropcirclecenter.com/ccdata/2020/06/21/UK20200621_B.html,38,0.32,NEEDS_SOURCE_DIMENSION,REJECT,PRIME_FAMILY,NEEDS_SOURCE_DIMENSION,0.711628,13,,PRIME_FAMILY,absolute diameter by drone photogrammetry or diagram scale,MODEL_COMPARISON_ONLY
CC-2020-07-29-DRONFIELD-DERBYSHIRE-2,Dronfield | Derbyshire,https://www.cropcirclecenter.com/ccdata/2020/07/29/UK20200729_B.html,39,0.32,NEEDS_SOURCE_DIMENSION,REJECT,PRIME_FAMILY,NEEDS_SOURCE_DIMENSION,0.171225,3,,PRIME_FAMILY,absolute diameter by drone photogrammetry or diagram scale,MODEL_COMPARISON_ONLY
CC-2020-08-07-HEYTESBURY-WILTSHIRE,Heytesbury | Wiltshire,https://www.cropcirclecenter.com/ccdata/2020/08/07/UK20200807_A.html,40,0.32,NEEDS_SOURCE_DIMENSION,REJECT,PRIME_FAMILY,NEEDS_SOURCE_DIMENSION,0.753544,17,,PRIME_FAMILY,absolute diameter by drone photogrammetry or diagram scale,MODEL_COMPARISON_ONLY
CC-2020-08-07-SCRATCHBURY-HILLFORT-WILTS,"Scratchbury Hillfort, Wilts",https://temporarytemples.co.uk/project/scratchbury-hillfort-wilts-7th-august-2020,41,0.32,NEEDS_SOURCE_DIMENSION,REJECT,PRIME_FAMILY,NEEDS_SOURCE_DIMENSION,0.753544,17,,PRIME_FAMILY,absolute diameter by drone photogrammetry or diagram scale,MODEL_COMPARISON_ONLY
CC-2021-07-18-WOODCOTE-LANE-HAMPSHIRE,Woodcote Lane | Hampshire,https://www.cropcirclecenter.com/ccdata/2021/07/18/UK20210718_A.html,42,0.32,NEEDS_SOURCE_DIMENSION,REJECT,PRIME_FAMILY,NEEDS_SOURCE_DIMENSION,0.259075,11,,PRIME_FAMILY,absolute diameter by drone photogrammetry or diagram scale,MODEL_COMPARISON_ONLY
CC-2021-08-18-SANDAL-CASTLE-WEST-YORKSHIRE,Sandal Castle | West Yorkshire,https://www.cropcirclecenter.com/ccdata/2021/08/18/UK20210818_A.html,43,0.32,NEEDS_SOURCE_DIMENSION,REJECT,PRIME_FAMILY,NEEDS_SOURCE_DIMENSION,0.787765,5,,PRIME_FAMILY,absolute diameter by drone photogrammetry or diagram scale,MODEL_COMPARISON_ONLY
CC-2022-04-19-SIXPENNY-HANDLEY-DORSET,Sixpenny Handley | Dorset,https://www.cropcirclecenter.com/ccdata/2022/04/19/UK20220419_A.html,44,0.32,NEEDS_SOURCE_DIMENSION,REJECT,PRIME_FAMILY,NEEDS_SOURCE_DIMENSION,0.144307,5,,PRIME_FAMILY,absolute diameter by drone photogrammetry or diagram scale,MODEL_COMPARISON_ONLY
CC-2022-07-28-TAWESMEAD-COPSE-WILTSHIRE,Tawesmead Copse | Wiltshire,https://www.cropcirclecenter.com/ccdata/2022/07/28/UK20220728_A.html,45,0.32,NEEDS_SOURCE_DIMENSION,REJECT,PRIME_FAMILY,NEEDS_SOURCE_DIMENSION,0.271275,3,,PRIME_FAMILY,absolute diameter by drone photogrammetry or diagram scale,MODEL_COMPARISON_ONLY
CC-2023-07-30-WEST-MEON-HAMPSHIRE-2,West Meon | Hampshire,https://www.cropcirclecenter.com/ccdata/2023/07/30/UK20230730_B.html,46,0.32,NEEDS_SOURCE_DIMENSION,REJECT,PRIME_FAMILY,NEEDS_SOURCE_DIMENSION,0.197852,19,,PRIME_FAMILY,absolute diameter by drone photogrammetry or diagram scale,MODEL_COMPARISON_ONLY
CC-2023-08-04-WAYLAND-S-SMITHY-WILTS,"Wayland's Smithy, Wilts",https://www.cropcirclecenter.com/ccdata/2023/08/04/UK20230804_A.html,47,0.32,NEEDS_SOURCE_DIMENSION,REJECT,PRIME_FAMILY,NEEDS_SOURCE_DIMENSION,0.317881,3,,PRIME_FAMILY,absolute diameter by drone photogrammetry or diagram scale,MODEL_COMPARISON_ONLY
CC-2026-07-04-ETCHILHAMPTON-2-2,Etchilhampton (2) | Wiltshire,https://temporarytemples.co.uk/project/etchilhampton-2-2026,48,0.32,NEEDS_SOURCE_DIMENSION,REJECT,PRIME_FAMILY,NEEDS_SOURCE_DIMENSION,0.950631,3,,PRIME_FAMILY,absolute diameter by drone photogrammetry or diagram scale,MODEL_COMPARISON_ONLY
CC-2006-07-22-CHARTLEY-CASTLE-STAFFORDSHIRE,Chartley Castle | Staffordshire,https://www.cropcirclecenter.com/ccdata/2006/07/22/UK20060722_A.html,49,0.3,NEEDS_SOURCE_DIMENSION,REJECT,COUNT_NEAR_37_LABELED_NEAR,NEEDS_SOURCE_DIMENSION,0.124833,36,,COUNT_NEAR_37_LABELED_NEAR,absolute diameter by drone photogrammetry or diagram scale,MODEL_COMPARISON_ONLY
CC-2007-06-27-HONSOB-STREDOCESKY-KRAJ,Honsob | Stredocesky kraj,https://www.cropcirclecenter.com/ccdata/2007/06/27/CZ20070627_A.html,50,0.3,NEEDS_SOURCE_DIMENSION,REJECT,COUNT_NEAR_37_LABELED_NEAR,NEEDS_SOURCE_DIMENSION,0.29377,36,,COUNT_NEAR_37_LABELED_NEAR,absolute diameter by drone photogrammetry or diagram scale,MODEL_COMPARISON_ONLY
CC-2009-08-12-WAYLAND-S-SMITHY-OXFORDSHIRE,Wayland's Smithy | Oxfordshire,https://www.cropcirclecenter.com/ccdata/2009/08/12/UK20090812_A.html,51,0.3,NEEDS_SOURCE_DIMENSION,REJECT,COUNT_NEAR_37_LABELED_NEAR,NEEDS_SOURCE_DIMENSION,0.147726,36,,COUNT_NEAR_37_LABELED_NEAR,absolute diameter by drone photogrammetry or diagram scale,MODEL_COMPARISON_ONLY
CC-2010-06-25-UFTON-WARWICKSHIRE-2,Ufton | Warwickshire,https://www.cropcirclecenter.com/ccdata/2010/06/25/UK20100625_B.html,52,0.3,NEEDS_SOURCE_DIMENSION,NO_RATIO,COUNT_NEAR_37_LABELED_NEAR,NEEDS_SOURCE_DIMENSION,,35,,COUNT_NEAR_37_LABELED_NEAR,absolute diameter by drone photogrammetry or diagram scale,MODEL_COMPARISON_ONLY
CC-2016-08-17-NURSTEED-FARM-WILTS,"Nursteed Farm, Wilts",https://www.cropcirclecenter.com/ccdata/2016/08/17/UK20160817_A.html,53,0.3,NEEDS_SOURCE_DIMENSION,REJECT,COUNT_NEAR_37_LABELED_NEAR,NEEDS_SOURCE_DIMENSION,0.150404,38,,COUNT_NEAR_37_LABELED_NEAR,absolute diameter by drone photogrammetry or diagram scale,MODEL_COMPARISON_ONLY
CC-2020-06-14-BARBURY-CASTLE-WILTSHIRE,Barbury Castle | Wiltshire,https://www.cropcirclecenter.com/ccdata/2020/06/14/UK20200614_A.html,54,0.29,NEEDS_SOURCE_DIMENSION,REJECT,COUNT_PRESENT_OTHER_FAMILY,NEEDS_SOURCE_DIMENSION,0.22235,24,,NEEDS_SOURCE_DIMENSION,absolute diameter by drone photogrammetry or diagram scale,MODEL_COMPARISON_ONLY
CC-2020-06-25-OGBOURNE-ST-GEORGE-WILTS,"Ogbourne St. George, Wilts",https://www.cropcirclecenter.com/ccdata/2020/06/25/UK20200625_A.html,55,0.29,NEEDS_SOURCE_DIMENSION,REJECT,COUNT_PRESENT_OTHER_FAMILY,NEEDS_SOURCE_DIMENSION,0.777202,26,,NEEDS_SOURCE_DIMENSION,absolute diameter by drone photogrammetry or diagram scale,MODEL_COMPARISON_ONLY
CC-2020-07-12-WEST-KNOYLE-WILTSHIRE,West Knoyle | Wiltshire,https://www.cropcirclecenter.com/ccdata/2020/07/12/UK20200712_D.html,56,0.29,NEEDS_SOURCE_DIMENSION,REJECT,COUNT_PRESENT_OTHER_FAMILY,NEEDS_SOURCE_DIMENSION,0.035698,26,,NEEDS_SOURCE_DIMENSION,absolute diameter by drone photogrammetry or diagram scale,MODEL_COMPARISON_ONLY
CC-2020-07-17-ETCHILHAMPTON-WILTS,"Etchilhampton, Wilts",https://www.cropcirclecenter.com/ccdata/2020/07/17/UK20200717_A.html,57,0.29,NEEDS_SOURCE_DIMENSION,REJECT,COUNT_PRESENT_OTHER_FAMILY,NEEDS_SOURCE_DIMENSION,0.130431,6,,NEEDS_SOURCE_DIMENSION,absolute diameter by drone photogrammetry or diagram scale,MODEL_COMPARISON_ONLY
CC-2021-07-18-OLD-WHITTINGTON-DERBYSHIRE-2,Old Whittington | Derbyshire,https://www.cropcirclecenter.com/ccdata/2021/07/18/UK20210718_B.html,58,0.29,NEEDS_SOURCE_DIMENSION,REJECT,COUNT_PRESENT_OTHER_FAMILY,NEEDS_SOURCE_DIMENSION,0.146492,9,,NEEDS_SOURCE_DIMENSION,absolute diameter by drone photogrammetry or diagram scale,MODEL_COMPARISON_ONLY
CC-2021-08-01-SWARRATON-HANTS,"Swarraton, Hants",https://www.cropcirclecenter.com/ccdata/2021/08/01/UK20210801_A.html,59,0.29,NEEDS_SOURCE_DIMENSION,REJECT,COUNT_PRESENT_OTHER_FAMILY,NEEDS_SOURCE_DIMENSION,0.102776,15,,NEEDS_SOURCE_DIMENSION,absolute diameter by drone photogrammetry or diagram scale,MODEL_COMPARISON_ONLY
CC-2021-UNKNOWN-LOCATION-UNKNOWN-KANSAS,location unknown | Kansas,https://www.cropcirclecenter.com/ccdata/2021/05/00/UK20210500_A.html,60,0.29,NEEDS_SOURCE_DIMENSION,REJECT,COUNT_PRESENT_OTHER_FAMILY,NEEDS_SOURCE_DIMENSION,0.043491,14,,NEEDS_SOURCE_DIMENSION,absolute diameter by drone photogrammetry or diagram scale,MODEL_COMPARISON_ONLY
CC-2022-07-03-MICHELDEVER-HAMPSHIRE,Micheldever | Hampshire,https://www.cropcirclecenter.com/ccdata/2022/07/03/UK20220703_A.html,61,0.29,NEEDS_SOURCE_DIMENSION,REJECT,COUNT_PRESENT_OTHER_FAMILY,NEEDS_SOURCE_DIMENSION,0.067262,14,,NEEDS_SOURCE_DIMENSION,absolute diameter by drone photogrammetry or diagram scale,MODEL_COMPARISON_ONLY
CC-2022-07-12-WINCHESTER-HAMPSHIRE,Winchester | Hampshire,https://www.cropcirclecenter.com/ccdata/2022/07/12/UK20220712_A.html,62,0.29,NEEDS_SOURCE_DIMENSION,REJECT,COUNT_PRESENT_OTHER_FAMILY,NEEDS_SOURCE_DIMENSION,0.1025,10,,NEEDS_SOURCE_DIMENSION,absolute diameter by drone photogrammetry or diagram scale,MODEL_COMPARISON_ONLY
CC-2023-06-17-BRA-PIEMONTE,Bra | Piemonte,https://www.cropcirclecenter.com/ccdata/2023/06/17/IT20230617_A.html,63,0.29,NEEDS_SOURCE_DIMENSION,REJECT,COUNT_PRESENT_OTHER_FAMILY,NEEDS_SOURCE_DIMENSION,0.173547,10,,NEEDS_SOURCE_DIMENSION,absolute diameter by drone photogrammetry or diagram scale,MODEL_COMPARISON_ONLY
CC-2023-06-19-POIRINO-TORINO,Poirino | Torino,https://www.cropcirclecenter.com/ccdata/2023/06/19/IT20230619_A.html,64,0.29,NEEDS_SOURCE_DIMENSION,REJECT,COUNT_PRESENT_OTHER_FAMILY,NEEDS_SOURCE_DIMENSION,0.346742,6,,NEEDS_SOURCE_DIMENSION,absolute diameter by drone photogrammetry or diagram scale,MODEL_COMPARISON_ONLY
CC-2023-07-09-BARTON-STACEY-BELT-HANTS,"Barton Stacey Belt, Hants",https://temporarytemples.co.uk/project/barton-stacey-2023,65,0.29,NEEDS_SOURCE_DIMENSION,REJECT,COUNT_PRESENT_OTHER_FAMILY,NEEDS_SOURCE_DIMENSION,0.107095,6,,NEEDS_SOURCE_DIMENSION,absolute diameter by drone photogrammetry or diagram scale,MODEL_COMPARISON_ONLY
CC-2023-08-13-ROUNDWAY-HILL-WILTS,"Roundway Hill, Wilts",https://www.cropcirclecenter.com/ccdata/2023/08/13/UK20230813_A.html,66,0.29,NEEDS_SOURCE_DIMENSION,REJECT,COUNT_PRESENT_OTHER_FAMILY,NEEDS_SOURCE_DIMENSION,0.414951,12,,NEEDS_SOURCE_DIMENSION,absolute diameter by drone photogrammetry or diagram scale,MODEL_COMPARISON_ONLY
CC-2024-06-09-POIRINO-PIEMONTE,Poirino | Piemonte,https://www.cropcirclecenter.com/ccdata/2024/06/09/IT20240609_A.html,67,0.29,NEEDS_SOURCE_DIMENSION,REJECT,COUNT_PRESENT_OTHER_FAMILY,NEEDS_SOURCE_DIMENSION,0.353565,28,,NEEDS_SOURCE_DIMENSION,absolute diameter by drone photogrammetry or diagram scale,MODEL_COMPARISON_ONLY
CC-2025-06-28-WARE-DEVON-LYME-REGIS,"Ware, Devon (Lyme Regis)",https://www.cropcirclecenter.com/ccdata/2025/06/28/UK20250628_A.html,68,0.29,NEEDS_SOURCE_DIMENSION,REJECT,COUNT_PRESENT_OTHER_FAMILY,NEEDS_SOURCE_DIMENSION,0.141419,12,,NEEDS_SOURCE_DIMENSION,absolute diameter by drone photogrammetry or diagram scale,MODEL_COMPARISON_ONLY
CC-2025-07-20-FRIEDING-BAVARIA,Frieding | Bavaria,https://www.cropcirclecenter.com/ccdata/2025/07/20/DE20250720_A.html,69,0.29,NEEDS_SOURCE_DIMENSION,REJECT,COUNT_PRESENT_OTHER_FAMILY,NEEDS_SOURCE_DIMENSION,0.266296,14,,NEEDS_SOURCE_DIMENSION,absolute diameter by drone photogrammetry or diagram scale,MODEL_COMPARISON_ONLY
CC-2005-04-17-BOURNEMOUTH-HAMPSHIRE,Bournemouth | Hampshire,https://www.cropcirclecenter.com/ccdata/2005/04/17/UK20050417_A.html,70,0.285,NEEDS_SOURCE_DIMENSION,REJECT,DYADIC_FAMILY,NEEDS_SOURCE_DIMENSION,0.085356,4,,DYADIC_FAMILY,absolute diameter by drone photogrammetry or diagram scale,MODEL_COMPARISON_ONLY
CC-2005-08-28-CHERHILL-WILTSHIRE,Cherhill | Wiltshire,https://www.cropcirclecenter.com/ccdata/2005/08/28/UK20050828_A.html,71,0.285,NEEDS_SOURCE_DIMENSION,REJECT,DYADIC_FAMILY,NEEDS_SOURCE_DIMENSION,0.305031,4,,DYADIC_FAMILY,absolute diameter by drone photogrammetry or diagram scale,MODEL_COMPARISON_ONLY
CC-2006-06-07-ROCHHINO-LOMBARDIA,Rochhino | Lombardia,https://www.cropcirclecenter.com/ccdata/2006/06/07/IT20060607_A.html,72,0.285,NEEDS_SOURCE_DIMENSION,REJECT,DYADIC_FAMILY,NEEDS_SOURCE_DIMENSION,0.467569,8,,DYADIC_FAMILY,absolute diameter by drone photogrammetry or diagram scale,MODEL_COMPARISON_ONLY
CC-2006-07-15-OBERHAUSEN-BAYERN,Oberhausen | Bayern,https://www.cropcirclecenter.com/ccdata/2006/07/15/DE20060715_A.html,73,0.285,NEEDS_SOURCE_DIMENSION,REJECT,DYADIC_FAMILY,NEEDS_SOURCE_DIMENSION,0.289262,4,,DYADIC_FAMILY,absolute diameter by drone photogrammetry or diagram scale,MODEL_COMPARISON_ONLY
CC-2006-08-04-AARHUS-JYLLAND,Aarhus | Jylland,https://www.cropcirclecenter.com/ccdata/2006/08/04/DK20060804_A.html,74,0.285,NEEDS_SOURCE_DIMENSION,REJECT,DYADIC_FAMILY,NEEDS_SOURCE_DIMENSION,0.036352,4,,DYADIC_FAMILY,absolute diameter by drone photogrammetry or diagram scale,MODEL_COMPARISON_ONLY
CC-2007-06-07-MILK-HILL-WILTSHIRE,Milk Hill | Wiltshire,https://www.cropcirclecenter.com/ccdata/2007/06/07/UK20070607_A.html,75,0.285,NEEDS_SOURCE_DIMENSION,REJECT,DYADIC_FAMILY,NEEDS_SOURCE_DIMENSION,0.714288,8,,DYADIC_FAMILY,absolute diameter by drone photogrammetry or diagram scale,MODEL_COMPARISON_ONLY
CC-2007-06-11-CASINE-DIE-PATERNO-MARCHE-2,Casine die Paterno | Marche,https://www.cropcirclecenter.com/ccdata/2007/06/11/IT20070611_B.html,76,0.285,NEEDS_SOURCE_DIMENSION,REJECT,DYADIC_FAMILY,NEEDS_SOURCE_DIMENSION,0.794331,16,,DYADIC_FAMILY,absolute diameter by drone photogrammetry or diagram scale,MODEL_COMPARISON_ONLY
CC-2007-07-09-REINHAUSEN-NIEDERSACHSEN,Reinhausen | Niedersachsen,https://www.cropcirclecenter.com/ccdata/2007/07/09/DE20070709_A.html,77,0.285,NEEDS_SOURCE_DIMENSION,REJECT,DYADIC_FAMILY,NEEDS_SOURCE_DIMENSION,0.970572,16,,DYADIC_FAMILY,absolute diameter by drone photogrammetry or diagram scale,MODEL_COMPARISON_ONLY
CC-2007-07-17-ALL-CANNINGS-WILTSHIRE,All Cannings | Wiltshire,https://www.cropcirclecenter.com/ccdata/2007/07/17/UK20070717_A.html,78,0.285,NEEDS_SOURCE_DIMENSION,REJECT,DYADIC_FAMILY,NEEDS_SOURCE_DIMENSION,0.356727,4,,DYADIC_FAMILY,absolute diameter by drone photogrammetry or diagram scale,MODEL_COMPARISON_ONLY
CC-2007-07-25-WEST-KENNETT-WILTSHIRE-2,West Kennett | Wiltshire,https://www.cropcirclecenter.com/ccdata/2007/07/25/UK20070725_B.html,79,0.285,NEEDS_SOURCE_DIMENSION,REJECT,DYADIC_FAMILY,NEEDS_SOURCE_DIMENSION,0.37457,8,,DYADIC_FAMILY,absolute diameter by drone photogrammetry or diagram scale,MODEL_COMPARISON_ONLY
CC-2008-07-09-ALTON-BARNES-WILTSHIRE,Alton Barnes | Wiltshire,https://www.cropcirclecenter.com/ccdata/2008/07/09/UK20080709_A.html,80,0.285,NEEDS_SOURCE_DIMENSION,REJECT,DYADIC_FAMILY,NEEDS_SOURCE_DIMENSION,0.19268,8,,DYADIC_FAMILY,absolute diameter by drone photogrammetry or diagram scale,MODEL_COMPARISON_ONLY
CC-2008-07-15-AVEBURY-MANOR-WILTSHIRE,Avebury Manor | Wiltshire,https://www.cropcirclecenter.com/ccdata/2008/07/15/UK20080715_A.html,81,0.285,NEEDS_SOURCE_DIMENSION,REJECT,DYADIC_FAMILY,NEEDS_SOURCE_DIMENSION,0.231173,4,,DYADIC_FAMILY,absolute diameter by drone photogrammetry or diagram scale,MODEL_COMPARISON_ONLY
CC-2008-08-06-KUNSTAT-JIHOMORAVSKY-KRAJ,Kunstat | Jihomoravsky kraj,https://www.cropcirclecenter.com/ccdata/2008/08/06/CZ20080806_A.html,82,0.285,NEEDS_SOURCE_DIMENSION,REJECT,DYADIC_FAMILY,NEEDS_SOURCE_DIMENSION,0.764848,4,,DYADIC_FAMILY,absolute diameter by drone photogrammetry or diagram scale,MODEL_COMPARISON_ONLY
CC-2008-08-08-MILK-HILL-WILTSHIRE-3,Milk Hill | Wiltshire,https://www.cropcirclecenter.com/ccdata/2008/08/08/UK20080808_C.html,83,0.285,NEEDS_SOURCE_DIMENSION,REJECT,DYADIC_FAMILY,NEEDS_SOURCE_DIMENSION,0.290633,32,,DYADIC_FAMILY,absolute diameter by drone photogrammetry or diagram scale,MODEL_COMPARISON_ONLY
CC-2008-08-25-WEDHAMPTON-WILTSHIRE-2,Wedhampton | Wiltshire,https://www.cropcirclecenter.com/ccdata/2008/08/25/UK20080825_B.html,84,0.285,NEEDS_SOURCE_DIMENSION,REJECT,DYADIC_FAMILY,NEEDS_SOURCE_DIMENSION,0.762982,4,,DYADIC_FAMILY,absolute diameter by drone photogrammetry or diagram scale,MODEL_COMPARISON_ONLY
CC-2008-09-21-YATESBURY-WILTSHIRE,Yatesbury | Wiltshire,https://www.cropcirclecenter.com/ccdata/2008/09/21/UK20080921_A.html,85,0.285,NEEDS_SOURCE_DIMENSION,REJECT,DYADIC_FAMILY,NEEDS_SOURCE_DIMENSION,0.265764,4,,DYADIC_FAMILY,absolute diameter by drone photogrammetry or diagram scale,MODEL_COMPARISON_ONLY
CC-2009-05-06-ALL-CANNINGS-WILTSHIRE,All Cannings | Wiltshire,https://www.cropcirclecenter.com/ccdata/2009/05/06/UK20090506_A.html,86,0.285,NEEDS_SOURCE_DIMENSION,REJECT,DYADIC_FAMILY,NEEDS_SOURCE_DIMENSION,0.132272,8,,DYADIC_FAMILY,absolute diameter by drone photogrammetry or diagram scale,MODEL_COMPARISON_ONLY
CC-2009-05-24-WINDMILL-HILL-WILTSHIRE-3,Windmill Hill | Wiltshire,https://www.cropcirclecenter.com/ccdata/2009/05/24/UK20090524_C.html,87,0.285,NEEDS_SOURCE_DIMENSION,REJECT,DYADIC_FAMILY,NEEDS_SOURCE_DIMENSION,0.388028,8,,DYADIC_FAMILY,absolute diameter by drone photogrammetry or diagram scale,MODEL_COMPARISON_ONLY
CC-2009-06-13-MILK-HILL-WILTSHIRE,Milk Hill | Wiltshire,https://www.cropcirclecenter.com/ccdata/2009/06/13/UK20090613_A.html,88,0.285,NEEDS_SOURCE_DIMENSION,REJECT,DYADIC_FAMILY,NEEDS_SOURCE_DIMENSION,0.087298,8,,DYADIC_FAMILY,absolute diameter by drone photogrammetry or diagram scale,MODEL_COMPARISON_ONLY
CC-2009-07-03-AALST-OOST-VLANDEREN-2,Aalst | Oost-Vlanderen,https://www.cropcirclecenter.com/ccdata/2009/07/33/BE20090733_B.html,89,0.285,NEEDS_SOURCE_DIMENSION,REJECT,DYADIC_FAMILY,NEEDS_SOURCE_DIMENSION,0.290676,4,,DYADIC_FAMILY,absolute diameter by drone photogrammetry or diagram scale,MODEL_COMPARISON_ONLY
CC-2009-07-16-WOLBRECHTSHAUSEN-NIEDERSACHSEN,Wolbrechtshausen | Niedersachsen,https://www.cropcirclecenter.com/ccdata/2009/07/16/DE20090716_A.html,90,0.285,NEEDS_SOURCE_DIMENSION,REJECT,DYADIC_FAMILY,NEEDS_SOURCE_DIMENSION,0.186641,16,,DYADIC_FAMILY,absolute diameter by drone photogrammetry or diagram scale,MODEL_COMPARISON_ONLY
CC-2009-07-19-LIDDINGTON-CASTLE-WILTSHIRE,Liddington Castle | Wiltshire,https://www.cropcirclecenter.com/ccdata/2009/07/19/UK20090719_A.html,91,0.285,NEEDS_SOURCE_DIMENSION,REJECT,DYADIC_FAMILY,NEEDS_SOURCE_DIMENSION,0.072998,4,,DYADIC_FAMILY,absolute diameter by drone photogrammetry or diagram scale,MODEL_COMPARISON_ONLY
CC-2009-08-08-WEST-OVERTON-WILTSHIRE-3,West Overton | Wiltshire,https://www.cropcirclecenter.com/ccdata/2009/08/08/UK20090808_C.html,92,0.285,NEEDS_SOURCE_DIMENSION,REJECT,DYADIC_FAMILY,NEEDS_SOURCE_DIMENSION,0.117892,4,,DYADIC_FAMILY,absolute diameter by drone photogrammetry or diagram scale,MODEL_COMPARISON_ONLY
CC-2010-02-01-ALBURY-CANTERBURY,Albury | Canterbury,https://www.cropcirclecenter.com/ccdata/2010/02/01/NZ20100201_A.html,93,0.285,NEEDS_SOURCE_DIMENSION,REJECT,DYADIC_FAMILY,NEEDS_SOURCE_DIMENSION,0.270763,4,,DYADIC_FAMILY,absolute diameter by drone photogrammetry or diagram scale,MODEL_COMPARISON_ONLY
CC-2010-07-09-CLEY-HILL-WILTSHIRE,Cley Hill | Wiltshire,https://www.cropcirclecenter.com/ccdata/2010/07/09/UK20100709_A.html,94,0.285,NEEDS_SOURCE_DIMENSION,REJECT,DYADIC_FAMILY,NEEDS_SOURCE_DIMENSION,0.213487,4,,DYADIC_FAMILY,absolute diameter by drone photogrammetry or diagram scale,MODEL_COMPARISON_ONLY
CC-2010-08-03-WHITEFIELD-HILL-WILTSHIRE,Whitefield Hill | Wiltshire,https://www.cropcirclecenter.com/ccdata/2010/08/03/UK20100803_D.html,95,0.285,NEEDS_SOURCE_DIMENSION,REJECT,DYADIC_FAMILY,NEEDS_SOURCE_DIMENSION,0.865077,8,,DYADIC_FAMILY,absolute diameter by drone photogrammetry or diagram scale,MODEL_COMPARISON_ONLY
CC-2011-04-22-INNAGE-MONMOUTHSHIRE,Innage | Monmouthshire,https://www.cropcirclecenter.com/ccdata/2011/04/22/UK20110422_A.html,96,0.285,NEEDS_SOURCE_DIMENSION,REJECT,DYADIC_FAMILY,NEEDS_SOURCE_DIMENSION,0.145211,16,,DYADIC_FAMILY,absolute diameter by drone photogrammetry or diagram scale,MODEL_COMPARISON_ONLY
CC-2011-05-17-PITT-HAMPSHIRE-3,Pitt | Hampshire,https://www.cropcirclecenter.com/ccdata/2011/05/17/UK20110517_C.html,97,0.285,NEEDS_SOURCE_DIMENSION,REJECT,DYADIC_FAMILY,NEEDS_SOURCE_DIMENSION,0.082806,4,,DYADIC_FAMILY,absolute diameter by drone photogrammetry or diagram scale,MODEL_COMPARISON_ONLY
CC-2012-06-29-STANTON-ST-BERNARD-WILTSHIRE,Stanton St Bernard | Wiltshire,https://www.cropcirclecenter.com/ccdata/2012/06/29/UK20120629_A.html,98,0.285,NEEDS_SOURCE_DIMENSION,REJECT,DYADIC_FAMILY,NEEDS_SOURCE_DIMENSION,0.808486,4,,DYADIC_FAMILY,absolute diameter by drone photogrammetry or diagram scale,MODEL_COMPARISON_ONLY
CC-2013-07-21-MOMALLE-WALLONIE,Momalle | Wallonie,https://www.cropcirclecenter.com/ccdata/2013/07/21/BE20130721_A.html,99,0.285,NEEDS_SOURCE_DIMENSION,REJECT,DYADIC_FAMILY,NEEDS_SOURCE_DIMENSION,0.113314,4,,DYADIC_FAMILY,absolute diameter by drone photogrammetry or diagram scale,MODEL_COMPARISON_ONLY
CC-2014-06-08-HUNTER-VALLEY-NEW-SOUTH-WALES,Hunter Valley | New South Wales,https://www.cropcirclecenter.com/ccdata/2014/06/08/AU20140608_A.html,100,0.285,NEEDS_SOURCE_DIMENSION,REJECT,DYADIC_FAMILY,NEEDS_SOURCE_DIMENSION,0.791259,4,,DYADIC_FAMILY,absolute diameter by drone photogrammetry or diagram scale,MODEL_COMPARISON_ONLY
CC-2015-07-19-HASELOR-WARWICKSHIRE,"Haselor, Warwickshire",https://temporarytemples.co.uk/project/haselor-warwickshire-19th-july-2015,101,0.285,NEEDS_SOURCE_DIMENSION,REJECT,DYADIC_FAMILY,NEEDS_SOURCE_DIMENSION,0.802214,8,,DYADIC_FAMILY,absolute diameter by drone photogrammetry or diagram scale,MODEL_COMPARISON_ONLY
CC-2016-06-21-CHILCOMB-DOWN-HAMPSHIRE,"Chilcomb Down, Hampshire",https://temporarytemples.co.uk/project/chilcomb-down-hampshire-20th-june-2016,102,0.285,NEEDS_SOURCE_DIMENSION,REJECT,DYADIC_FAMILY,NEEDS_SOURCE_DIMENSION,0.297923,32,,DYADIC_FAMILY,absolute diameter by drone photogrammetry or diagram scale,MODEL_COMPARISON_ONLY
CC-2017-05-25-WINCHESTER-HAMPSHIRE-2,Winchester | Hampshire,https://www.cropcirclecenter.com/ccdata/2017/05/25/UK20170525_B.html,103,0.285,NEEDS_SOURCE_DIMENSION,REJECT,DYADIC_FAMILY,NEEDS_SOURCE_DIMENSION,0.046053,4,,DYADIC_FAMILY,absolute diameter by drone photogrammetry or diagram scale,MODEL_COMPARISON_ONLY
CC-2017-11-03-LINHA-BELA-VISTA-SANTA-CATARINA,Linha Bela Vista | Santa Catarina,https://www.cropcirclecenter.com/ccdata/2017/11/03/BR20171103_A.html,104,0.285,NEEDS_SOURCE_DIMENSION,REJECT,DYADIC_FAMILY,NEEDS_SOURCE_DIMENSION,0.275114,8,,DYADIC_FAMILY,absolute diameter by drone photogrammetry or diagram scale,MODEL_COMPARISON_ONLY
CC-2018-06-23-BROAD-HINTON-WILTSHIRE,Broad Hinton | Wiltshire,https://www.cropcirclecenter.com/ccdata/2018/06/23/UK20180623_A.html,105,0.285,NEEDS_SOURCE_DIMENSION,REJECT,DYADIC_FAMILY,NEEDS_SOURCE_DIMENSION,0.13797,4,,DYADIC_FAMILY,absolute diameter by drone photogrammetry or diagram scale,MODEL_COMPARISON_ONLY
CC-2019-06-11-OWSLEBURY-HANTS,"Owslebury, Hants",https://www.cropcirclecenter.com/ccdata/2019/06/11/UK20190611_A.html,106,0.285,NEEDS_SOURCE_DIMENSION,REJECT,DYADIC_FAMILY,NEEDS_SOURCE_DIMENSION,0.104138,8,,DYADIC_FAMILY,absolute diameter by drone photogrammetry or diagram scale,MODEL_COMPARISON_ONLY
CC-2020-07-07-STANTON-ST-BERNARD-WILTS,"Stanton St. Bernard, Wilts",https://www.cropcirclecenter.com/ccdata/2020/07/07/UK20200707_A.html,107,0.275,NEEDS_SOURCE_DIMENSION,NO_RATIO,DYADIC_FAMILY,NEEDS_SOURCE_DIMENSION,,4,,DYADIC_FAMILY,absolute diameter by drone photogrammetry or diagram scale,MODEL_COMPARISON_ONLY
CC-2020-07-16-LUXENBOROUGH-WILTSHIRE,Luxenborough | Wiltshire,https://www.cropcirclecenter.com/ccdata/2020/07/16/UK20200716_A.html,108,0.275,NEEDS_SOURCE_DIMENSION,NO_RATIO,DYADIC_FAMILY,NEEDS_SOURCE_DIMENSION,,4,,DYADIC_FAMILY,absolute diameter by drone photogrammetry or diagram scale,MODEL_COMPARISON_ONLY
CC-2020-07-16-STONEHENGE-WILTS,"Stonehenge, Wilts",https://temporarytemples.co.uk/project/stonehenge-wilts-16th-july-2020,109,0.275,NEEDS_SOURCE_DIMENSION,NO_RATIO,DYADIC_FAMILY,NEEDS_SOURCE_DIMENSION,,4,,DYADIC_FAMILY,absolute diameter by drone photogrammetry or diagram scale,MODEL_COMPARISON_ONLY
CC-2021-05-10-STANTON-ST-BERNARD-WILTS,"Stanton St. Bernard, Wilts",https://www.cropcirclecenter.com/ccdata/2021/05/10/UK20210510_A.html,110,0.275,NEEDS_SOURCE_DIMENSION,NO_RATIO,DYADIC_FAMILY,NEEDS_SOURCE_DIMENSION,,8,,DYADIC_FAMILY,absolute diameter by drone photogrammetry or diagram scale,MODEL_COMPARISON_ONLY
CC-2021-07-05-HACKPEN-HILL-WILTSHIRE,Hackpen Hill | Wiltshire,https://www.cropcirclecenter.com/ccdata/2021/07/05/UK20210705_A.html,111,0.275,NEEDS_SOURCE_DIMENSION,NO_RATIO,DYADIC_FAMILY,NEEDS_SOURCE_DIMENSION,,4,,DYADIC_FAMILY,absolute diameter by drone photogrammetry or diagram scale,MODEL_COMPARISON_ONLY
CC-2022-06-03-STANTON-ST-BERNARD-WILTSHIRE,Stanton St Bernard | Wiltshire,https://www.cropcirclecenter.com/ccdata/2022/06/03/UK20220603_A.html,112,0.275,NEEDS_SOURCE_DIMENSION,NO_RATIO,DYADIC_FAMILY,NEEDS_SOURCE_DIMENSION,,4,,DYADIC_FAMILY,absolute diameter by drone photogrammetry or diagram scale,MODEL_COMPARISON_ONLY
CC-2024-07-23-MARTEN-MARLBOROUGH-WILTS,"Marten (Marlborough), Wilts",https://temporarytemples.co.uk/project/marten-2024,113,0.275,NEEDS_SOURCE_DIMENSION,NO_RATIO,DYADIC_FAMILY,NEEDS_SOURCE_DIMENSION,,4,,DYADIC_FAMILY,absolute diameter by drone photogrammetry or diagram scale,MODEL_COMPARISON_ONLY
CC-2025-07-25-WILMINGTON-EAST-SUSSEX,Wilmington | East Sussex,https://www.cropcirclecenter.com/ccdata/2025/07/25/UK20250725_A.html,114,0.275,NEEDS_SOURCE_DIMENSION,NO_RATIO,DYADIC_FAMILY,NEEDS_SOURCE_DIMENSION,,4,,DYADIC_FAMILY,absolute diameter by drone photogrammetry or diagram scale,MODEL_COMPARISON_ONLY
CC-2026-06-21-KINGWESTON-2-WILTS-2,Kingweston (2) | Somerset,https://temporarytemples.co.uk/project/kingweston2-2026,115,0.275,NEEDS_SOURCE_DIMENSION,NO_RATIO,DYADIC_FAMILY,NEEDS_SOURCE_DIMENSION,,4,,DYADIC_FAMILY,absolute diameter by drone photogrammetry or diagram scale,MODEL_COMPARISON_ONLY
CC-2005-06-22-LURKELEY-HILL-WILTSHIRE-2,Lurkeley Hill | Wiltshire,https://www.cropcirclecenter.com/ccdata/2005/06/22/UK20050622_B.html,116,0.27,NEEDS_SOURCE_DIMENSION,REJECT,PRIME_FAMILY,NEEDS_SOURCE_DIMENSION,0.329182,23,,PRIME_FAMILY,absolute diameter by drone photogrammetry or diagram scale,MODEL_COMPARISON_ONLY
CC-2005-06-26-SILBURY-HILL-WILTSHIRE,Silbury Hill | Wiltshire,https://www.cropcirclecenter.com/ccdata/2005/06/26/UK20050626_A.html,117,0.27,NEEDS_SOURCE_DIMENSION,REJECT,PRIME_FAMILY,NEEDS_SOURCE_DIMENSION,0.342864,3,,PRIME_FAMILY,absolute diameter by drone photogrammetry or diagram scale,MODEL_COMPARISON_ONLY
CC-2005-07-10-CHALFONT-ST-PETER-BUCKINGHAMSHIRE,Chalfont St Peter | Buckinghamshire,https://www.cropcirclecenter.com/ccdata/2005/07/10/UK20050710_A.html,118,0.27,NEEDS_SOURCE_DIMENSION,REJECT,PRIME_FAMILY,NEEDS_SOURCE_DIMENSION,0.780892,19,,PRIME_FAMILY,absolute diameter by drone photogrammetry or diagram scale,MODEL_COMPARISON_ONLY
CC-2006-05-19-ROCHETTA-BELBO-PIEMONTE,Rochetta Belbo | Piemonte,https://www.cropcirclecenter.com/ccdata/2006/05/19/IT20060519_A.html,119,0.27,NEEDS_SOURCE_DIMENSION,REJECT,PRIME_FAMILY,NEEDS_SOURCE_DIMENSION,0.352852,3,,PRIME_FAMILY,absolute diameter by drone photogrammetry or diagram scale,MODEL_COMPARISON_ONLY
CC-2006-07-08-UFFINGTON-OXFORDSHIRE-3,Uffington | Oxfordshire,https://www.cropcirclecenter.com/ccdata/2006/07/08/UK20060708_C.html,120,0.27,NEEDS_SOURCE_DIMENSION,REJECT,PRIME_FAMILY,NEEDS_SOURCE_DIMENSION,0.047769,23,,PRIME_FAMILY,absolute diameter by drone photogrammetry or diagram scale,MODEL_COMPARISON_ONLY
CC-2006-08-08-BEARSTEAD-KENT,Bearstead | Kent,https://www.cropcirclecenter.com/ccdata/2006/08/08/UK20060808_A.html,121,0.27,NEEDS_SOURCE_DIMENSION,REJECT,PRIME_FAMILY,NEEDS_SOURCE_DIMENSION,0.269199,7,,PRIME_FAMILY,absolute diameter by drone photogrammetry or diagram scale,MODEL_COMPARISON_ONLY
CC-2007-05-28-VILLAMARZANA-VENETO,Villamarzana | Veneto,https://www.cropcirclecenter.com/ccdata/2007/05/28/IT20070528_A.html,122,0.27,NEEDS_SOURCE_DIMENSION,REJECT,PRIME_FAMILY,NEEDS_SOURCE_DIMENSION,0.354088,3,,PRIME_FAMILY,absolute diameter by drone photogrammetry or diagram scale,MODEL_COMPARISON_ONLY
CC-2007-07-13-DOMMARTIN-WAADT,Dommartin | Waadt,https://www.cropcirclecenter.com/ccdata/2007/07/13/CH20070713_A.html,123,0.27,NEEDS_SOURCE_DIMENSION,REJECT,PRIME_FAMILY,NEEDS_SOURCE_DIMENSION,0.04168,23,,PRIME_FAMILY,absolute diameter by drone photogrammetry or diagram scale,MODEL_COMPARISON_ONLY
CC-2007-07-18-WILTON-WATER-GRID-WILTSHIRE-2,Wilton Water Grid | Wiltshire,https://www.cropcirclecenter.com/ccdata/2007/07/18/UK20070718_B.html,124,0.27,NEEDS_SOURCE_DIMENSION,REJECT,PRIME_FAMILY,NEEDS_SOURCE_DIMENSION,0.166746,7,,PRIME_FAMILY,absolute diameter by drone photogrammetry or diagram scale,MODEL_COMPARISON_ONLY
CC-2007-07-21-DANKELSHAUSEN-NIEDERSACHSEN,Dankelshausen | Niedersachsen,https://www.cropcirclecenter.com/ccdata/2007/07/21/DE20070721_A.html,125,0.27,NEEDS_SOURCE_DIMENSION,REJECT,PRIME_FAMILY,NEEDS_SOURCE_DIMENSION,0.255544,7,,PRIME_FAMILY,absolute diameter by drone photogrammetry or diagram scale,MODEL_COMPARISON_ONLY
CC-2007-07-29-AVEBURY-WILTSHIRE,Avebury | Wiltshire,https://www.cropcirclecenter.com/ccdata/2007/07/29/UK20070729_A.html,126,0.27,NEEDS_SOURCE_DIMENSION,REJECT,PRIME_FAMILY,NEEDS_SOURCE_DIMENSION,0.100545,3,,PRIME_FAMILY,absolute diameter by drone photogrammetry or diagram scale,MODEL_COMPARISON_ONLY
CC-2008-06-12-BORYEONG-SI-CHUNGCHEONGNAM-DO,Boryeong-si | Chungcheongnam-do,https://www.cropcirclecenter.com/ccdata/2008/06/12/KR20080612_A.html,127,0.27,NEEDS_SOURCE_DIMENSION,REJECT,PRIME_FAMILY,NEEDS_SOURCE_DIMENSION,0.120714,13,,PRIME_FAMILY,absolute diameter by drone photogrammetry or diagram scale,MODEL_COMPARISON_ONLY
CC-2008-06-13-UFFINGTON-WHITE-HORSE-OXFORDSHIRE,Uffington White Horse | Oxfordshire,https://www.cropcirclecenter.com/ccdata/2008/06/13/UK20080613_A.html,128,0.27,NEEDS_SOURCE_DIMENSION,REJECT,PRIME_FAMILY,NEEDS_SOURCE_DIMENSION,0.035238,3,,PRIME_FAMILY,absolute diameter by drone photogrammetry or diagram scale,MODEL_COMPARISON_ONLY
CC-2008-06-18-WINTERBOURNE-BASSETT-WILTSHIRE,Winterbourne Bassett | Wiltshire,https://www.cropcirclecenter.com/ccdata/2008/06/18/UK20080618_A.html,129,0.27,NEEDS_SOURCE_DIMENSION,REJECT,PRIME_FAMILY,NEEDS_SOURCE_DIMENSION,0.467852,11,,PRIME_FAMILY,absolute diameter by drone photogrammetry or diagram scale,MODEL_COMPARISON_ONLY
CC-2008-07-17-B-RDEL-NIEDERSACHSEN,Bördel | Niedersachsen,https://www.cropcirclecenter.com/ccdata/2008/07/17/DE20080717_A.html,130,0.27,NEEDS_SOURCE_DIMENSION,REJECT,PRIME_FAMILY,NEEDS_SOURCE_DIMENSION,0.07317,11,,PRIME_FAMILY,absolute diameter by drone photogrammetry or diagram scale,MODEL_COMPARISON_ONLY
CC-2008-07-26-WARNFORD-HAMPSHIRE-2,Warnford | Hampshire,https://www.cropcirclecenter.com/ccdata/2008/07/26/UK20080726_B.html,131,0.27,NEEDS_SOURCE_DIMENSION,REJECT,PRIME_FAMILY,NEEDS_SOURCE_DIMENSION,0.874996,3,,PRIME_FAMILY,absolute diameter by drone photogrammetry or diagram scale,MODEL_COMPARISON_ONLY
CC-2008-07-28-MARTINSELL-HILL-WILTSHIRE-2,Martinsell Hill | Wiltshire,https://www.cropcirclecenter.com/ccdata/2008/07/28/UK20080728_B.html,132,0.27,NEEDS_SOURCE_DIMENSION,REJECT,PRIME_FAMILY,NEEDS_SOURCE_DIMENSION,0.27262,3,,PRIME_FAMILY,absolute diameter by drone photogrammetry or diagram scale,MODEL_COMPARISON_ONLY
CC-2008-07-31-MARKSUHL-TH-RINGEN,Marksuhl | Thüringen,https://www.cropcirclecenter.com/ccdata/2008/07/31/DE20080731_A.html,133,0.27,NEEDS_SOURCE_DIMENSION,REJECT,PRIME_FAMILY,NEEDS_SOURCE_DIMENSION,0.57091,5,,PRIME_FAMILY,absolute diameter by drone photogrammetry or diagram scale,MODEL_COMPARISON_ONLY
CC-2008-08-14-BARTON-LE-CLEY-BEDFORDSHIRE,Barton-Le-Cley | Bedfordshire,https://www.cropcirclecenter.com/ccdata/2008/08/14/UK20080814_A.html,134,0.27,NEEDS_SOURCE_DIMENSION,REJECT,PRIME_FAMILY,NEEDS_SOURCE_DIMENSION,0.748404,11,,PRIME_FAMILY,absolute diameter by drone photogrammetry or diagram scale,MODEL_COMPARISON_ONLY
CC-2008-08-23-HONEYSTREET-WILTSHIRE,Honeystreet | Wiltshire,https://www.cropcirclecenter.com/ccdata/2008/08/23/UK20080823_A.html,135,0.27,NEEDS_SOURCE_DIMENSION,REJECT,PRIME_FAMILY,NEEDS_SOURCE_DIMENSION,0.167805,3,,PRIME_FAMILY,absolute diameter by drone photogrammetry or diagram scale,MODEL_COMPARISON_ONLY
CC-2009-06-05-CHISELDON-WILTSHIRE,Chiseldon | Wiltshire,https://www.cropcirclecenter.com/ccdata/2009/06/05/UK20090605_A.html,136,0.27,NEEDS_SOURCE_DIMENSION,REJECT,PRIME_FAMILY,NEEDS_SOURCE_DIMENSION,0.128236,3,,PRIME_FAMILY,absolute diameter by drone photogrammetry or diagram scale,MODEL_COMPARISON_ONLY
CC-2009-06-28-BECKHAMPTON-WILTSHIRE,Beckhampton | Wiltshire,https://www.cropcirclecenter.com/ccdata/2009/06/28/UK20090628_A.html,137,0.27,NEEDS_SOURCE_DIMENSION,REJECT,PRIME_FAMILY,NEEDS_SOURCE_DIMENSION,0.090486,3,,PRIME_FAMILY,absolute diameter by drone photogrammetry or diagram scale,MODEL_COMPARISON_ONLY
CC-2009-07-05-SILBURY-HILL-WILTSHIRE-2,Silbury Hill | Wiltshire,https://www.cropcirclecenter.com/ccdata/2009/07/05/UK20090705_B.html,138,0.27,NEEDS_SOURCE_DIMENSION,REJECT,PRIME_FAMILY,NEEDS_SOURCE_DIMENSION,0.037973,23,,PRIME_FAMILY,absolute diameter by drone photogrammetry or diagram scale,MODEL_COMPARISON_ONLY
CC-2009-08-06-WINDMILL-HILL-WILTSHIRE,Windmill Hill | Wiltshire,https://www.cropcirclecenter.com/ccdata/2009/08/06/UK20090806_A.html,139,0.27,NEEDS_SOURCE_DIMENSION,REJECT,PRIME_FAMILY,NEEDS_SOURCE_DIMENSION,0.106146,5,,PRIME_FAMILY,absolute diameter by drone photogrammetry or diagram scale,MODEL_COMPARISON_ONLY
CC-2010-05-31-SILBURY-HILL-WILTSHIRE,Silbury Hill | Wiltshire,https://www.cropcirclecenter.com/ccdata/2010/05/31/UK20100531_A.html,140,0.27,NEEDS_SOURCE_DIMENSION,REJECT,PRIME_FAMILY,NEEDS_SOURCE_DIMENSION,0.130525,5,,PRIME_FAMILY,absolute diameter by drone photogrammetry or diagram scale,MODEL_COMPARISON_ONLY
CC-2010-06-05-MONTAGNANA-VENETO,Montagnana | Veneto,https://www.cropcirclecenter.com/ccdata/2010/06/05/IT20100605_A.html,141,0.27,NEEDS_SOURCE_DIMENSION,REJECT,PRIME_FAMILY,NEEDS_SOURCE_DIMENSION,0.433949,3,,PRIME_FAMILY,absolute diameter by drone photogrammetry or diagram scale,MODEL_COMPARISON_ONLY
CC-2010-06-16-CHIRTON-BOTTOM-WILTSHIRE,Chirton Bottom | Wiltshire,https://www.cropcirclecenter.com/ccdata/2010/06/16/UK20100616_A.html,142,0.27,NEEDS_SOURCE_DIMENSION,REJECT,PRIME_FAMILY,NEEDS_SOURCE_DIMENSION,0.143033,7,,PRIME_FAMILY,absolute diameter by drone photogrammetry or diagram scale,MODEL_COMPARISON_ONLY
CC-2010-06-26-VISTARINO-LOMBARDIA,Vistarino | Lombardia,https://www.cropcirclecenter.com/ccdata/2010/06/26/IT20100626_A.html,143,0.27,NEEDS_SOURCE_DIMENSION,REJECT,PRIME_FAMILY,NEEDS_SOURCE_DIMENSION,0.059381,3,,PRIME_FAMILY,absolute diameter by drone photogrammetry or diagram scale,MODEL_COMPARISON_ONLY
CC-2010-06-28-LIBOUCHEC-USTECKY-KRAJ,Libouchec | Ustecky kraj,https://www.cropcirclecenter.com/ccdata/2010/06/28/CZ20100628_A.html,144,0.27,NEEDS_SOURCE_DIMENSION,REJECT,PRIME_FAMILY,NEEDS_SOURCE_DIMENSION,0.233178,5,,PRIME_FAMILY,absolute diameter by drone photogrammetry or diagram scale,MODEL_COMPARISON_ONLY
CC-2010-06-29-BELLOCCHI-MARCHE-3,Bellocchi | Marche,https://www.cropcirclecenter.com/ccdata/2010/06/29/IT20100629_C.html,145,0.27,NEEDS_SOURCE_DIMENSION,REJECT,PRIME_FAMILY,NEEDS_SOURCE_DIMENSION,0.059381,3,,PRIME_FAMILY,absolute diameter by drone photogrammetry or diagram scale,MODEL_COMPARISON_ONLY
CC-2010-07-05-SUTTON-BANK-NORTH-YORKSHIRE-3,Sutton Bank | North Yorkshire,https://www.cropcirclecenter.com/ccdata/2010/07/05/UK20100705_C.html,146,0.27,NEEDS_SOURCE_DIMENSION,REJECT,PRIME_FAMILY,NEEDS_SOURCE_DIMENSION,0.260266,7,,PRIME_FAMILY,absolute diameter by drone photogrammetry or diagram scale,MODEL_COMPARISON_ONLY
CC-2010-07-08-HOCHFELDEN-Z-RICH,Hochfelden | Zürich,https://www.cropcirclecenter.com/ccdata/2010/07/08/CH20100708_A.html,147,0.27,NEEDS_SOURCE_DIMENSION,REJECT,PRIME_FAMILY,NEEDS_SOURCE_DIMENSION,0.442128,19,,PRIME_FAMILY,absolute diameter by drone photogrammetry or diagram scale,MODEL_COMPARISON_ONLY
CC-2010-07-08-JITRAVA-LIBERECKY-KRAJ,Jitrava | Liberecky kraj,https://www.cropcirclecenter.com/ccdata/2010/07/08/CZ20100708_A.html,148,0.27,NEEDS_SOURCE_DIMENSION,REJECT,PRIME_FAMILY,NEEDS_SOURCE_DIMENSION,0.226048,41,,PRIME_FAMILY,absolute diameter by drone photogrammetry or diagram scale,MODEL_COMPARISON_ONLY
CC-2010-09-26-BISHOPS-CANNINGS-WILTSHIRE,Bishops Cannings | Wiltshire,https://www.cropcirclecenter.com/ccdata/2010/09/26/UK20100926_A.html,149,0.27,NEEDS_SOURCE_DIMENSION,REJECT,PRIME_FAMILY,NEEDS_SOURCE_DIMENSION,0.321584,5,,PRIME_FAMILY,absolute diameter by drone photogrammetry or diagram scale,MODEL_COMPARISON_ONLY
CC-2011-01-23-SLEMAN-YOGYAKARTA,Sleman | Yogyakarta,https://www.cropcirclecenter.com/ccdata/2011/01/23/ID20110123_A.html,150,0.27,NEEDS_SOURCE_DIMENSION,REJECT,PRIME_FAMILY,NEEDS_SOURCE_DIMENSION,0.101072,17,,PRIME_FAMILY,absolute diameter by drone photogrammetry or diagram scale,MODEL_COMPARISON_ONLY
CC-2011-01-25-WANUJOYO-YOGYAKARTA,Wanujoyo | Yogyakarta,https://www.cropcirclecenter.com/ccdata/2011/01/25/ID20110125_A.html,151,0.27,NEEDS_SOURCE_DIMENSION,REJECT,PRIME_FAMILY,NEEDS_SOURCE_DIMENSION,0.055075,17,,PRIME_FAMILY,absolute diameter by drone photogrammetry or diagram scale,MODEL_COMPARISON_ONLY
CC-2011-05-12-OUDENBUSCH-NOORD-BRABANT,Oudenbusch | Noord-Brabant,https://www.cropcirclecenter.com/ccdata/2011/05/12/NL20110512_A.html,152,0.27,NEEDS_SOURCE_DIMENSION,REJECT,PRIME_FAMILY,NEEDS_SOURCE_DIMENSION,0.264272,7,,PRIME_FAMILY,absolute diameter by drone photogrammetry or diagram scale,MODEL_COMPARISON_ONLY
CC-2011-06-09-KINGSTONE-COOMBES-WILTSHIRE,Kingstone Coombes | Wiltshire,https://www.cropcirclecenter.com/ccdata/2011/06/09/UK20110609_A.html,153,0.27,NEEDS_SOURCE_DIMENSION,REJECT,PRIME_FAMILY,NEEDS_SOURCE_DIMENSION,0.039213,3,,PRIME_FAMILY,absolute diameter by drone photogrammetry or diagram scale,MODEL_COMPARISON_ONLY
CC-2011-06-22-ALTON-BARNES-WILTSHIRE,Alton Barnes | Wiltshire,https://www.cropcirclecenter.com/ccdata/2011/06/22/UK20110622_A.html,154,0.27,NEEDS_SOURCE_DIMENSION,REJECT,PRIME_FAMILY,NEEDS_SOURCE_DIMENSION,0.225397,3,,PRIME_FAMILY,absolute diameter by drone photogrammetry or diagram scale,MODEL_COMPARISON_ONLY
CC-2011-07-13-STONEHENGE-WILTSHIRE-2,Stonehenge | Wiltshire,https://www.cropcirclecenter.com/ccdata/2011/07/13/UK20110713_B.html,155,0.27,NEEDS_SOURCE_DIMENSION,REJECT,PRIME_FAMILY,NEEDS_SOURCE_DIMENSION,0.051282,3,,PRIME_FAMILY,absolute diameter by drone photogrammetry or diagram scale,MODEL_COMPARISON_ONLY
CC-2011-07-26-WINDMILL-HILL-WILTSHIRE-2,Windmill Hill | Wiltshire,https://www.cropcirclecenter.com/ccdata/2011/07/25/UK20110725_B.html,156,0.27,NEEDS_SOURCE_DIMENSION,REJECT,PRIME_FAMILY,NEEDS_SOURCE_DIMENSION,0.268818,5,,PRIME_FAMILY,absolute diameter by drone photogrammetry or diagram scale,MODEL_COMPARISON_ONLY
CC-2012-06-17-BERKLEY-LANE-SOMERSET,Berkley Lane | Somerset,https://www.cropcirclecenter.com/ccdata/2012/06/17/UK20120617_A.html,157,0.27,NEEDS_SOURCE_DIMENSION,REJECT,PRIME_FAMILY,NEEDS_SOURCE_DIMENSION,0.43145,3,,PRIME_FAMILY,absolute diameter by drone photogrammetry or diagram scale,MODEL_COMPARISON_ONLY
CC-2012-07-15-MOHELNICE-JIZEROU-STREDOCESKY-KRAJ,Mohelnice Jizerou | Stredocesky kraj,https://www.cropcirclecenter.com/ccdata/2012/07/15/CZ20120715_A.html,158,0.27,NEEDS_SOURCE_DIMENSION,REJECT,PRIME_FAMILY,NEEDS_SOURCE_DIMENSION,0.481293,7,,PRIME_FAMILY,absolute diameter by drone photogrammetry or diagram scale,MODEL_COMPARISON_ONLY
CC-2012-07-28-HANNINGTON-WILTSHIRE-2,Hannington | Wiltshire,https://www.cropcirclecenter.com/ccdata/2012/07/28/UK20120728_B.html,159,0.27,NEEDS_SOURCE_DIMENSION,REJECT,PRIME_FAMILY,NEEDS_SOURCE_DIMENSION,0.07655,13,,PRIME_FAMILY,absolute diameter by drone photogrammetry or diagram scale,MODEL_COMPARISON_ONLY
CC-2012-09-23-TLAPANALOYA-MEXICO,Tlapanaloya | Mexico,https://www.cropcirclecenter.com/ccdata/2012/09/23/ME20120923_A.html,160,0.27,NEEDS_SOURCE_DIMENSION,REJECT,PRIME_FAMILY,NEEDS_SOURCE_DIMENSION,0.955094,11,,PRIME_FAMILY,absolute diameter by drone photogrammetry or diagram scale,MODEL_COMPARISON_ONLY
CC-2013-07-18-ROHOZN-JIHOCESKY-KRAJ,Rohozná | Jihocesky kraj,https://www.cropcirclecenter.com/ccdata/2013/07/18/CZ20130718_A.html,161,0.27,NEEDS_SOURCE_DIMENSION,REJECT,PRIME_FAMILY,NEEDS_SOURCE_DIMENSION,0.20325,3,,PRIME_FAMILY,absolute diameter by drone photogrammetry or diagram scale,MODEL_COMPARISON_ONLY
CC-2013-07-22-GIANT-S-GRAVE-WILTSHIRE,Giant's Grave | Wiltshire,https://www.cropcirclecenter.com/ccdata/2013/07/22/UK20130722_A.html,162,0.27,NEEDS_SOURCE_DIMENSION,REJECT,PRIME_FAMILY,NEEDS_SOURCE_DIMENSION,0.791958,5,,PRIME_FAMILY,absolute diameter by drone photogrammetry or diagram scale,MODEL_COMPARISON_ONLY
CC-2013-08-06-STANDDAARDBUITEN-NOORD-BRABANT,Standdaardbuiten | Noord Brabant,https://www.cropcirclecenter.com/ccdata/2013/08/06/NL20130806_A.html,163,0.27,NEEDS_SOURCE_DIMENSION,REJECT,PRIME_FAMILY,NEEDS_SOURCE_DIMENSION,0.372177,11,,PRIME_FAMILY,absolute diameter by drone photogrammetry or diagram scale,MODEL_COMPARISON_ONLY
CC-2013-08-19-ETCHILHAMPTON-WILTSHIRE,Etchilhampton | Wiltshire,https://www.cropcirclecenter.com/ccdata/2013/08/19/UK20130819_A.html,164,0.27,NEEDS_SOURCE_DIMENSION,REJECT,PRIME_FAMILY,NEEDS_SOURCE_DIMENSION,0.283354,5,,PRIME_FAMILY,absolute diameter by drone photogrammetry or diagram scale,MODEL_COMPARISON_ONLY
CC-2014-04-05-HOEVEN-NOORD-BRABANT,Hoeven | Noord Brabant,https://www.cropcirclecenter.com/ccdata/2014/04/05/NL20140405_A.html,165,0.27,NEEDS_SOURCE_DIMENSION,REJECT,PRIME_FAMILY,NEEDS_SOURCE_DIMENSION,0.113075,11,,PRIME_FAMILY,absolute diameter by drone photogrammetry or diagram scale,MODEL_COMPARISON_ONLY
CC-2014-06-14-BESFORD-WORCESTERSHIRE,Besford | Worcestershire,https://www.cropcirclecenter.com/ccdata/2014/06/14/UK20140614_A.html,166,0.27,NEEDS_SOURCE_DIMENSION,REJECT,PRIME_FAMILY,NEEDS_SOURCE_DIMENSION,0.11983,5,,PRIME_FAMILY,absolute diameter by drone photogrammetry or diagram scale,MODEL_COMPARISON_ONLY
CC-2014-06-28-BOSKOVICE-JIHOMORAVSKY-KRAJ,Boskovice | Jihomoravsky kraj,https://www.cropcirclecenter.com/ccdata/2014/06/28/CZ20140628_A.html,167,0.27,NEEDS_SOURCE_DIMENSION,REJECT,PRIME_FAMILY,NEEDS_SOURCE_DIMENSION,0.043813,3,,PRIME_FAMILY,absolute diameter by drone photogrammetry or diagram scale,MODEL_COMPARISON_ONLY
CC-2014-07-08-HACKPEN-HILL-WILTSHIRE-2,Hackpen Hill | Wiltshire,https://www.cropcirclecenter.com/ccdata/2014/07/08/UK20140708_B.html,168,0.27,NEEDS_SOURCE_DIMENSION,REJECT,PRIME_FAMILY,NEEDS_SOURCE_DIMENSION,0.708777,17,,PRIME_FAMILY,absolute diameter by drone photogrammetry or diagram scale,MODEL_COMPARISON_ONLY
CC-2015-05-08-FANGSHAN-DISTRICT-BEJING,Fangshan District | Bejing,https://www.cropcirclecenter.com/ccdata/2015/05/08/CN20150508_A.html,169,0.27,NEEDS_SOURCE_DIMENSION,REJECT,PRIME_FAMILY,NEEDS_SOURCE_DIMENSION,0.109693,7,,PRIME_FAMILY,absolute diameter by drone photogrammetry or diagram scale,MODEL_COMPARISON_ONLY
CC-2015-06-23-TORINO-PIEMONT,Torino | Piemont,https://www.cropcirclecenter.com/ccdata/2015/06/23/IT20150623_A.html,170,0.27,NEEDS_SOURCE_DIMENSION,REJECT,PRIME_FAMILY,NEEDS_SOURCE_DIMENSION,0.571724,13,,PRIME_FAMILY,absolute diameter by drone photogrammetry or diagram scale,MODEL_COMPARISON_ONLY
CC-2015-07-10-STONEHENGE-WILTSHIRE,Stonehenge | Wiltshire,https://www.cropcirclecenter.com/ccdata/2015/07/10/UK20150710_A.html,171,0.27,NEEDS_SOURCE_DIMENSION,REJECT,PRIME_FAMILY,NEEDS_SOURCE_DIMENSION,0.698221,13,,PRIME_FAMILY,absolute diameter by drone photogrammetry or diagram scale,MODEL_COMPARISON_ONLY
CC-2016-06-05-WILLOUGHBY-HEDGE-WILTSHIRE-2,Willoughby Hedge | Wiltshire,https://www.cropcirclecenter.com/ccdata/2016/06/05/UK20160605_B.html,172,0.27,NEEDS_SOURCE_DIMENSION,REJECT,PRIME_FAMILY,NEEDS_SOURCE_DIMENSION,0.109887,11,,PRIME_FAMILY,absolute diameter by drone photogrammetry or diagram scale,MODEL_COMPARISON_ONLY
CC-2016-06-23-HACKPEN-HILL-WILTSHIRE,"Hackpen Hill, Wiltshire",https://temporarytemples.co.uk/project/hackpen-hill-wiltshire-23rd-june-2016,173,0.27,NEEDS_SOURCE_DIMENSION,REJECT,PRIME_FAMILY,NEEDS_SOURCE_DIMENSION,0.04198,5,,PRIME_FAMILY,absolute diameter by drone photogrammetry or diagram scale,MODEL_COMPARISON_ONLY
CC-2016-07-20-BURDEROP-DOWN-WILTSHIRE,Burderop Down | Wiltshire,https://www.cropcirclecenter.com/ccdata/2016/07/20/UK20160720_A.html,174,0.27,NEEDS_SOURCE_DIMENSION,REJECT,PRIME_FAMILY,NEEDS_SOURCE_DIMENSION,0.182142,13,,PRIME_FAMILY,absolute diameter by drone photogrammetry or diagram scale,MODEL_COMPARISON_ONLY
CC-2017-05-28-SALENGHE-PIEMONTE,Salenghe | Piemonte,https://www.cropcirclecenter.com/ccdata/2017/05/28/IT20170528_A.html,175,0.27,NEEDS_SOURCE_DIMENSION,REJECT,PRIME_FAMILY,NEEDS_SOURCE_DIMENSION,0.255641,5,,PRIME_FAMILY,absolute diameter by drone photogrammetry or diagram scale,MODEL_COMPARISON_ONLY
CC-2017-09-17-BOOSCHENHOOFD-NOORD-BRABANT,Booschenhoofd | Noord Brabant,https://www.cropcirclecenter.com/ccdata/2017/09/17/NL20170917_A.html,176,0.27,NEEDS_SOURCE_DIMENSION,REJECT,PRIME_FAMILY,NEEDS_SOURCE_DIMENSION,0.361513,3,,PRIME_FAMILY,absolute diameter by drone photogrammetry or diagram scale,MODEL_COMPARISON_ONLY
CC-2017-10-01-ZOLLIKOFEN-BERN,Zollikofen | Bern,https://www.cropcirclecenter.com/ccdata/2017/10/01/CH20171001_A.html,177,0.27,NEEDS_SOURCE_DIMENSION,REJECT,PRIME_FAMILY,NEEDS_SOURCE_DIMENSION,0.420035,13,,PRIME_FAMILY,absolute diameter by drone photogrammetry or diagram scale,MODEL_COMPARISON_ONLY
CC-2018-06-17-CASCINA-GEROMINA-PIEMONTE,Cascina Geromina | Piemonte,https://www.cropcirclecenter.com/ccdata/2018/06/17/IT20180617_A.html,178,0.27,NEEDS_SOURCE_DIMENSION,REJECT,PRIME_FAMILY,NEEDS_SOURCE_DIMENSION,0.199068,19,,PRIME_FAMILY,absolute diameter by drone photogrammetry or diagram scale,MODEL_COMPARISON_ONLY
CC-2019-04-12-QINGHAI-LAKE-QINGHAI,Qinghai Lake | Qinghai,https://www.cropcirclecenter.com/ccdata/2019/04/12/CN20190412_A.html,179,0.27,NEEDS_SOURCE_DIMENSION,REJECT,PRIME_FAMILY,NEEDS_SOURCE_DIMENSION,0.106873,7,,PRIME_FAMILY,absolute diameter by drone photogrammetry or diagram scale,MODEL_COMPARISON_ONLY
CC-2019-06-27-L-SSLINGEN-THUN,Lüsslingen | Thun,https://www.cropcirclecenter.com/ccdata/2019/06/27/CH20190627_A.html,180,0.27,NEEDS_SOURCE_DIMENSION,REJECT,PRIME_FAMILY,NEEDS_SOURCE_DIMENSION,0.898298,3,,PRIME_FAMILY,absolute diameter by drone photogrammetry or diagram scale,MODEL_COMPARISON_ONLY
CC-2020-05-28-POTTERNE-WILTS,"Potterne, Wilts",https://www.cropcirclecenter.com/ccdata/2020/05/28/UK20200528_A.html,181,0.26,NEEDS_SOURCE_DIMENSION,NO_RATIO,PRIME_FAMILY,NEEDS_SOURCE_DIMENSION,,5,,PRIME_FAMILY,absolute diameter by drone photogrammetry or diagram scale,MODEL_COMPARISON_ONLY
CC-2020-06-02-BREDA-NOORD-BRABANT,Breda | Noord Brabant,https://www.cropcirclecenter.com/ccdata/2020/06/02/NL20200602_A.html,182,0.26,NEEDS_SOURCE_DIMENSION,NO_RATIO,PRIME_FAMILY,NEEDS_SOURCE_DIMENSION,,5,,PRIME_FAMILY,absolute diameter by drone photogrammetry or diagram scale,MODEL_COMPARISON_ONLY
CC-2020-06-02-HOEVEN-NOORD-BRABANT-2,Hoeven | Noord Brabant,https://www.cropcirclecenter.com/ccdata/2020/06/02/NL20200602_B.html,183,0.26,NEEDS_SOURCE_DIMENSION,NO_RATIO,PRIME_FAMILY,NEEDS_SOURCE_DIMENSION,,3,,PRIME_FAMILY,absolute diameter by drone photogrammetry or diagram scale,MODEL_COMPARISON_ONLY
CC-2020-07-12-FROME-SOMERSET-2,Frome | Somerset,https://www.cropcirclecenter.com/ccdata/2020/07/12/UK20200712_B.html,184,0.26,NEEDS_SOURCE_DIMENSION,NO_RATIO,PRIME_FAMILY,NEEDS_SOURCE_DIMENSION,,3,,PRIME_FAMILY,absolute diameter by drone photogrammetry or diagram scale,MODEL_COMPARISON_ONLY
CC-2021-06-08-WOTTEN-RIVERS-WILTSHIRE-2,Wotten Rivers | Wiltshire,https://www.cropcirclecenter.com/ccdata/2021/06/08/UK20210608_B.html,185,0.26,NEEDS_SOURCE_DIMENSION,NO_RATIO,PRIME_FAMILY,NEEDS_SOURCE_DIMENSION,,5,,PRIME_FAMILY,absolute diameter by drone photogrammetry or diagram scale,MODEL_COMPARISON_ONLY
CC-2021-06-15-HACKPEN-HILL-WILTSHIRE,Hackpen Hill | Wiltshire,https://www.cropcirclecenter.com/ccdata/2021/06/15/UK20210615_A.html,186,0.26,NEEDS_SOURCE_DIMENSION,NO_RATIO,PRIME_FAMILY,NEEDS_SOURCE_DIMENSION,,7,,PRIME_FAMILY,absolute diameter by drone photogrammetry or diagram scale,MODEL_COMPARISON_ONLY
CC-2021-07-13-WRZE-NIA-GREATER-POLAND,Września | Greater Poland,https://www.cropcirclecenter.com/ccdata/2021/07/13/PL20210713_A.html,187,0.26,NEEDS_SOURCE_DIMENSION,NO_RATIO,PRIME_FAMILY,NEEDS_SOURCE_DIMENSION,,7,,PRIME_FAMILY,absolute diameter by drone photogrammetry or diagram scale,MODEL_COMPARISON_ONLY
CC-2021-07-30-SZCZECINEK-ZACHODNIOPOMORSKIE,Szczecinek | Zachodniopomorskie,https://www.cropcirclecenter.com/ccdata/2021/07/30/PL20210730_A.html,188,0.26,NEEDS_SOURCE_DIMENSION,NO_RATIO,PRIME_FAMILY,NEEDS_SOURCE_DIMENSION,,5,,PRIME_FAMILY,absolute diameter by drone photogrammetry or diagram scale,MODEL_COMPARISON_ONLY
CC-2021-08-30-TODWICK-SOUTH-YORKSHIRE,Todwick | South Yorkshire,https://www.cropcirclecenter.com/ccdata/2021/08/30/UK20210830_A.html,189,0.26,NEEDS_SOURCE_DIMENSION,NO_RATIO,PRIME_FAMILY,NEEDS_SOURCE_DIMENSION,,3,,PRIME_FAMILY,absolute diameter by drone photogrammetry or diagram scale,MODEL_COMPARISON_ONLY
CC-2024-07-19-BADBURY-RINGS-SHAPWICK-DORSET,"Badbury Rings (Shapwick), Dorset",https://temporarytemples.co.uk/project/badbury-rings-2024,190,0.26,NEEDS_SOURCE_DIMENSION,NO_RATIO,PRIME_FAMILY,NEEDS_SOURCE_DIMENSION,,5,,PRIME_FAMILY,absolute diameter by drone photogrammetry or diagram scale,MODEL_COMPARISON_ONLY
CC-2025-06-10-WILSFORD-SHAFT-WILTHSIRE,Wilsford Shaft | Wilthsire,https://www.cropcirclecenter.com/ccdata/2025/06/10/UK20250610_A.html,191,0.26,NEEDS_SOURCE_DIMENSION,NO_RATIO,PRIME_FAMILY,NEEDS_SOURCE_DIMENSION,,3,,PRIME_FAMILY,absolute diameter by drone photogrammetry or diagram scale,MODEL_COMPARISON_ONLY
CC-2025-06-23-UNKNOWN-LOCATION,unknown location,https://www.cropcirclecenter.com/ccdata/2025/06/23/IT20250623_A.html,192,0.26,NEEDS_SOURCE_DIMENSION,NO_RATIO,PRIME_FAMILY,NEEDS_SOURCE_DIMENSION,,7,,PRIME_FAMILY,absolute diameter by drone photogrammetry or diagram scale,MODEL_COMPARISON_ONLY
CC-2026-07-11-DEVIZES-WILTSHIRE,Devizes | Wiltshire,https://www.cropcirclecenter.com/ccdata/2026/07/11/UK20260711_A.html,193,0.26,NEEDS_SOURCE_DIMENSION,NO_RATIO,PRIME_FAMILY,NEEDS_SOURCE_DIMENSION,,13,,PRIME_FAMILY,absolute diameter by drone photogrammetry or diagram scale,MODEL_COMPARISON_ONLY
CC-2026-07-11-ROUNDWAY-WILTS,"Roundway, Wilts",https://temporarytemples.co.uk/project/roundway-2026,194,0.26,NEEDS_SOURCE_DIMENSION,NO_RATIO,PRIME_FAMILY,NEEDS_SOURCE_DIMENSION,,13,,PRIME_FAMILY,absolute diameter by drone photogrammetry or diagram scale,MODEL_COMPARISON_ONLY
CC-1997-08-14-A-CROP-CIRCLE-AT-UPHAM-BISHOP-S-WALTHAM-HAMPSHIRE,"A Crop Circle at Upham, Bishop`s Waltham, Hampshire",https://www.cropcirclearchives.co.uk/archives/1997/quintuplet97.html,195,0.24,NEEDS_SOURCE_DIMENSION,REJECT,COUNT_PRESENT_OTHER_FAMILY,NEEDS_SOURCE_DIMENSION,0.367375,6,,NEEDS_SOURCE_DIMENSION,absolute diameter by drone photogrammetry or diagram scale,MODEL_COMPARISON_ONLY
CC-2005-06-20-MONKTON-DOWN-WILTSHIRE,Monkton Down | Wiltshire,https://www.cropcirclearchives.co.uk/archives/2005/stephen/stephenl2005a.html,196,0.24,NEEDS_SOURCE_DIMENSION,REJECT,COUNT_PRESENT_OTHER_FAMILY,NEEDS_SOURCE_DIMENSION,0.173489,18,,NEEDS_SOURCE_DIMENSION,absolute diameter by drone photogrammetry or diagram scale,MODEL_COMPARISON_ONLY
CC-2005-06-20-STEPHENS-CASTLE-HAMPSHIRE-3,Stephens Castle | Hampshire,https://www.cropcirclecenter.com/ccdata/2005/06/20/UK20050620_C.html,197,0.24,NEEDS_SOURCE_DIMENSION,REJECT,COUNT_PRESENT_OTHER_FAMILY,NEEDS_SOURCE_DIMENSION,0.071841,6,,NEEDS_SOURCE_DIMENSION,absolute diameter by drone photogrammetry or diagram scale,MODEL_COMPARISON_ONLY
CC-2005-08-28-DIEVER-DRENTHE,Diever | Drenthe,https://www.cropcirclecenter.com/ccdata/2005/08/28/NL20050828_A.html,198,0.24,NEEDS_SOURCE_DIMENSION,REJECT,COUNT_PRESENT_OTHER_FAMILY,NEEDS_SOURCE_DIMENSION,0.068205,12,,NEEDS_SOURCE_DIMENSION,absolute diameter by drone photogrammetry or diagram scale,MODEL_COMPARISON_ONLY
CC-2006-06-09-WEST-OVERTON-WILTSHIRE,West Overton | Wiltshire,https://www.cropcirclecenter.com/ccdata/2006/06/09/UK20060609_A.html,199,0.24,NEEDS_SOURCE_DIMENSION,REJECT,COUNT_PRESENT_OTHER_FAMILY,NEEDS_SOURCE_DIMENSION,0.602811,34,,NEEDS_SOURCE_DIMENSION,absolute diameter by drone photogrammetry or diagram scale,MODEL_COMPARISON_ONLY
CC-2006-06-24-BURHAM-KENT,Burham | Kent,https://www.cropcirclecenter.com/ccdata/2006/06/24/UK20060624_A.html,200,0.24,NEEDS_SOURCE_DIMENSION,REJECT,COUNT_PRESENT_OTHER_FAMILY,NEEDS_SOURCE_DIMENSION,0.177502,24,,NEEDS_SOURCE_DIMENSION,absolute diameter by drone photogrammetry or diagram scale,MODEL_COMPARISON_ONLY
CC-2006-07-02-ROLLRIGHT-STONES,Rollright Stones,https://www.cropcirclecenter.com/ccdata/2006/07/02/UK20060702_A.html,201,0.24,NEEDS_SOURCE_DIMENSION,REJECT,COUNT_PRESENT_OTHER_FAMILY,NEEDS_SOURCE_DIMENSION,0.035515,18,,NEEDS_SOURCE_DIMENSION,absolute diameter by drone photogrammetry or diagram scale,MODEL_COMPARISON_ONLY
CC-2006-07-08-WINTERTHUR-Z-RICH,Winterthur | Zürich,https://www.cropcirclecenter.com/ccdata/2006/07/08/CH20060708_A.html,202,0.24,NEEDS_SOURCE_DIMENSION,REJECT,COUNT_PRESENT_OTHER_FAMILY,NEEDS_SOURCE_DIMENSION,0.133991,6,,NEEDS_SOURCE_DIMENSION,absolute diameter by drone photogrammetry or diagram scale,MODEL_COMPARISON_ONLY
CC-2006-07-10-KESSEL-RO-BRABANT,Kessel-Ro | Brabant,https://www.cropcirclecenter.com/ccdata/2006/07/10/BE20060710_A.html,203,0.24,NEEDS_SOURCE_DIMENSION,REJECT,COUNT_PRESENT_OTHER_FAMILY,NEEDS_SOURCE_DIMENSION,0.906385,24,,NEEDS_SOURCE_DIMENSION,absolute diameter by drone photogrammetry or diagram scale,MODEL_COMPARISON_ONLY
CC-2006-07-14-BARBURY-CASTLE-WILTSHIRE,Barbury Castle | Wiltshire,https://www.cropcirclecenter.com/ccdata/2006/07/14/UK20060714_A.html,204,0.24,NEEDS_SOURCE_DIMENSION,REJECT,COUNT_PRESENT_OTHER_FAMILY,NEEDS_SOURCE_DIMENSION,0.034527,18,,NEEDS_SOURCE_DIMENSION,absolute diameter by drone photogrammetry or diagram scale,MODEL_COMPARISON_ONLY
CC-2006-07-17-WATERLOO-BRABANT,Waterloo | Brabant,https://www.cropcirclecenter.com/ccdata/2006/07/17/BE20060717_A.html,205,0.24,NEEDS_SOURCE_DIMENSION,REJECT,COUNT_PRESENT_OTHER_FAMILY,NEEDS_SOURCE_DIMENSION,0.950254,10,,NEEDS_SOURCE_DIMENSION,absolute diameter by drone photogrammetry or diagram scale,MODEL_COMPARISON_ONLY
CC-2006-07-19-G-MMENEN-BERN,Gümmenen | Bern,https://www.cropcirclecenter.com/ccdata/2006/07/19/CH20060719_A.html,206,0.24,NEEDS_SOURCE_DIMENSION,REJECT,COUNT_PRESENT_OTHER_FAMILY,NEEDS_SOURCE_DIMENSION,0.094919,24,,NEEDS_SOURCE_DIMENSION,absolute diameter by drone photogrammetry or diagram scale,MODEL_COMPARISON_ONLY
CC-2006-07-22-WINDMILL-HILL-WILTSHIRE-3,Windmill Hill | Wiltshire,https://www.cropcirclecenter.com/ccdata/2006/07/22/UK20060722_C.html,207,0.24,NEEDS_SOURCE_DIMENSION,REJECT,COUNT_PRESENT_OTHER_FAMILY,NEEDS_SOURCE_DIMENSION,0.046645,9,,NEEDS_SOURCE_DIMENSION,absolute diameter by drone photogrammetry or diagram scale,MODEL_COMPARISON_ONLY
CC-2007-05-03-FORLI-EMILIA-ROMAGNA-2,Forli | Emilia-Romagna,https://www.cropcirclecenter.com/ccdata/2007/05/03/IT20070503_B.html,208,0.24,NEEDS_SOURCE_DIMENSION,REJECT,COUNT_PRESENT_OTHER_FAMILY,NEEDS_SOURCE_DIMENSION,0.19928,6,,NEEDS_SOURCE_DIMENSION,absolute diameter by drone photogrammetry or diagram scale,MODEL_COMPARISON_ONLY
CC-2007-06-13-KRAPJE-POMURSKA,Krapje | Pomurska,https://www.cropcirclecenter.com/ccdata/2007/06/13/SI20070613_A.html,209,0.24,NEEDS_SOURCE_DIMENSION,REJECT,COUNT_PRESENT_OTHER_FAMILY,NEEDS_SOURCE_DIMENSION,0.331799,15,,NEEDS_SOURCE_DIMENSION,absolute diameter by drone photogrammetry or diagram scale,MODEL_COMPARISON_ONLY
CC-2007-06-17-KLEIN-WIERSHAUSEN-NIEDERSACHSEN,Klein Wiershausen | Niedersachsen,https://www.cropcirclecenter.com/ccdata/2007/06/17/DE20070617_A.html,210,0.24,NEEDS_SOURCE_DIMENSION,REJECT,COUNT_PRESENT_OTHER_FAMILY,NEEDS_SOURCE_DIMENSION,0.927903,6,,NEEDS_SOURCE_DIMENSION,absolute diameter by drone photogrammetry or diagram scale,MODEL_COMPARISON_ONLY
CC-2007-07-26-TAPFHEIM-BAYERN,Tapfheim | Bayern,https://www.cropcirclecenter.com/ccdata/2007/07/26/DE20070726_A.html,211,0.24,NEEDS_SOURCE_DIMENSION,REJECT,COUNT_PRESENT_OTHER_FAMILY,NEEDS_SOURCE_DIMENSION,0.232177,9,,NEEDS_SOURCE_DIMENSION,absolute diameter by drone photogrammetry or diagram scale,MODEL_COMPARISON_ONLY
CC-2008-06-10-NORTH-DOWN-WILTSHIRE,North Down | Wiltshire,https://www.cropcirclecenter.com/ccdata/2008/06/10/UK20080610_A.html,212,0.24,NEEDS_SOURCE_DIMENSION,REJECT,COUNT_PRESENT_OTHER_FAMILY,NEEDS_SOURCE_DIMENSION,0.108073,6,,NEEDS_SOURCE_DIMENSION,absolute diameter by drone photogrammetry or diagram scale,MODEL_COMPARISON_ONLY
CC-2008-06-15-AVEBURY-WILTSHIRE,Avebury | Wiltshire,https://www.cropcirclecenter.com/ccdata/2008/06/15/UK20080615_A.html,213,0.24,NEEDS_SOURCE_DIMENSION,REJECT,COUNT_PRESENT_OTHER_FAMILY,NEEDS_SOURCE_DIMENSION,0.110624,30,,NEEDS_SOURCE_DIMENSION,absolute diameter by drone photogrammetry or diagram scale,MODEL_COMPARISON_ONLY
CC-2008-06-28-JITRAVA-LIBERECKY-KRAJ,Jitrava | Liberecky kraj,https://www.cropcirclecenter.com/ccdata/2008/06/28/CZ20080628_A.html,214,0.24,NEEDS_SOURCE_DIMENSION,REJECT,COUNT_PRESENT_OTHER_FAMILY,NEEDS_SOURCE_DIMENSION,0.028602,28,,NEEDS_SOURCE_DIMENSION,absolute diameter by drone photogrammetry or diagram scale,MODEL_COMPARISON_ONLY
CC-2008-09-07-AVEBURY-WILTSHIRE-2,Avebury | Wiltshire,https://www.cropcirclecenter.com/ccdata/2008/09/07/UK20080907_B.html,215,0.24,NEEDS_SOURCE_DIMENSION,REJECT,COUNT_PRESENT_OTHER_FAMILY,NEEDS_SOURCE_DIMENSION,0.080106,28,,NEEDS_SOURCE_DIMENSION,absolute diameter by drone photogrammetry or diagram scale,MODEL_COMPARISON_ONLY
CC-2008-11-15-NIEDERNJESA-NIEDERSACHSEN,Niedernjesa | Niedersachsen,https://www.cropcirclecenter.com/ccdata/2008/11/15/DE20081115_A.html,216,0.24,NEEDS_SOURCE_DIMENSION,REJECT,COUNT_PRESENT_OTHER_FAMILY,NEEDS_SOURCE_DIMENSION,0.967648,6,,NEEDS_SOURCE_DIMENSION,absolute diameter by drone photogrammetry or diagram scale,MODEL_COMPARISON_ONLY
CC-2009-04-19-WEST-KENNETT-WILTSHIRE,West Kennett | Wiltshire,https://www.cropcirclecenter.com/ccdata/2009/04/19/UK20090419_A.html,217,0.24,NEEDS_SOURCE_DIMENSION,REJECT,COUNT_PRESENT_OTHER_FAMILY,NEEDS_SOURCE_DIMENSION,0.142425,6,,NEEDS_SOURCE_DIMENSION,absolute diameter by drone photogrammetry or diagram scale,MODEL_COMPARISON_ONLY
CC-2009-05-24-BARBURY-CASTLE-WILTSHIRE,Barbury Castle | Wiltshire,https://www.cropcirclecenter.com/ccdata/2009/05/24/UK20090524_A.html,218,0.24,NEEDS_SOURCE_DIMENSION,REJECT,COUNT_PRESENT_OTHER_FAMILY,NEEDS_SOURCE_DIMENSION,0.125683,21,,NEEDS_SOURCE_DIMENSION,absolute diameter by drone photogrammetry or diagram scale,MODEL_COMPARISON_ONLY
CC-2009-05-24-BISHOPS-CANNINGS-WILTSHIRE-2,Bishops Cannings | Wiltshire,https://www.cropcirclecenter.com/ccdata/2009/05/24/UK20090524_B.html,219,0.24,NEEDS_SOURCE_DIMENSION,REJECT,COUNT_PRESENT_OTHER_FAMILY,NEEDS_SOURCE_DIMENSION,0.085441,48,,NEEDS_SOURCE_DIMENSION,absolute diameter by drone photogrammetry or diagram scale,MODEL_COMPARISON_ONLY
CC-2009-07-11-KOZAROVCE-NITRIANSKY-KRAJ,Kozarovce | Nitriansky kraj,https://www.cropcirclecenter.com/ccdata/2009/07/11/SK20090711_A.html,220,0.24,NEEDS_SOURCE_DIMENSION,REJECT,COUNT_PRESENT_OTHER_FAMILY,NEEDS_SOURCE_DIMENSION,0.063449,9,,NEEDS_SOURCE_DIMENSION,absolute diameter by drone photogrammetry or diagram scale,MODEL_COMPARISON_ONLY
CC-2009-07-14-HINTON-ADMIRAL-HAMPSHIRE-3,Hinton Admiral | Hampshire,https://www.cropcirclecenter.com/ccdata/2009/07/14/UK20090714_C.html,221,0.24,NEEDS_SOURCE_DIMENSION,REJECT,COUNT_PRESENT_OTHER_FAMILY,NEEDS_SOURCE_DIMENSION,0.151898,12,,NEEDS_SOURCE_DIMENSION,absolute diameter by drone photogrammetry or diagram scale,MODEL_COMPARISON_ONLY
CC-2009-07-31-WINTERBOURNE-BASSETT-WILTSHIRE-3,Winterbourne Bassett | Wiltshire,https://www.cropcirclecenter.com/ccdata/2009/07/31/UK20090731_C.html,222,0.24,NEEDS_SOURCE_DIMENSION,REJECT,COUNT_PRESENT_OTHER_FAMILY,NEEDS_SOURCE_DIMENSION,0.212933,6,,NEEDS_SOURCE_DIMENSION,absolute diameter by drone photogrammetry or diagram scale,MODEL_COMPARISON_ONLY
CC-2009-08-02-MORGANS-HILL-WILTSHIRE-2,Morgans Hill | Wiltshire,https://www.cropcirclecenter.com/ccdata/2009/08/02/UK20090802_B.html,223,0.24,NEEDS_SOURCE_DIMENSION,REJECT,COUNT_PRESENT_OTHER_FAMILY,NEEDS_SOURCE_DIMENSION,0.11743,10,,NEEDS_SOURCE_DIMENSION,absolute diameter by drone photogrammetry or diagram scale,MODEL_COMPARISON_ONLY
CC-2009-08-03-SILBURY-HILL-WILTSHIRE-3,Silbury Hill | Wiltshire,https://www.cropcirclecenter.com/ccdata/2009/08/03/UK20090803_C.html,224,0.24,NEEDS_SOURCE_DIMENSION,REJECT,COUNT_PRESENT_OTHER_FAMILY,NEEDS_SOURCE_DIMENSION,0.117298,6,,NEEDS_SOURCE_DIMENSION,absolute diameter by drone photogrammetry or diagram scale,MODEL_COMPARISON_ONLY
CC-2009-08-10-WOODBOROUGH-HILL-WILTSHIRE,Woodborough Hill | Wiltshire,https://www.cropcirclecenter.com/ccdata/2009/08/10/UK20090810_A.html,225,0.24,NEEDS_SOURCE_DIMENSION,REJECT,COUNT_PRESENT_OTHER_FAMILY,NEEDS_SOURCE_DIMENSION,0.969708,15,,NEEDS_SOURCE_DIMENSION,absolute diameter by drone photogrammetry or diagram scale,MODEL_COMPARISON_ONLY
CC-2010-05-05-OLD-SARUM-WILTSHIRE,Old Sarum | Wiltshire,https://www.cropcirclecenter.com/ccdata/2010/05/05/UK20100505_A.html,226,0.24,NEEDS_SOURCE_DIMENSION,REJECT,COUNT_PRESENT_OTHER_FAMILY,NEEDS_SOURCE_DIMENSION,0.096078,6,,NEEDS_SOURCE_DIMENSION,absolute diameter by drone photogrammetry or diagram scale,MODEL_COMPARISON_ONLY
CC-2010-05-31-TRIBANO-VENETO,Tribano | Veneto,https://www.cropcirclecenter.com/ccdata/2010/05/31/IT20100531_A.html,227,0.24,NEEDS_SOURCE_DIMENSION,REJECT,COUNT_PRESENT_OTHER_FAMILY,NEEDS_SOURCE_DIMENSION,0.116415,12,,NEEDS_SOURCE_DIMENSION,absolute diameter by drone photogrammetry or diagram scale,MODEL_COMPARISON_ONLY
CC-2010-06-03-CODFORD-ST-PETER-WILTSHIRE,Codford St Peter | Wiltshire,https://www.cropcirclecenter.com/ccdata/2010/06/03/UK20100603_A.html,228,0.24,NEEDS_SOURCE_DIMENSION,REJECT,COUNT_PRESENT_OTHER_FAMILY,NEEDS_SOURCE_DIMENSION,0.058573,24,,NEEDS_SOURCE_DIMENSION,absolute diameter by drone photogrammetry or diagram scale,MODEL_COMPARISON_ONLY
CC-2010-06-26-ETTEN-LEUR-NOORD-BRABANT,Etten-Leur | Noord-Brabant,https://www.cropcirclecenter.com/ccdata/2010/06/26/NL20100626_A.html,229,0.24,NEEDS_SOURCE_DIMENSION,REJECT,COUNT_PRESENT_OTHER_FAMILY,NEEDS_SOURCE_DIMENSION,0.593602,9,,NEEDS_SOURCE_DIMENSION,absolute diameter by drone photogrammetry or diagram scale,MODEL_COMPARISON_ONLY
CC-2010-06-27-BERLEPSCH-ELLERODE-HESSEN,Berlepsch-Ellerode | Hessen,https://www.cropcirclecenter.com/ccdata/2010/06/27/DE20100627_A.html,230,0.24,NEEDS_SOURCE_DIMENSION,REJECT,COUNT_PRESENT_OTHER_FAMILY,NEEDS_SOURCE_DIMENSION,0.202354,9,,NEEDS_SOURCE_DIMENSION,absolute diameter by drone photogrammetry or diagram scale,MODEL_COMPARISON_ONLY
CC-2010-07-16-OBERSCHLEI-HEIM-BAYERN,Oberschleißheim | Bayern,https://www.cropcirclecenter.com/ccdata/2010/07/16/DE20100716_A.html,231,0.24,NEEDS_SOURCE_DIMENSION,REJECT,COUNT_PRESENT_OTHER_FAMILY,NEEDS_SOURCE_DIMENSION,0.193789,12,,NEEDS_SOURCE_DIMENSION,absolute diameter by drone photogrammetry or diagram scale,MODEL_COMPARISON_ONLY
CC-2011-05-09-HOEVEN-NOORD-BRABANT,Hoeven | Noord-Brabant,https://www.cropcirclecenter.com/ccdata/2011/05/09/NL20110509_A.html,232,0.24,NEEDS_SOURCE_DIMENSION,REJECT,COUNT_PRESENT_OTHER_FAMILY,NEEDS_SOURCE_DIMENSION,0.094143,10,,NEEDS_SOURCE_DIMENSION,absolute diameter by drone photogrammetry or diagram scale,MODEL_COMPARISON_ONLY
CC-2011-05-30-NOVOALEKSANDROVSK-STAWROPOL-2,Novoaleksandrovsk | Stawropol,https://www.cropcirclecenter.com/ccdata/2011/05/30/RU20110530_B.html,233,0.24,NEEDS_SOURCE_DIMENSION,REJECT,COUNT_PRESENT_OTHER_FAMILY,NEEDS_SOURCE_DIMENSION,0.810953,6,,NEEDS_SOURCE_DIMENSION,absolute diameter by drone photogrammetry or diagram scale,MODEL_COMPARISON_ONLY
CC-2011-06-01-JESI-MARCHE,Jesi | Marche,https://www.cropcirclecenter.com/ccdata/2011/06/01/IT20110601_A.html,234,0.24,NEEDS_SOURCE_DIMENSION,REJECT,COUNT_PRESENT_OTHER_FAMILY,NEEDS_SOURCE_DIMENSION,0.241735,6,,NEEDS_SOURCE_DIMENSION,absolute diameter by drone photogrammetry or diagram scale,MODEL_COMPARISON_ONLY
CC-2011-06-03-BRACCAGNI-TOSCANA,Braccagni | Toscana,https://www.cropcirclecenter.com/ccdata/2011/06/03/IT20110603_A.html,235,0.24,NEEDS_SOURCE_DIMENSION,REJECT,COUNT_PRESENT_OTHER_FAMILY,NEEDS_SOURCE_DIMENSION,0.107609,30,,NEEDS_SOURCE_DIMENSION,absolute diameter by drone photogrammetry or diagram scale,MODEL_COMPARISON_ONLY
CC-2011-06-20-POIRINO-PIEMONTE,Poirino | Piemonte,https://www.cropcirclecenter.com/ccdata/2011/06/20/IT20110620_A.html,236,0.24,NEEDS_SOURCE_DIMENSION,REJECT,COUNT_PRESENT_OTHER_FAMILY,NEEDS_SOURCE_DIMENSION,0.561987,14,,NEEDS_SOURCE_DIMENSION,absolute diameter by drone photogrammetry or diagram scale,MODEL_COMPARISON_ONLY
CC-2011-07-22-EAST-KENNETT-WILTSHIRE,East Kennett | Wiltshire,https://www.cropcirclecenter.com/ccdata/2011/07/22/UK20110722_A.html,237,0.24,NEEDS_SOURCE_DIMENSION,NO_RATIO,COUNT_NEAR_37_LABELED_NEAR,NEEDS_SOURCE_DIMENSION,,36,,COUNT_NEAR_37_LABELED_NEAR,absolute diameter by drone photogrammetry or diagram scale,MODEL_COMPARISON_ONLY
CC-2011-08-02-BOSSCHENHOOFD-NOORD-BRABANT,Bosschenhoofd | Noord-Brabant,https://www.cropcirclecenter.com/ccdata/2011/08/02/NL20110802_A.html,238,0.24,NEEDS_SOURCE_DIMENSION,REJECT,COUNT_PRESENT_OTHER_FAMILY,NEEDS_SOURCE_DIMENSION,0.131377,20,,NEEDS_SOURCE_DIMENSION,absolute diameter by drone photogrammetry or diagram scale,MODEL_COMPARISON_ONLY
CC-2011-08-13-KNOLL-DOWN-WILTSHIRE-2,Knoll Down | Wiltshire,https://www.cropcirclecenter.com/ccdata/2011/08/13/UK20110813_B.html,239,0.24,NEEDS_SOURCE_DIMENSION,REJECT,COUNT_PRESENT_OTHER_FAMILY,NEEDS_SOURCE_DIMENSION,0.138398,6,,NEEDS_SOURCE_DIMENSION,absolute diameter by drone photogrammetry or diagram scale,MODEL_COMPARISON_ONLY
CC-2011-08-15-CHERHILL-WILTSHIRE,Cherhill | Wiltshire,https://www.cropcirclecenter.com/ccdata/2011/08/15/UK20110815_A.html,240,0.24,NEEDS_SOURCE_DIMENSION,REJECT,COUNT_PRESENT_OTHER_FAMILY,NEEDS_SOURCE_DIMENSION,0.03622,46,,NEEDS_SOURCE_DIMENSION,absolute diameter by drone photogrammetry or diagram scale,MODEL_COMPARISON_ONLY
CC-2012-05-16-HOEVEN-NOORD-BRABANT,Hoeven | Noord Brabant,https://www.cropcirclecenter.com/ccdata/2012/05/16/NL20120516_A.html,241,0.24,NEEDS_SOURCE_DIMENSION,REJECT,COUNT_PRESENT_OTHER_FAMILY,NEEDS_SOURCE_DIMENSION,0.90974,6,,NEEDS_SOURCE_DIMENSION,absolute diameter by drone photogrammetry or diagram scale,MODEL_COMPARISON_ONLY
CC-2012-07-01-WANBOROUGH-PLAIN-WILTSHIRE,Wanborough Plain | Wiltshire,https://www.cropcirclecenter.com/ccdata/2012/07/01/UK20120701_D.html,242,0.24,NEEDS_SOURCE_DIMENSION,REJECT,COUNT_PRESENT_OTHER_FAMILY,NEEDS_SOURCE_DIMENSION,0.116735,10,,NEEDS_SOURCE_DIMENSION,absolute diameter by drone photogrammetry or diagram scale,MODEL_COMPARISON_ONLY
CC-2012-08-09-CHEESEFOOT-HEAD-HAMPSHIRE-2,Cheesefoot Head | Hampshire,https://www.cropcirclecenter.com/ccdata/2012/08/09/UK20120809_B.html,243,0.24,NEEDS_SOURCE_DIMENSION,REJECT,COUNT_PRESENT_OTHER_FAMILY,NEEDS_SOURCE_DIMENSION,0.039262,20,,NEEDS_SOURCE_DIMENSION,absolute diameter by drone photogrammetry or diagram scale,MODEL_COMPARISON_ONLY
CC-2013-05-21-BOSSCHENHOOFD-NOORD-BRABANT,Bosschenhoofd | Noord Brabant,https://www.cropcirclecenter.com/ccdata/2013/05/21/NL20130521_A.html,244,0.24,NEEDS_SOURCE_DIMENSION,REJECT,COUNT_PRESENT_OTHER_FAMILY,NEEDS_SOURCE_DIMENSION,0.308209,12,,NEEDS_SOURCE_DIMENSION,absolute diameter by drone photogrammetry or diagram scale,MODEL_COMPARISON_ONLY
CC-2013-06-30-CAVALLO-GRIGIO-ASTI,Cavallo Grigio | Asti,https://www.cropcirclecenter.com/ccdata/2013/06/30/IT20130630_A.html,245,0.24,NEEDS_SOURCE_DIMENSION,REJECT,COUNT_PRESENT_OTHER_FAMILY,NEEDS_SOURCE_DIMENSION,0.28227,12,,NEEDS_SOURCE_DIMENSION,absolute diameter by drone photogrammetry or diagram scale,MODEL_COMPARISON_ONLY
CC-2013-07-27-HAUNSHEIM-BAVARIA,Haunsheim | Bavaria,https://www.cropcirclecenter.com/ccdata/2013/07/27/DE20130727_A.html,246,0.24,NEEDS_SOURCE_DIMENSION,REJECT,COUNT_PRESENT_OTHER_FAMILY,NEEDS_SOURCE_DIMENSION,0.25036,10,,NEEDS_SOURCE_DIMENSION,absolute diameter by drone photogrammetry or diagram scale,MODEL_COMPARISON_ONLY
CC-2013-08-13-HACKPEN-HILL-WILTSHIRE,Hackpen Hill | Wiltshire,https://www.cropcirclecenter.com/ccdata/2013/08/13/UK20130813_A.html,247,0.24,NEEDS_SOURCE_DIMENSION,REJECT,COUNT_PRESENT_OTHER_FAMILY,NEEDS_SOURCE_DIMENSION,0.775835,22,,NEEDS_SOURCE_DIMENSION,absolute diameter by drone photogrammetry or diagram scale,MODEL_COMPARISON_ONLY
CC-2014-03-17-ROOSENDAAL-NOORD-BRABANT,Roosendaal | Noord Brabant,https://www.cropcirclecenter.com/ccdata/2014/03/17/NL20140317_A.html,248,0.24,NEEDS_SOURCE_DIMENSION,REJECT,COUNT_PRESENT_OTHER_FAMILY,NEEDS_SOURCE_DIMENSION,0.225168,6,,NEEDS_SOURCE_DIMENSION,absolute diameter by drone photogrammetry or diagram scale,MODEL_COMPARISON_ONLY
CC-2014-07-15-RODMARTON-GLOUCESTERSHIRE,Rodmarton | Gloucestershire,https://www.cropcirclecenter.com/ccdata/2014/07/15/UK20140715_A.html,249,0.24,NEEDS_SOURCE_DIMENSION,REJECT,COUNT_PRESENT_OTHER_FAMILY,NEEDS_SOURCE_DIMENSION,0.173897,18,,NEEDS_SOURCE_DIMENSION,absolute diameter by drone photogrammetry or diagram scale,MODEL_COMPARISON_ONLY
CC-2014-07-27-ETCHILHAMPTON-WILTSHIRE-2,Etchilhampton | Wiltshire,https://www.cropcirclecenter.com/ccdata/2014/07/27/UK20140727_B.html,250,0.24,NEEDS_SOURCE_DIMENSION,REJECT,COUNT_PRESENT_OTHER_FAMILY,NEEDS_SOURCE_DIMENSION,0.040693,6,,NEEDS_SOURCE_DIMENSION,absolute diameter by drone photogrammetry or diagram scale,MODEL_COMPARISON_ONLY
CC-2014-08-13-GUSSAGE-ST-ANDREW-DORSET,"Gussage St. Andrew, Dorset",https://temporarytemples.co.uk/project/gussage-st-andrew-dorset-13th-august-2014,251,0.24,NEEDS_SOURCE_DIMENSION,REJECT,COUNT_PRESENT_OTHER_FAMILY,NEEDS_SOURCE_DIMENSION,0.336698,30,,NEEDS_SOURCE_DIMENSION,absolute diameter by drone photogrammetry or diagram scale,MODEL_COMPARISON_ONLY
CC-2014-08-29-STROUD-GREEN-ESSEX,Stroud Green | Essex,https://www.cropcirclecenter.com/ccdata/2014/08/29/UK20140829_A.html,252,0.24,NEEDS_SOURCE_DIMENSION,REJECT,COUNT_PRESENT_OTHER_FAMILY,NEEDS_SOURCE_DIMENSION,0.128386,14,,NEEDS_SOURCE_DIMENSION,absolute diameter by drone photogrammetry or diagram scale,MODEL_COMPARISON_ONLY
CC-2014-10-26-IPUACU-SANTA-CATARINA,Ipuacu | Santa Catarina,https://www.cropcirclecenter.com/ccdata/2014/10/26/BR20141026_A.html,253,0.24,NEEDS_SOURCE_DIMENSION,REJECT,COUNT_PRESENT_OTHER_FAMILY,NEEDS_SOURCE_DIMENSION,0.610562,6,,NEEDS_SOURCE_DIMENSION,absolute diameter by drone photogrammetry or diagram scale,MODEL_COMPARISON_ONLY
CC-2015-05-24-MARLBOROUGH-WILTSHIRE,Marlborough | Wiltshire,https://www.cropcirclecenter.com/ccdata/2015/05/24/UK20150524_A.html,254,0.24,NEEDS_SOURCE_DIMENSION,REJECT,COUNT_PRESENT_OTHER_FAMILY,NEEDS_SOURCE_DIMENSION,0.190961,40,,NEEDS_SOURCE_DIMENSION,absolute diameter by drone photogrammetry or diagram scale,MODEL_COMPARISON_ONLY
CC-2015-06-16-MARGERY-SURREY,"Margery, Surrey",https://temporarytemples.co.uk/project/margery-surrey-16th-june-2015,255,0.24,NEEDS_SOURCE_DIMENSION,REJECT,COUNT_PRESENT_OTHER_FAMILY,NEEDS_SOURCE_DIMENSION,0.115305,15,,NEEDS_SOURCE_DIMENSION,absolute diameter by drone photogrammetry or diagram scale,MODEL_COMPARISON_ONLY
CC-2015-06-22-GROZIETHEN-BRANDENBURG,Groziethen | Brandenburg,https://www.cropcirclecenter.com/ccdata/2015/06/22/DE20150622_A.html,256,0.24,NEEDS_SOURCE_DIMENSION,REJECT,COUNT_PRESENT_OTHER_FAMILY,NEEDS_SOURCE_DIMENSION,0.199953,24,,NEEDS_SOURCE_DIMENSION,absolute diameter by drone photogrammetry or diagram scale,MODEL_COMPARISON_ONLY
CC-2015-06-24-WEST-AMESBURY-WILTSHIRE,West Amesbury (Stonehenge) | Wiltshire,https://www.cropcirclecenter.com/ccdata/2015/06/23/UK20150623_A.html,257,0.24,NEEDS_SOURCE_DIMENSION,REJECT,COUNT_PRESENT_OTHER_FAMILY,NEEDS_SOURCE_DIMENSION,0.260333,28,,NEEDS_SOURCE_DIMENSION,absolute diameter by drone photogrammetry or diagram scale,MODEL_COMPARISON_ONLY
CC-2016-06-16-WYLYE-WILTS,"Wylye, Wilts",https://temporarytemples.co.uk/project/wylye-wilts-16th-june-2016,258,0.24,NEEDS_SOURCE_DIMENSION,REJECT,COUNT_PRESENT_OTHER_FAMILY,NEEDS_SOURCE_DIMENSION,0.132023,9,,NEEDS_SOURCE_DIMENSION,absolute diameter by drone photogrammetry or diagram scale,MODEL_COMPARISON_ONLY
CC-2016-07-16-HACKPEN-HILL-WILTS-2-2,"Hackpen Hill, Wilts (2)",https://temporarytemples.co.uk/project/hackpen-hill-wilts-2-16th-july-2016,259,0.24,NEEDS_SOURCE_DIMENSION,REJECT,COUNT_PRESENT_OTHER_FAMILY,NEEDS_SOURCE_DIMENSION,0.074726,9,,NEEDS_SOURCE_DIMENSION,absolute diameter by drone photogrammetry or diagram scale,MODEL_COMPARISON_ONLY
CC-2016-07-28-WEST-KENNETT-WILTSHIRE-2,West Kennett | Wiltshire,https://www.cropcirclecenter.com/ccdata/2016/07/28/UK20160728_B.html,260,0.24,NEEDS_SOURCE_DIMENSION,REJECT,COUNT_PRESENT_OTHER_FAMILY,NEEDS_SOURCE_DIMENSION,0.244837,6,,NEEDS_SOURCE_DIMENSION,absolute diameter by drone photogrammetry or diagram scale,MODEL_COMPARISON_ONLY
CC-2017-05-28-BROAD-HINTON-WILTS-2-2,"Broad Hinton, Wilts (2)",https://www.cropcirclecenter.com/ccdata/2017/05/28/UK20170528_B.html,261,0.24,NEEDS_SOURCE_DIMENSION,REJECT,COUNT_PRESENT_OTHER_FAMILY,NEEDS_SOURCE_DIMENSION,0.195022,12,,NEEDS_SOURCE_DIMENSION,absolute diameter by drone photogrammetry or diagram scale,MODEL_COMPARISON_ONLY
CC-2017-06-09-MAIDEN-BRADLEY-WILTS,"Maiden Bradley, Wilts",https://www.cropcirclecenter.com/ccdata/2017/06/09/UK20170609_A.html,262,0.24,NEEDS_SOURCE_DIMENSION,REJECT,COUNT_PRESENT_OTHER_FAMILY,NEEDS_SOURCE_DIMENSION,0.309825,10,,NEEDS_SOURCE_DIMENSION,absolute diameter by drone photogrammetry or diagram scale,MODEL_COMPARISON_ONLY
CC-2017-07-06-SOFIA-SOFIA-CITY-PROVINCE,Sofia | Sofia City Province,https://www.cropcirclecenter.com/ccdata/2017/07/06/BG20170706_A.html,263,0.24,NEEDS_SOURCE_DIMENSION,REJECT,COUNT_PRESENT_OTHER_FAMILY,NEEDS_SOURCE_DIMENSION,0.110871,9,,NEEDS_SOURCE_DIMENSION,absolute diameter by drone photogrammetry or diagram scale,MODEL_COMPARISON_ONLY
CC-2017-08-05-ROLLRIGHT-STONES-OXON,"Rollright Stones, Oxon",https://www.cropcirclecenter.com/ccdata/2017/08/05/UK20170805_A.html,264,0.24,NEEDS_SOURCE_DIMENSION,REJECT,COUNT_PRESENT_OTHER_FAMILY,NEEDS_SOURCE_DIMENSION,0.112026,10,,NEEDS_SOURCE_DIMENSION,absolute diameter by drone photogrammetry or diagram scale,MODEL_COMPARISON_ONLY
CC-2017-08-17-SUTTON-HALL-ESSEX,Sutton Hall | Essex,https://www.cropcirclecenter.com/ccdata/2017/08/17/UK20170817_A.html,265,0.24,NEEDS_SOURCE_DIMENSION,REJECT,COUNT_PRESENT_OTHER_FAMILY,NEEDS_SOURCE_DIMENSION,0.389264,9,,NEEDS_SOURCE_DIMENSION,absolute diameter by drone photogrammetry or diagram scale,MODEL_COMPARISON_ONLY
CC-2018-06-09-HACKPEN-HILL-WILTS,"Hackpen Hill, Wilts",https://temporarytemples.co.uk/project/hackpen-hill-wilts-9th-june-2018,266,0.24,NEEDS_SOURCE_DIMENSION,REJECT,COUNT_PRESENT_OTHER_FAMILY,NEEDS_SOURCE_DIMENSION,0.100013,9,,NEEDS_SOURCE_DIMENSION,absolute diameter by drone photogrammetry or diagram scale,MODEL_COMPARISON_ONLY
CC-2018-08-13-FONTHILL-BISHOP,Fonthill Bishop,https://www.cropcirclecenter.com/ccdata/2018/08/13/UK20180813_A.html,267,0.24,NEEDS_SOURCE_DIMENSION,REJECT,COUNT_PRESENT_OTHER_FAMILY,NEEDS_SOURCE_DIMENSION,0.529155,24,,NEEDS_SOURCE_DIMENSION,absolute diameter by drone photogrammetry or diagram scale,MODEL_COMPARISON_ONLY
CC-2019-05-25-OSIMO-ANCONA,Osimo | Ancona,https://www.cropcirclecenter.com/ccdata/2019/05/25/IT20190525_A.html,268,0.24,NEEDS_SOURCE_DIMENSION,REJECT,COUNT_PRESENT_OTHER_FAMILY,NEEDS_SOURCE_DIMENSION,0.258245,6,,NEEDS_SOURCE_DIMENSION,absolute diameter by drone photogrammetry or diagram scale,MODEL_COMPARISON_ONLY
CC-2019-06-14-COPYRIGHT-ISABELLE-LINDW-RM-HTTPS-WWW-FACEBOOK-COM-GROU-3,copyright: Isabelle Lindwürm | https://www.facebook.com/groups/317475485286970/,https://www.cropcirclecenter.com/ccdata/2019/06/14/FR20190614_C.html,269,0.24,NEEDS_SOURCE_DIMENSION,NO_RATIO,COUNT_NEAR_37_LABELED_NEAR,NEEDS_SOURCE_DIMENSION,,36,,COUNT_NEAR_37_LABELED_NEAR,absolute diameter by drone photogrammetry or diagram scale,MODEL_COMPARISON_ONLY
CC-2019-07-06-UNKNOWN,unknown,https://www.cropcirclecenter.com/ccdata/2019/07/06/UK20190706_A.html,270,0.24,NEEDS_SOURCE_DIMENSION,REJECT,COUNT_PRESENT_OTHER_FAMILY,NEEDS_SOURCE_DIMENSION,0.523185,27,,NEEDS_SOURCE_DIMENSION,absolute diameter by drone photogrammetry or diagram scale,MODEL_COMPARISON_ONLY
CC-2019-07-08-FARLEY-MOUNT-HANTS,"Farley Mount, Hants",https://www.cropcirclecenter.com/ccdata/2019/07/08/UK20190708_A.html,271,0.24,NEEDS_SOURCE_DIMENSION,REJECT,COUNT_PRESENT_OTHER_FAMILY,NEEDS_SOURCE_DIMENSION,0.275502,14,,NEEDS_SOURCE_DIMENSION,absolute diameter by drone photogrammetry or diagram scale,MODEL_COMPARISON_ONLY
CC-2019-07-14-WOODBOROUGH-HILL,Woodborough Hill,https://www.cropcirclecenter.com/ccdata/2019/07/14/UK20190714_A.html,272,0.24,NEEDS_SOURCE_DIMENSION,REJECT,COUNT_PRESENT_OTHER_FAMILY,NEEDS_SOURCE_DIMENSION,0.071896,6,,NEEDS_SOURCE_DIMENSION,absolute diameter by drone photogrammetry or diagram scale,MODEL_COMPARISON_ONLY
CC-2019-07-28-BARTON-STACEY-HANTS,"Barton Stacey, Hants",https://temporarytemples.co.uk/project/barton-stacey-2019,273,0.24,NEEDS_SOURCE_DIMENSION,NO_RATIO,COUNT_NEAR_37_LABELED_NEAR,NEEDS_SOURCE_DIMENSION,,36,,COUNT_NEAR_37_LABELED_NEAR,absolute diameter by drone photogrammetry or diagram scale,MODEL_COMPARISON_ONLY
CC-2020-05-26-KINGDON-SOMERSET,Kingdon | Somerset,https://www.cropcirclecenter.com/ccdata/2020/05/26/UK20200526_A.html,274,0.23,NEEDS_SOURCE_DIMENSION,NO_RATIO,COUNT_PRESENT_OTHER_FAMILY,NEEDS_SOURCE_DIMENSION,,6,,NEEDS_SOURCE_DIMENSION,absolute diameter by drone photogrammetry or diagram scale,MODEL_COMPARISON_ONLY
CC-2020-05-30-CLEY-HILL-WILTS,"Cley Hill, Wilts",https://www.cropcirclecenter.com/ccdata/2020/05/30/UK20200530_A.html,275,0.23,NEEDS_SOURCE_DIMENSION,REJECT,NO_COUNT,NEEDS_SOURCE_DIMENSION,0.76194,,,NEEDS_SOURCE_DIMENSION,absolute diameter by drone photogrammetry or diagram scale,MODEL_COMPARISON_ONLY
CC-2020-06-02-AMIENS-HAUTS-DE-FRANCE,Amiens | Hauts-de-France,https://www.cropcirclecenter.com/ccdata/2020/06/02/FR20200602_A.html,276,0.23,NEEDS_SOURCE_DIMENSION,NO_RATIO,COUNT_PRESENT_OTHER_FAMILY,NEEDS_SOURCE_DIMENSION,,6,,NEEDS_SOURCE_DIMENSION,absolute diameter by drone photogrammetry or diagram scale,MODEL_COMPARISON_ONLY
CC-2020-06-14-BURDEROP-DOWN-WILTS,"Burderop Down, Wilts",https://temporarytemples.co.uk/project/burderop-down-wilts-14th-june-2020,277,0.23,NEEDS_SOURCE_DIMENSION,NO_RATIO,COUNT_PRESENT_OTHER_FAMILY,NEEDS_SOURCE_DIMENSION,,10,,NEEDS_SOURCE_DIMENSION,absolute diameter by drone photogrammetry or diagram scale,MODEL_COMPARISON_ONLY
CC-2020-06-16-DARRINGTON-WEST-YORKSHIRE,Darrington | West Yorkshire,https://www.cropcirclecenter.com/ccdata/2020/06/16/UK20200616_A.html,278,0.23,NEEDS_SOURCE_DIMENSION,REJECT,NO_COUNT,NEEDS_SOURCE_DIMENSION,0.193207,,,NEEDS_SOURCE_DIMENSION,absolute diameter by drone photogrammetry or diagram scale,MODEL_COMPARISON_ONLY
CC-2020-06-17-WILTON-WILTS,"Wilton, Wilts",https://www.cropcirclecenter.com/ccdata/2020/06/17/UK20200617_A.html,279,0.23,NEEDS_SOURCE_DIMENSION,REJECT,NO_COUNT,NEEDS_SOURCE_DIMENSION,0.767567,,,NEEDS_SOURCE_DIMENSION,absolute diameter by drone photogrammetry or diagram scale,MODEL_COMPARISON_ONLY
CC-2020-06-21-BERWICK-BASSETT-WILTS,"Berwick Bassett, Wilts",https://www.cropcirclecenter.com/ccdata/2020/06/21/UK20200621_A.html,280,0.23,NEEDS_SOURCE_DIMENSION,REJECT,NO_COUNT,NEEDS_SOURCE_DIMENSION,0.813724,,,NEEDS_SOURCE_DIMENSION,absolute diameter by drone photogrammetry or diagram scale,MODEL_COMPARISON_ONLY
CC-2020-06-21-SIXPENNY-HANDLEY-DORSET-3,Sixpenny Handley | Dorset,https://www.cropcirclecenter.com/ccdata/2020/06/21/UK20200621_C.html,281,0.23,NEEDS_SOURCE_DIMENSION,REJECT,NO_COUNT,NEEDS_SOURCE_DIMENSION,0.044098,,,NEEDS_SOURCE_DIMENSION,absolute diameter by drone photogrammetry or diagram scale,MODEL_COMPARISON_ONLY
CC-2020-06-29-CHEESEFOOT-HEAD-HAMPSHIRE,Cheesefoot Head | Hampshire,https://www.cropcirclecenter.com/ccdata/2020/06/29/UK20200629_A.html,282,0.23,NEEDS_SOURCE_DIMENSION,NO_RATIO,COUNT_PRESENT_OTHER_FAMILY,NEEDS_SOURCE_DIMENSION,,6,,NEEDS_SOURCE_DIMENSION,absolute diameter by drone photogrammetry or diagram scale,MODEL_COMPARISON_ONLY
CC-2020-06-29-LONGWOOD-WARREN-HANTS,"Longwood Warren, Hants",https://temporarytemples.co.uk/project/longwood-warren-hants-29th-june-2020,283,0.23,NEEDS_SOURCE_DIMENSION,NO_RATIO,COUNT_PRESENT_OTHER_FAMILY,NEEDS_SOURCE_DIMENSION,,6,,NEEDS_SOURCE_DIMENSION,absolute diameter by drone photogrammetry or diagram scale,MODEL_COMPARISON_ONLY
CC-2020-07-03-ORCH-W-D,Orchów | Łódź,https://www.cropcirclecenter.com/ccdata/2020/07/03/PL20200703_A.html,284,0.23,NEEDS_SOURCE_DIMENSION,REJECT,NO_COUNT,NEEDS_SOURCE_DIMENSION,0.525047,,,NEEDS_SOURCE_DIMENSION,absolute diameter by drone photogrammetry or diagram scale,MODEL_COMPARISON_ONLY
CC-2020-07-18-CROP-CIRCLE-CENTER,crop circle center,https://www.cropcirclecenter.com/ccdata/2020/07/18/PL20200718_A.html,285,0.23,NEEDS_SOURCE_DIMENSION,NO_RATIO,COUNT_PRESENT_OTHER_FAMILY,NEEDS_SOURCE_DIMENSION,,15,,NEEDS_SOURCE_DIMENSION,absolute diameter by drone photogrammetry or diagram scale,MODEL_COMPARISON_ONLY
CC-2020-07-22-BISHOPS-SUTTON-HANTS,"Bishops Sutton, Hants",https://www.cropcirclecenter.com/ccdata/2020/07/22/UK20200722_A.html,286,0.23,NEEDS_SOURCE_DIMENSION,REJECT,NO_COUNT,NEEDS_SOURCE_DIMENSION,0.206261,,,NEEDS_SOURCE_DIMENSION,absolute diameter by drone photogrammetry or diagram scale,MODEL_COMPARISON_ONLY
CC-2020-07-22-UFFCOTT-WILTSHIRE-2,Uffcott | Wiltshire,https://www.cropcirclecenter.com/ccdata/2020/07/22/UK20200722_B.html,287,0.23,NEEDS_SOURCE_DIMENSION,REJECT,NO_COUNT,NEEDS_SOURCE_DIMENSION,0.233948,,,NEEDS_SOURCE_DIMENSION,absolute diameter by drone photogrammetry or diagram scale,MODEL_COMPARISON_ONLY
CC-2020-07-26-ETCHILHAMPTON-2-WILTS-2,Etchilhampton (2) | Wiltshire,https://temporarytemples.co.uk/project/etchilhampton-2-wilts-26th-july-2020,288,0.23,NEEDS_SOURCE_DIMENSION,REJECT,NO_COUNT,NEEDS_SOURCE_DIMENSION,0.150791,,,NEEDS_SOURCE_DIMENSION,absolute diameter by drone photogrammetry or diagram scale,MODEL_COMPARISON_ONLY
CC-2020-07-26-YARNBURY-CASTLE-WILTS,Yarnbury Castle | Wiltshire,https://temporarytemples.co.uk/project/yarnbury-castle-wilts-26th-july-2020,289,0.23,NEEDS_SOURCE_DIMENSION,REJECT,NO_COUNT,NEEDS_SOURCE_DIMENSION,0.231757,,,NEEDS_SOURCE_DIMENSION,absolute diameter by drone photogrammetry or diagram scale,MODEL_COMPARISON_ONLY
CC-2020-07-29-ELBA-NEW-YORK,Elba | New York,https://www.cropcirclecenter.com/ccdata/2020/07/29/US20200729_A.html,290,0.23,NEEDS_SOURCE_DIMENSION,REJECT,NO_COUNT,NEEDS_SOURCE_DIMENSION,0.934962,,,NEEDS_SOURCE_DIMENSION,absolute diameter by drone photogrammetry or diagram scale,MODEL_COMPARISON_ONLY
CC-2020-07-30-HACKPEN-HILL-WILTSHIRE,Hackpen Hill | Wiltshire,https://www.cropcirclecenter.com/ccdata/2020/07/29/UK20200729_A.html,291,0.23,NEEDS_SOURCE_DIMENSION,REJECT,NO_COUNT,NEEDS_SOURCE_DIMENSION,0.3418,,,NEEDS_SOURCE_DIMENSION,absolute diameter by drone photogrammetry or diagram scale,MODEL_COMPARISON_ONLY
CC-2020-10-11-ENTRE-RIOS-SANTA-CATARINA,Entre Rios | Santa Catarina,https://www.cropcirclecenter.com/ccdata/2020/10/11/BR20201011_A.html,292,0.23,NEEDS_SOURCE_DIMENSION,REJECT,NO_COUNT,NEEDS_SOURCE_DIMENSION,0.194766,,,NEEDS_SOURCE_DIMENSION,absolute diameter by drone photogrammetry or diagram scale,MODEL_COMPARISON_ONLY
CC-2021-06-08-CRAWLEY-DOWN-HAMPSHIRE,Crawley Down | Hampshire,https://www.cropcirclecenter.com/ccdata/2021/06/08/UK20210608_A.html,293,0.23,NEEDS_SOURCE_DIMENSION,REJECT,NO_COUNT,NEEDS_SOURCE_DIMENSION,0.11323,,,NEEDS_SOURCE_DIMENSION,absolute diameter by drone photogrammetry or diagram scale,MODEL_COMPARISON_ONLY
CC-2021-06-14-LUDGERSHALL-WILTS,"Ludgershall, Wilts",https://www.cropcirclecenter.com/ccdata/2021/06/14/UK20210614_A.html,294,0.23,NEEDS_SOURCE_DIMENSION,REJECT,NO_COUNT,NEEDS_SOURCE_DIMENSION,0.893391,,,NEEDS_SOURCE_DIMENSION,absolute diameter by drone photogrammetry or diagram scale,MODEL_COMPARISON_ONLY
CC-2021-06-28-TIDCOMBE-DOWN-WILTS,"Tidcombe Down, Wilts",https://www.cropcirclecenter.com/ccdata/2021/06/28/UK20210628_A.html,295,0.23,NEEDS_SOURCE_DIMENSION,REJECT,NO_COUNT,NEEDS_SOURCE_DIMENSION,0.948173,,,NEEDS_SOURCE_DIMENSION,absolute diameter by drone photogrammetry or diagram scale,MODEL_COMPARISON_ONLY
CC-2021-07-04-LONGWOOD-WARREN-HANTS,"Longwood Warren, Hants",https://www.cropcirclecenter.com/ccdata/2021/07/04/UK20210704_A.html,296,0.23,NEEDS_SOURCE_DIMENSION,NO_RATIO,COUNT_PRESENT_OTHER_FAMILY,NEEDS_SOURCE_DIMENSION,,10,,NEEDS_SOURCE_DIMENSION,absolute diameter by drone photogrammetry or diagram scale,MODEL_COMPARISON_ONLY
CC-2021-07-07-OKEFORD-HILL-DORSET,Okeford Hill | Dorset,https://www.cropcirclecenter.com/ccdata/2021/07/07/UK20210707_A.html,297,0.23,NEEDS_SOURCE_DIMENSION,NO_RATIO,COUNT_PRESENT_OTHER_FAMILY,NEEDS_SOURCE_DIMENSION,,30,,NEEDS_SOURCE_DIMENSION,absolute diameter by drone photogrammetry or diagram scale,MODEL_COMPARISON_ONLY
CC-2021-07-25-GAUTING-BAVARIA,Gauting | Bavaria,https://www.cropcirclecenter.com/ccdata/2021/07/25/DE20210725_A.html,298,0.23,NEEDS_SOURCE_DIMENSION,REJECT,NO_COUNT,NEEDS_SOURCE_DIMENSION,0.13981,,,NEEDS_SOURCE_DIMENSION,absolute diameter by drone photogrammetry or diagram scale,MODEL_COMPARISON_ONLY
CC-2021-08-02-BILLINGLEY-SOUTH-YORKSHIRE,Billingley | South Yorkshire,https://www.cropcirclecenter.com/ccdata/2021/08/02/UK20210802_A.html,299,0.23,NEEDS_SOURCE_DIMENSION,NO_RATIO,COUNT_PRESENT_OTHER_FAMILY,NEEDS_SOURCE_DIMENSION,,10,,NEEDS_SOURCE_DIMENSION,absolute diameter by drone photogrammetry or diagram scale,MODEL_COMPARISON_ONLY
CC-2021-08-08-MARTEN-WILTS,"Marten, Wilts",https://www.cropcirclecenter.com/ccdata/2021/08/08/UK20210808_A.html,300,0.23,NEEDS_SOURCE_DIMENSION,REJECT,NO_COUNT,NEEDS_SOURCE_DIMENSION,0.584274,,,NEEDS_SOURCE_DIMENSION,absolute diameter by drone photogrammetry or diagram scale,MODEL_COMPARISON_ONLY
CC-2021-08-23-BLANDFORD-FORUM-DORSET,Blandford Forum | Dorset,https://www.cropcirclecenter.com/ccdata/2021/08/23/UK20210823_A.html,301,0.23,NEEDS_SOURCE_DIMENSION,REJECT,NO_COUNT,NEEDS_SOURCE_DIMENSION,0.125972,,,NEEDS_SOURCE_DIMENSION,absolute diameter by drone photogrammetry or diagram scale,MODEL_COMPARISON_ONLY
CC-2022-04-24-CRAB-WOOD-HANTS,"Crab Wood, Hants",https://www.cropcirclecenter.com/ccdata/2022/04/24/UK20220424_A.html,302,0.23,NEEDS_SOURCE_DIMENSION,REJECT,NO_COUNT,NEEDS_SOURCE_DIMENSION,0.299583,,,NEEDS_SOURCE_DIMENSION,absolute diameter by drone photogrammetry or diagram scale,MODEL_COMPARISON_ONLY
CC-2022-05-22-LITTLE-DOWN-WILTSHIRE,Little Down | Wiltshire,https://www.cropcirclecenter.com/ccdata/2022/05/22/UK20220522_A.html,303,0.23,NEEDS_SOURCE_DIMENSION,REJECT,NO_COUNT,NEEDS_SOURCE_DIMENSION,0.228866,,,NEEDS_SOURCE_DIMENSION,absolute diameter by drone photogrammetry or diagram scale,MODEL_COMPARISON_ONLY
CC-2022-05-31-SAINT-DENIS-EN-BUGEY-AIN,Saint Denis en Bugey | Ain,https://www.cropcirclecenter.com/ccdata/2022/05/31/FR20220531_A.html,304,0.23,NEEDS_SOURCE_DIMENSION,REJECT,NO_COUNT,NEEDS_SOURCE_DIMENSION,0.047265,,,NEEDS_SOURCE_DIMENSION,absolute diameter by drone photogrammetry or diagram scale,MODEL_COMPARISON_ONLY
CC-2022-06-04-HACKPEN-HILL-1-WILTS,"Hackpen Hill (1), Wilts",https://temporarytemples.co.uk/project/hackpen-hill-1-04-06-2022,305,0.23,NEEDS_SOURCE_DIMENSION,NO_RATIO,COUNT_PRESENT_OTHER_FAMILY,NEEDS_SOURCE_DIMENSION,,14,,NEEDS_SOURCE_DIMENSION,absolute diameter by drone photogrammetry or diagram scale,MODEL_COMPARISON_ONLY
CC-2022-06-05-YEOVIL-SOMERSET,Yeovil | Somerset,https://www.cropcirclecenter.com/ccdata/2022/06/05/UK20220605_A.html,306,0.23,NEEDS_SOURCE_DIMENSION,REJECT,NO_COUNT,NEEDS_SOURCE_DIMENSION,0.439043,,,NEEDS_SOURCE_DIMENSION,absolute diameter by drone photogrammetry or diagram scale,MODEL_COMPARISON_ONLY
CC-2022-07-09-FROXFIELD-WILTS,"Froxfield, Wilts",https://www.cropcirclecenter.com/ccdata/2022/07/09/UK20220709_A.html,307,0.23,NEEDS_SOURCE_DIMENSION,NO_RATIO,COUNT_PRESENT_OTHER_FAMILY,NEEDS_SOURCE_DIMENSION,,6,,NEEDS_SOURCE_DIMENSION,absolute diameter by drone photogrammetry or diagram scale,MODEL_COMPARISON_ONLY
CC-2022-07-24-ETCHILHAMPTON-WILTSHIRE,Etchilhampton | Wiltshire,https://www.cropcirclecenter.com/ccdata/2022/07/24/UK20220724_A.html,308,0.23,NEEDS_SOURCE_DIMENSION,NO_RATIO,COUNT_PRESENT_OTHER_FAMILY,NEEDS_SOURCE_DIMENSION,,6,,NEEDS_SOURCE_DIMENSION,absolute diameter by drone photogrammetry or diagram scale,MODEL_COMPARISON_ONLY
CC-2022-10-04-IPUA-U-SANTA-CATARINA,Ipuaçu | Santa Catarina,https://www.cropcirclecenter.com/ccdata/2022/10/04/BR20221004_A.html,309,0.23,NEEDS_SOURCE_DIMENSION,REJECT,NO_COUNT,NEEDS_SOURCE_DIMENSION,0.124608,,,NEEDS_SOURCE_DIMENSION,absolute diameter by drone photogrammetry or diagram scale,MODEL_COMPARISON_ONLY
CC-2023-05-28-BROAD-HINTON-WILTSHIRE,Broad Hinton | Wiltshire,https://www.cropcirclecenter.com/ccdata/2023/05/28/UK20230528_A.html,310,0.23,NEEDS_SOURCE_DIMENSION,REJECT,NO_COUNT,NEEDS_SOURCE_DIMENSION,0.10291,,,NEEDS_SOURCE_DIMENSION,absolute diameter by drone photogrammetry or diagram scale,MODEL_COMPARISON_ONLY
CC-2023-06-07-POTTERNE-HILL-WILTS,"Potterne Hill, Wilts",https://www.cropcirclecenter.com/ccdata/2023/06/07/UK20230707_A.html,311,0.23,NEEDS_SOURCE_DIMENSION,NO_RATIO,COUNT_PRESENT_OTHER_FAMILY,NEEDS_SOURCE_DIMENSION,,18,,NEEDS_SOURCE_DIMENSION,absolute diameter by drone photogrammetry or diagram scale,MODEL_COMPARISON_ONLY
CC-2023-06-11-FURZE-KNOLL-WILTSHIRE,Furze Knoll | Wiltshire,https://www.cropcirclecenter.com/ccdata/2023/06/11/UK20230611_A.html,312,0.23,NEEDS_SOURCE_DIMENSION,REJECT,NO_COUNT,NEEDS_SOURCE_DIMENSION,0.244313,,,NEEDS_SOURCE_DIMENSION,absolute diameter by drone photogrammetry or diagram scale,MODEL_COMPARISON_ONLY
CC-2023-06-11-YET-UNKNOWN-AIN,yet unknown | Ain,https://www.cropcirclecenter.com/ccdata/2023/06/11/FR20230611_A.html,313,0.23,NEEDS_SOURCE_DIMENSION,NO_RATIO,COUNT_PRESENT_OTHER_FAMILY,NEEDS_SOURCE_DIMENSION,,9,,NEEDS_SOURCE_DIMENSION,absolute diameter by drone photogrammetry or diagram scale,MODEL_COMPARISON_ONLY
CC-2023-07-04-WINCHESTER-HAMPSHIRE,Winchester | Hampshire,https://www.cropcirclecenter.com/ccdata/2023/07/04/UK20230704_A.html,314,0.23,NEEDS_SOURCE_DIMENSION,NO_RATIO,COUNT_PRESENT_OTHER_FAMILY,NEEDS_SOURCE_DIMENSION,,6,,NEEDS_SOURCE_DIMENSION,absolute diameter by drone photogrammetry or diagram scale,MODEL_COMPARISON_ONLY
CC-2023-07-09-LANE-END-DOWN-HAMPSHIRE-2,Lane End Down | Hampshire,https://www.cropcirclecenter.com/ccdata/2023/07/09/UK20230709_B.html,315,0.23,NEEDS_SOURCE_DIMENSION,NO_RATIO,COUNT_PRESENT_OTHER_FAMILY,NEEDS_SOURCE_DIMENSION,,42,,NEEDS_SOURCE_DIMENSION,absolute diameter by drone photogrammetry or diagram scale,MODEL_COMPARISON_ONLY
CC-2023-07-11-BROAD-HINTON-WILTSHIRE,Broad Hinton | Wiltshire,https://www.cropcirclecenter.com/ccdata/2023/07/11/UK20230711_A.html,316,0.23,NEEDS_SOURCE_DIMENSION,REJECT,NO_COUNT,NEEDS_SOURCE_DIMENSION,0.077161,,,NEEDS_SOURCE_DIMENSION,absolute diameter by drone photogrammetry or diagram scale,MODEL_COMPARISON_ONLY
CC-2023-07-16-RUSHOCK-WORCESTERSHIRE,Rushock | Worcestershire,https://www.cropcirclecenter.com/ccdata/2023/07/16/UK20230716_A.html,317,0.23,NEEDS_SOURCE_DIMENSION,REJECT,NO_COUNT,NEEDS_SOURCE_DIMENSION,0.522091,,,NEEDS_SOURCE_DIMENSION,absolute diameter by drone photogrammetry or diagram scale,MODEL_COMPARISON_ONLY
CC-2023-07-30-BRATTON-WILTSHIRE,Bratton | Wiltshire,https://www.cropcirclecenter.com/ccdata/2023/07/30/UK20230730_A.html,318,0.23,NEEDS_SOURCE_DIMENSION,REJECT,NO_COUNT,NEEDS_SOURCE_DIMENSION,0.419656,,,NEEDS_SOURCE_DIMENSION,absolute diameter by drone photogrammetry or diagram scale,MODEL_COMPARISON_ONLY
CC-2023-08-10-CLEY-HILL-WILTS,"Cley Hill, Wilts",https://www.cropcirclecenter.com/ccdata/2023/08/10/UK20230810_A.html,319,0.23,NEEDS_SOURCE_DIMENSION,REJECT,NO_COUNT,NEEDS_SOURCE_DIMENSION,0.177321,,,NEEDS_SOURCE_DIMENSION,absolute diameter by drone photogrammetry or diagram scale,MODEL_COMPARISON_ONLY
CC-2023-08-15-BARTON-STACEY-HAMPSHIRE,Barton Stacey | Hampshire,https://www.cropcirclecenter.com/ccdata/2023/08/15/UK20230815_A.html,320,0.23,NEEDS_SOURCE_DIMENSION,REJECT,NO_COUNT,NEEDS_SOURCE_DIMENSION,0.152086,,,NEEDS_SOURCE_DIMENSION,absolute diameter by drone photogrammetry or diagram scale,MODEL_COMPARISON_ONLY
CC-2024-02-14-KANSAS-CITY-KANSAS,Kansas City | Kansas,https://www.cropcirclecenter.com/ccdata/2024/02/14/US20240214_A.html,321,0.23,NEEDS_SOURCE_DIMENSION,NO_RATIO,COUNT_PRESENT_OTHER_FAMILY,NEEDS_SOURCE_DIMENSION,,10,,NEEDS_SOURCE_DIMENSION,absolute diameter by drone photogrammetry or diagram scale,MODEL_COMPARISON_ONLY
CC-2024-06-07-WOLFISHEIM-BAS-RHIN,Wolfisheim | Bas-Rhin,https://www.cropcirclecenter.com/ccdata/2024/06/07/FR20240607_A.html,322,0.23,NEEDS_SOURCE_DIMENSION,REJECT,NO_COUNT,NEEDS_SOURCE_DIMENSION,0.259449,,,NEEDS_SOURCE_DIMENSION,absolute diameter by drone photogrammetry or diagram scale,MODEL_COMPARISON_ONLY
CC-2024-06-25-NARROMINE-NEW-SOUTH-WALES,Narromine | New South Wales,https://www.cropcirclecenter.com/ccdata/2024/06/25/AU20240625_A.html,323,0.23,NEEDS_SOURCE_DIMENSION,REJECT,NO_COUNT,NEEDS_SOURCE_DIMENSION,0.279333,,,NEEDS_SOURCE_DIMENSION,absolute diameter by drone photogrammetry or diagram scale,MODEL_COMPARISON_ONLY
CC-2024-07-28-STOKE-CHARITY-SUTTON-SCOTNEY-HANTS,"Stoke Charity (Sutton Scotney), Hants",https://temporarytemples.co.uk/project/stoke-charity-2024,324,0.23,NEEDS_SOURCE_DIMENSION,REJECT,NO_COUNT,NEEDS_SOURCE_DIMENSION,0.873626,,,NEEDS_SOURCE_DIMENSION,absolute diameter by drone photogrammetry or diagram scale,MODEL_COMPARISON_ONLY
CC-2024-10-14-IPUA-U-SANTA-CATARINA,Ipuaçu | Santa Catarina,https://www.cropcirclecenter.com/ccdata/2024/10/14/BR20241014_A.html,325,0.23,NEEDS_SOURCE_DIMENSION,REJECT,NO_COUNT,NEEDS_SOURCE_DIMENSION,0.195954,,,NEEDS_SOURCE_DIMENSION,absolute diameter by drone photogrammetry or diagram scale,MODEL_COMPARISON_ONLY
CC-2025-04-11-WIMBORNE-MINSTER-DORSET,Wimborne Minster | Dorset,https://www.cropcirclecenter.com/ccdata/2025/04/11/UK20250411_A.html,326,0.23,NEEDS_SOURCE_DIMENSION,REJECT,NO_COUNT,NEEDS_SOURCE_DIMENSION,0.197396,,,NEEDS_SOURCE_DIMENSION,absolute diameter by drone photogrammetry or diagram scale,MODEL_COMPARISON_ONLY
CC-2025-05-15-SUTTON-VENY-WILTS,"Sutton Veny, Wilts",https://www.cropcirclecenter.com/ccdata/2025/05/15/UK20250515_A.html,327,0.23,NEEDS_SOURCE_DIMENSION,REJECT,NO_COUNT,NEEDS_SOURCE_DIMENSION,0.077121,,,NEEDS_SOURCE_DIMENSION,absolute diameter by drone photogrammetry or diagram scale,MODEL_COMPARISON_ONLY
CC-2025-05-18-CULLIFORD-TREE-BARROW-DORSET,Culliford Tree Barrow | Dorset,https://www.cropcirclecenter.com/ccdata/2025/05/18/UK20250518_A.html,328,0.23,NEEDS_SOURCE_DIMENSION,REJECT,NO_COUNT,NEEDS_SOURCE_DIMENSION,0.361936,,,NEEDS_SOURCE_DIMENSION,absolute diameter by drone photogrammetry or diagram scale,MODEL_COMPARISON_ONLY
CC-2025-06-08-AVEBURY-WILTS,"Avebury, Wilts",https://www.cropcirclecenter.com/ccdata/2025/06/08/UK20250608_A.html,329,0.23,NEEDS_SOURCE_DIMENSION,REJECT,NO_COUNT,NEEDS_SOURCE_DIMENSION,0.181284,,,NEEDS_SOURCE_DIMENSION,absolute diameter by drone photogrammetry or diagram scale,MODEL_COMPARISON_ONLY
CC-2025-06-22-HACKPEN-HILL-WILTS,"Hackpen Hill, Wilts",https://www.cropcirclecenter.com/ccdata/2025/06/22/UK20250622_A.html,330,0.23,NEEDS_SOURCE_DIMENSION,REJECT,NO_COUNT,NEEDS_SOURCE_DIMENSION,0.152791,,,NEEDS_SOURCE_DIMENSION,absolute diameter by drone photogrammetry or diagram scale,MODEL_COMPARISON_ONLY
CC-2025-07-12-LUDWELL-WILTS,"Ludwell, Wilts",https://www.cropcirclecenter.com/ccdata/2025/07/12/UK20250712_A.html,331,0.23,NEEDS_SOURCE_DIMENSION,REJECT,NO_COUNT,NEEDS_SOURCE_DIMENSION,0.591286,,,NEEDS_SOURCE_DIMENSION,absolute diameter by drone photogrammetry or diagram scale,MODEL_COMPARISON_ONLY
CC-2026-05-08-SOUTH-BREWHAM-SOMERSET,South Brewham | Somerset,https://www.cropcirclecenter.com/ccdata/2026/05/08/UK20260508_A.html,332,0.23,NEEDS_SOURCE_DIMENSION,REJECT,NO_COUNT,NEEDS_SOURCE_DIMENSION,0.349809,,,NEEDS_SOURCE_DIMENSION,absolute diameter by drone photogrammetry or diagram scale,MODEL_COMPARISON_ONLY
CC-2026-05-22-MERE-WILTSHIRE,Mere | Wiltshire,https://www.cropcirclecenter.com/ccdata/2026/05/22/UK20260522_A.html,333,0.23,NEEDS_SOURCE_DIMENSION,REJECT,NO_COUNT,NEEDS_SOURCE_DIMENSION,0.5167,,,NEEDS_SOURCE_DIMENSION,absolute diameter by drone photogrammetry or diagram scale,MODEL_COMPARISON_ONLY
CC-2026-05-30-DITCHEAT-SOMERSET,"Ditcheat, Somerset",https://temporarytemples.co.uk/project/ditcheat-2026,334,0.23,NEEDS_SOURCE_DIMENSION,REJECT,NO_COUNT,NEEDS_SOURCE_DIMENSION,0.38771,,,NEEDS_SOURCE_DIMENSION,absolute diameter by drone photogrammetry or diagram scale,MODEL_COMPARISON_ONLY
CC-2026-06-15-GREAT-WISHFORD-WILTS,"Great Wishford, Wilts",https://temporarytemples.co.uk/project/great-wishford-2026,335,0.23,NEEDS_SOURCE_DIMENSION,NO_RATIO,COUNT_PRESENT_OTHER_FAMILY,NEEDS_SOURCE_DIMENSION,,10,,NEEDS_SOURCE_DIMENSION,absolute diameter by drone photogrammetry or diagram scale,MODEL_COMPARISON_ONLY
CC-2026-06-15-WILTON-WILTSHIRE,Wilton | Wiltshire,https://www.cropcirclecenter.com/ccdata/2026/06/15/UK20260615_A.html,336,0.23,NEEDS_SOURCE_DIMENSION,NO_RATIO,COUNT_PRESENT_OTHER_FAMILY,NEEDS_SOURCE_DIMENSION,,10,,NEEDS_SOURCE_DIMENSION,absolute diameter by drone photogrammetry or diagram scale,MODEL_COMPARISON_ONLY
CC-2026-06-29-HACKPEN-HILL-WILTSHIRE,Hackpen Hill | Wiltshire,https://www.cropcirclecenter.com/ccdata/2026/06/29/UK20260629_A.html,337,0.23,NEEDS_SOURCE_DIMENSION,REJECT,NO_COUNT,NEEDS_SOURCE_DIMENSION,0.111197,,,NEEDS_SOURCE_DIMENSION,absolute diameter by drone photogrammetry or diagram scale,MODEL_COMPARISON_ONLY
CC-2026-07-03-BISHOPSTONE-OXFORDSHIRE,Bishopstone | Oxfordshire,https://www.cropcirclecenter.com/ccdata/2026/07/03/UK20260703_A.html,338,0.23,NEEDS_SOURCE_DIMENSION,REJECT,NO_COUNT,NEEDS_SOURCE_DIMENSION,0.204524,,,NEEDS_SOURCE_DIMENSION,absolute diameter by drone photogrammetry or diagram scale,MODEL_COMPARISON_ONLY
CC-2026-07-05-ZEAL-S-KNOLL-MERE-WILTS,"Zeal's Knoll, Mere, Wilts",https://www.cropcirclecenter.com/ccdata/2026/07/05/UK20260705_A.html,339,0.23,NEEDS_SOURCE_DIMENSION,REJECT,NO_COUNT,NEEDS_SOURCE_DIMENSION,0.037695,,,NEEDS_SOURCE_DIMENSION,absolute diameter by drone photogrammetry or diagram scale,MODEL_COMPARISON_ONLY
CC-2026-07-12-MILK-HILL-WILTS,"Milk Hill, Wilts",https://www.cropcirclecenter.com/ccdata/2026/07/12/UK20260712_A.html,340,0.23,NEEDS_SOURCE_DIMENSION,REJECT,NO_COUNT,NEEDS_SOURCE_DIMENSION,0.958844,,,NEEDS_SOURCE_DIMENSION,absolute diameter by drone photogrammetry or diagram scale,MODEL_COMPARISON_ONLY
CC-2026-07-16-WAYLAND-S-SMITHY-OXON,"Wayland's Smithy, Oxon",https://www.cropcirclecenter.com/ccdata/2026/07/16/UK20260716_A.html,341,0.23,NEEDS_SOURCE_DIMENSION,REJECT,NO_COUNT,NEEDS_SOURCE_DIMENSION,0.037342,,,NEEDS_SOURCE_DIMENSION,absolute diameter by drone photogrammetry or diagram scale,MODEL_COMPARISON_ONLY
CC-1978-07-01-HEADBOURNE-WORTHY-HAMPSHIRE,Headbourne Worthy | Hampshire,https://www.cropcirclecenter.com/ccdata/1978/07/01/UK19780701_A.html,342,0.225,NEEDS_SOURCE_DIMENSION,NO_RATIO,DYADIC_FAMILY,NEEDS_SOURCE_DIMENSION,,4,,DYADIC_FAMILY,absolute diameter by drone photogrammetry or diagram scale,MODEL_COMPARISON_ONLY
CC-1990-06-02-STONE-PITT-HILL-BLACKLAND-WILTSHIRE-2,"Stone Pitt Hill, Blackland, Wiltshire",https://www.cropcirclearchives.co.uk/archives/1990/Blackland90.html,343,0.225,NEEDS_SOURCE_DIMENSION,NO_RATIO,DYADIC_FAMILY,NEEDS_SOURCE_DIMENSION,,4,,DYADIC_FAMILY,absolute diameter by drone photogrammetry or diagram scale,MODEL_COMPARISON_ONLY
CC-2005-07-03-AMERSHAM-BUCKINGHAMSHIRE-2,Amersham | Buckinghamshire,https://www.cropcirclecenter.com/ccdata/2005/07/03/UK20050703_B.html,344,0.225,NEEDS_SOURCE_DIMENSION,NO_RATIO,DYADIC_FAMILY,NEEDS_SOURCE_DIMENSION,,4,,DYADIC_FAMILY,absolute diameter by drone photogrammetry or diagram scale,MODEL_COMPARISON_ONLY
CC-2005-07-17-SOMPTING-WEST-SUSSEX,Sompting | West Sussex,https://www.cropcirclecenter.com/ccdata/2005/07/17/UK20050717_D.html,345,0.225,NEEDS_SOURCE_DIMENSION,NO_RATIO,DYADIC_FAMILY,NEEDS_SOURCE_DIMENSION,,4,,DYADIC_FAMILY,absolute diameter by drone photogrammetry or diagram scale,MODEL_COMPARISON_ONLY
CC-2005-08-12-BLUEBELL-HILL-KENT,Bluebell Hill | Kent,https://www.cropcirclecenter.com/ccdata/2005/08/12/UK20050812_A.html,346,0.225,NEEDS_SOURCE_DIMENSION,NO_RATIO,DYADIC_FAMILY,NEEDS_SOURCE_DIMENSION,,4,,DYADIC_FAMILY,absolute diameter by drone photogrammetry or diagram scale,MODEL_COMPARISON_ONLY
CC-2005-08-21-ALTON-PRIORS-WILTSHIRE,Alton Priors | Wiltshire,https://www.cropcirclecenter.com/ccdata/2005/08/21/UK20050821_A.html,347,0.225,NEEDS_SOURCE_DIMENSION,NO_RATIO,DYADIC_FAMILY,NEEDS_SOURCE_DIMENSION,,4,,DYADIC_FAMILY,absolute diameter by drone photogrammetry or diagram scale,MODEL_COMPARISON_ONLY
CC-2006-06-10-SANDYVILLE-WEST-VIRGINIA-2,Sandyville | West Virginia,https://www.cropcirclecenter.com/ccdata/2006/06/10/US20060610_B.html,348,0.225,NEEDS_SOURCE_DIMENSION,NO_RATIO,DYADIC_FAMILY,NEEDS_SOURCE_DIMENSION,,4,,DYADIC_FAMILY,absolute diameter by drone photogrammetry or diagram scale,MODEL_COMPARISON_ONLY
CC-2006-06-19-CALCINAIA-TOSCANA,Calcinaia | Toscana,https://www.cropcirclecenter.com/ccdata/2006/06/19/IT20060619_A.html,349,0.225,NEEDS_SOURCE_DIMENSION,NO_RATIO,DYADIC_FAMILY,NEEDS_SOURCE_DIMENSION,,8,,DYADIC_FAMILY,absolute diameter by drone photogrammetry or diagram scale,MODEL_COMPARISON_ONLY
CC-2006-06-22-BLUEBELL-HILL-KENT,Bluebell Hill | Kent,https://www.cropcirclecenter.com/ccdata/2006/06/22/UK20060622_A.html,350,0.225,NEEDS_SOURCE_DIMENSION,NO_RATIO,DYADIC_FAMILY,NEEDS_SOURCE_DIMENSION,,8,,DYADIC_FAMILY,absolute diameter by drone photogrammetry or diagram scale,MODEL_COMPARISON_ONLY
CC-2006-06-29-PRALORMO-PIEMONTE,Pralormo | Piemonte,https://www.cropcirclecenter.com/ccdata/2006/06/28/IT20060628_A.html,351,0.225,NEEDS_SOURCE_DIMENSION,NO_RATIO,DYADIC_FAMILY,NEEDS_SOURCE_DIMENSION,,8,,DYADIC_FAMILY,absolute diameter by drone photogrammetry or diagram scale,MODEL_COMPARISON_ONLY
CC-2006-07-11-WALLISELLEN-Z-RICH,Wallisellen | Zürich,https://www.cropcirclecenter.com/ccdata/2006/07/11/CH20060711_A.html,352,0.225,NEEDS_SOURCE_DIMENSION,NO_RATIO,DYADIC_FAMILY,NEEDS_SOURCE_DIMENSION,,4,,DYADIC_FAMILY,absolute diameter by drone photogrammetry or diagram scale,MODEL_COMPARISON_ONLY
CC-2006-07-15-SIEDLICE-MAZOWIECKIE,Siedlice | Mazowieckie,https://www.cropcirclecenter.com/ccdata/2006/07/15/PL20060715_A.html,353,0.225,NEEDS_SOURCE_DIMENSION,NO_RATIO,DYADIC_FAMILY,NEEDS_SOURCE_DIMENSION,,8,,DYADIC_FAMILY,absolute diameter by drone photogrammetry or diagram scale,MODEL_COMPARISON_ONLY
CC-2006-07-17-ICKLETON-CAMBRIDGESHIRE,Ickleton | Cambridgeshire,https://www.cropcirclecenter.com/ccdata/2006/07/17/UK20060717_A.html,354,0.225,NEEDS_SOURCE_DIMENSION,NO_RATIO,DYADIC_FAMILY,NEEDS_SOURCE_DIMENSION,,8,,DYADIC_FAMILY,absolute diameter by drone photogrammetry or diagram scale,MODEL_COMPARISON_ONLY
CC-2006-07-30-ILLINOIS-BELLEVILLE,Illinois | Belleville,https://www.cropcirclecenter.com/ccdata/2006/07/30/US20060730_A.html,355,0.225,NEEDS_SOURCE_DIMENSION,NO_RATIO,DYADIC_FAMILY,NEEDS_SOURCE_DIMENSION,,8,,DYADIC_FAMILY,absolute diameter by drone photogrammetry or diagram scale,MODEL_COMPARISON_ONLY
CC-2006-10-20-HOEVEN-NOORD-BRABANT,Hoeven | Noord-Brabant,https://www.cropcirclecenter.com/ccdata/2006/10/20/NL20061020_A.html,356,0.225,NEEDS_SOURCE_DIMENSION,NO_RATIO,DYADIC_FAMILY,NEEDS_SOURCE_DIMENSION,,4,,DYADIC_FAMILY,absolute diameter by drone photogrammetry or diagram scale,MODEL_COMPARISON_ONLY
CC-2007-04-30-HEDENM-NDEN-NIEDERSACHSEN,Hedenmünden | Niedersachsen,https://www.cropcirclecenter.com/ccdata/2007/04/30/DE20070430_A.html,357,0.225,NEEDS_SOURCE_DIMENSION,NO_RATIO,DYADIC_FAMILY,NEEDS_SOURCE_DIMENSION,,4,,DYADIC_FAMILY,absolute diameter by drone photogrammetry or diagram scale,MODEL_COMPARISON_ONLY
CC-2007-06-14-WESTBURY-WILTSHIRE,Westbury | Wiltshire,https://www.cropcirclecenter.com/ccdata/2007/06/14/UK20070614_A.html,358,0.225,NEEDS_SOURCE_DIMENSION,NO_RATIO,DYADIC_FAMILY,NEEDS_SOURCE_DIMENSION,,8,,DYADIC_FAMILY,absolute diameter by drone photogrammetry or diagram scale,MODEL_COMPARISON_ONLY
CC-2007-06-16-VOGHERA-LOMBARDIA,Voghera | Lombardia,https://www.cropcirclecenter.com/ccdata/2007/06/16/IT20070616_A.html,359,0.225,NEEDS_SOURCE_DIMENSION,NO_RATIO,DYADIC_FAMILY,NEEDS_SOURCE_DIMENSION,,4,,DYADIC_FAMILY,absolute diameter by drone photogrammetry or diagram scale,MODEL_COMPARISON_ONLY
CC-2007-07-01-NIEUWERKERKEN-LIMBURG-2,Nieuwerkerken | Limburg,https://www.cropcirclecenter.com/ccdata/2007/07/01/BE20070701_B.html,360,0.225,NEEDS_SOURCE_DIMENSION,NO_RATIO,DYADIC_FAMILY,NEEDS_SOURCE_DIMENSION,,16,,DYADIC_FAMILY,absolute diameter by drone photogrammetry or diagram scale,MODEL_COMPARISON_ONLY
CC-2007-07-15-BOURNEMOUTH-HAMPSHIRE,Bournemouth | Hampshire,https://www.cropcirclecenter.com/ccdata/2007/07/15/UK20070715_A.html,361,0.225,NEEDS_SOURCE_DIMENSION,NO_RATIO,DYADIC_FAMILY,NEEDS_SOURCE_DIMENSION,,8,,DYADIC_FAMILY,absolute diameter by drone photogrammetry or diagram scale,MODEL_COMPARISON_ONLY
CC-2007-08-26-ABBOTSFORD-BRITISH-COLUMBIA,Abbotsford | British Columbia,https://www.cropcirclecenter.com/ccdata/2007/08/26/CA20070826_A.html,362,0.225,NEEDS_SOURCE_DIMENSION,NO_RATIO,DYADIC_FAMILY,NEEDS_SOURCE_DIMENSION,,4,,DYADIC_FAMILY,absolute diameter by drone photogrammetry or diagram scale,MODEL_COMPARISON_ONLY
CC-2008-06-30-ALL-CANNINGS-WILTSHIRE,All Cannings | Wiltshire,https://www.cropcirclecenter.com/ccdata/2008/06/30/UK20080630_A.html,363,0.225,NEEDS_SOURCE_DIMENSION,NO_RATIO,DYADIC_FAMILY,NEEDS_SOURCE_DIMENSION,,8,,DYADIC_FAMILY,absolute diameter by drone photogrammetry or diagram scale,MODEL_COMPARISON_ONLY
CC-2008-07-01-AVEBURY-WILTSHIRE,Avebury | Wiltshire,https://www.cropcirclecenter.com/ccdata/2008/07/01/UK20080701_A.html,364,0.225,NEEDS_SOURCE_DIMENSION,NO_RATIO,DYADIC_FAMILY,NEEDS_SOURCE_DIMENSION,,4,,DYADIC_FAMILY,absolute diameter by drone photogrammetry or diagram scale,MODEL_COMPARISON_ONLY
CC-2008-07-05-HLUK-ZLINSKY-KRAJ,Hluk | Zlinsky kraj,https://www.cropcirclecenter.com/ccdata/2008/07/05/CZ20080705_A.html,365,0.225,NEEDS_SOURCE_DIMENSION,NO_RATIO,DYADIC_FAMILY,NEEDS_SOURCE_DIMENSION,,4,,DYADIC_FAMILY,absolute diameter by drone photogrammetry or diagram scale,MODEL_COMPARISON_ONLY
CC-2008-07-10-BROUWERSHAVEN-ZEELAND,Brouwershaven | Zeeland,https://www.cropcirclecenter.com/ccdata/2008/07/10/NL20080710_A.html,366,0.225,NEEDS_SOURCE_DIMENSION,NO_RATIO,DYADIC_FAMILY,NEEDS_SOURCE_DIMENSION,,8,,DYADIC_FAMILY,absolute diameter by drone photogrammetry or diagram scale,MODEL_COMPARISON_ONLY
CC-2008-07-20-LOCKERIDGE-WILTSHIRE-2,Lockeridge | Wiltshire,https://www.cropcirclecenter.com/ccdata/2008/07/20/UK20080720_B.html,367,0.225,NEEDS_SOURCE_DIMENSION,NO_RATIO,DYADIC_FAMILY,NEEDS_SOURCE_DIMENSION,,4,,DYADIC_FAMILY,absolute diameter by drone photogrammetry or diagram scale,MODEL_COMPARISON_ONLY
CC-2008-07-21-HODONICE-JIHOMORAVSKY-KRAJ,Hodonice | Jihomoravsky kraj,https://www.cropcirclecenter.com/ccdata/2008/07/21/CZ20080721_A.html,368,0.225,NEEDS_SOURCE_DIMENSION,NO_RATIO,DYADIC_FAMILY,NEEDS_SOURCE_DIMENSION,,4,,DYADIC_FAMILY,absolute diameter by drone photogrammetry or diagram scale,MODEL_COMPARISON_ONLY
CC-2008-07-22-ALTON-PRIORS-WILTSHIRE,Alton Priors | Wiltshire,https://www.cropcirclecenter.com/ccdata/2008/07/22/UK20080722_A.html,369,0.225,NEEDS_SOURCE_DIMENSION,NO_RATIO,DYADIC_FAMILY,NEEDS_SOURCE_DIMENSION,,4,,DYADIC_FAMILY,absolute diameter by drone photogrammetry or diagram scale,MODEL_COMPARISON_ONLY
CC-2008-07-22-VALENCE-RH-NE-ALPES,Valence | Rhône-Alpes,https://www.cropcirclecenter.com/ccdata/2008/07/22/FR20080722_A.html,370,0.225,NEEDS_SOURCE_DIMENSION,NO_RATIO,DYADIC_FAMILY,NEEDS_SOURCE_DIMENSION,,8,,DYADIC_FAMILY,absolute diameter by drone photogrammetry or diagram scale,MODEL_COMPARISON_ONLY
CC-2008-08-07-CHERHILL-WILTSHIRE,Cherhill | Wiltshire,https://www.cropcirclecenter.com/ccdata/2008/08/07/UK20080807_A.html,371,0.225,NEEDS_SOURCE_DIMENSION,NO_RATIO,DYADIC_FAMILY,NEEDS_SOURCE_DIMENSION,,8,,DYADIC_FAMILY,absolute diameter by drone photogrammetry or diagram scale,MODEL_COMPARISON_ONLY
CC-2008-08-18-ITLU-HERZEGOVINA-NERETVA,Ä itlu | Herzegovina-Neretva,https://www.cropcirclecenter.com/ccdata/2008/08/18/BA20080818_A.html,372,0.225,NEEDS_SOURCE_DIMENSION,NO_RATIO,DYADIC_FAMILY,NEEDS_SOURCE_DIMENSION,,4,,DYADIC_FAMILY,absolute diameter by drone photogrammetry or diagram scale,MODEL_COMPARISON_ONLY
CC-2009-06-13-TAWESMEAD-COPSE-WILTSHIRE-2,Tawesmead Copse | Wiltshire,https://www.cropcirclecenter.com/ccdata/2009/06/13/UK20090613_B.html,373,0.225,NEEDS_SOURCE_DIMENSION,NO_RATIO,DYADIC_FAMILY,NEEDS_SOURCE_DIMENSION,,8,,DYADIC_FAMILY,absolute diameter by drone photogrammetry or diagram scale,MODEL_COMPARISON_ONLY
CC-2009-07-14-WILBUR-WASHINGTON,Wilbur | Washington,https://www.cropcirclecenter.com/ccdata/2009/07/14/US20090714_A.html,374,0.225,NEEDS_SOURCE_DIMENSION,NO_RATIO,DYADIC_FAMILY,NEEDS_SOURCE_DIMENSION,,4,,DYADIC_FAMILY,absolute diameter by drone photogrammetry or diagram scale,MODEL_COMPARISON_ONLY
CC-2009-07-19-BURG-PLEESE-NIEDERSACHSEN-2,Burg Pleese | Niedersachsen,https://www.cropcirclecenter.com/ccdata/2009/07/19/DE20090719_B.html,375,0.225,NEEDS_SOURCE_DIMENSION,NO_RATIO,DYADIC_FAMILY,NEEDS_SOURCE_DIMENSION,,16,,DYADIC_FAMILY,absolute diameter by drone photogrammetry or diagram scale,MODEL_COMPARISON_ONLY
CC-2009-08-09-BISHOP-SUTTON-WILTSHIRE,BIshop Sutton | Wiltshire,https://www.cropcirclecenter.com/ccdata/2009/08/09/UK20090809_A.html,376,0.225,NEEDS_SOURCE_DIMENSION,NO_RATIO,DYADIC_FAMILY,NEEDS_SOURCE_DIMENSION,,4,,DYADIC_FAMILY,absolute diameter by drone photogrammetry or diagram scale,MODEL_COMPARISON_ONLY
CC-2009-09-19-MOOSE-JAW-SASKATCHEWAN,Moose Jaw | Saskatchewan,https://www.cropcirclecenter.com/ccdata/2009/09/19/CA20090919_A.html,377,0.225,NEEDS_SOURCE_DIMENSION,NO_RATIO,DYADIC_FAMILY,NEEDS_SOURCE_DIMENSION,,4,,DYADIC_FAMILY,absolute diameter by drone photogrammetry or diagram scale,MODEL_COMPARISON_ONLY
CC-2009-09-27-HOEVEN-NOORD-BRABANT,Hoeven | Noord-Brabant,https://www.cropcirclecenter.com/ccdata/2009/09/27/NL20090927_A.html,378,0.225,NEEDS_SOURCE_DIMENSION,NO_RATIO,DYADIC_FAMILY,NEEDS_SOURCE_DIMENSION,,4,,DYADIC_FAMILY,absolute diameter by drone photogrammetry or diagram scale,MODEL_COMPARISON_ONLY
CC-2010-06-07-STONY-LITTLETON-SOMERSET,Stony Littleton | Somerset,https://www.cropcirclecenter.com/ccdata/2010/06/07/UK20100607_A.html,379,0.225,NEEDS_SOURCE_DIMENSION,NO_RATIO,DYADIC_FAMILY,NEEDS_SOURCE_DIMENSION,,4,,DYADIC_FAMILY,absolute diameter by drone photogrammetry or diagram scale,MODEL_COMPARISON_ONLY
CC-2010-06-13-POIRINO-PIEMONTE,Poirino | Piemonte,https://www.cropcirclecenter.com/ccdata/2010/06/13/IT20100613_A.html,380,0.225,NEEDS_SOURCE_DIMENSION,NO_RATIO,DYADIC_FAMILY,NEEDS_SOURCE_DIMENSION,,4,,DYADIC_FAMILY,absolute diameter by drone photogrammetry or diagram scale,MODEL_COMPARISON_ONLY
CC-2010-07-28-SILBURY-HILL-WILTSHIRE-3,Silbury Hill | Wiltshire,https://www.cropcirclecenter.com/ccdata/2010/07/28/UK20100728_C.html,381,0.225,NEEDS_SOURCE_DIMENSION,NO_RATIO,DYADIC_FAMILY,NEEDS_SOURCE_DIMENSION,,4,,DYADIC_FAMILY,absolute diameter by drone photogrammetry or diagram scale,MODEL_COMPARISON_ONLY
CC-2011-06-01-WILTON-WINDMILL-WILTSHIRE,Wilton Windmill | Wiltshire,https://www.cropcirclecenter.com/ccdata/2011/06/01/UK20110601_A.html,382,0.225,NEEDS_SOURCE_DIMENSION,NO_RATIO,DYADIC_FAMILY,NEEDS_SOURCE_DIMENSION,,4,,DYADIC_FAMILY,absolute diameter by drone photogrammetry or diagram scale,MODEL_COMPARISON_ONLY
CC-2011-06-03-RUBERIA-EMILIA-ROMAGNA-2,Ruberia | Emilia-Romagna,https://www.cropcirclecenter.com/ccdata/2011/06/03/IT20110603_B.html,383,0.225,NEEDS_SOURCE_DIMENSION,NO_RATIO,DYADIC_FAMILY,NEEDS_SOURCE_DIMENSION,,4,,DYADIC_FAMILY,absolute diameter by drone photogrammetry or diagram scale,MODEL_COMPARISON_ONLY
CC-2011-06-16-HOEVEN-NOORD-BRABANT,Hoeven | Noord-Brabant,https://www.cropcirclecenter.com/ccdata/2011/06/16/NL20110616_A.html,384,0.225,NEEDS_SOURCE_DIMENSION,NO_RATIO,DYADIC_FAMILY,NEEDS_SOURCE_DIMENSION,,4,,DYADIC_FAMILY,absolute diameter by drone photogrammetry or diagram scale,MODEL_COMPARISON_ONLY
CC-2011-06-21-WESTWOODS-WILTSHIRE-2,Westwoods | Wiltshire,https://www.cropcirclecenter.com/ccdata/2011/06/21/UK20110621_B.html,385,0.225,NEEDS_SOURCE_DIMENSION,NO_RATIO,DYADIC_FAMILY,NEEDS_SOURCE_DIMENSION,,4,,DYADIC_FAMILY,absolute diameter by drone photogrammetry or diagram scale,MODEL_COMPARISON_ONLY
CC-2011-06-29-CHARLBURY-HILL-WILTSHIRE,Charlbury Hill | Wiltshire,https://www.cropcirclecenter.com/ccdata/2011/06/29/UK20110629_A.html,386,0.225,NEEDS_SOURCE_DIMENSION,NO_RATIO,DYADIC_FAMILY,NEEDS_SOURCE_DIMENSION,,8,,DYADIC_FAMILY,absolute diameter by drone photogrammetry or diagram scale,MODEL_COMPARISON_ONLY
CC-2011-07-13-WINDMILL-HILL-WILTSHIRE-3,Windmill Hill | Wiltshire,https://www.cropcirclecenter.com/ccdata/2011/07/13/UK20110713_C.html,387,0.225,NEEDS_SOURCE_DIMENSION,NO_RATIO,DYADIC_FAMILY,NEEDS_SOURCE_DIMENSION,,4,,DYADIC_FAMILY,absolute diameter by drone photogrammetry or diagram scale,MODEL_COMPARISON_ONLY
CC-2011-07-18-OVERTON-DOWN-WILTSHIRE,Overton Down | Wiltshire,https://www.cropcirclecenter.com/ccdata/2011/07/18/UK20110718_A.html,388,0.225,NEEDS_SOURCE_DIMENSION,NO_RATIO,DYADIC_FAMILY,NEEDS_SOURCE_DIMENSION,,4,,DYADIC_FAMILY,absolute diameter by drone photogrammetry or diagram scale,MODEL_COMPARISON_ONLY
CC-2011-08-04-BISHOPS-CANNINGS-WILTSHIRE,Bishops Cannings | Wiltshire,https://www.cropcirclecenter.com/ccdata/2011/08/04/UK20110804_A.html,389,0.225,NEEDS_SOURCE_DIMENSION,NO_RATIO,DYADIC_FAMILY,NEEDS_SOURCE_DIMENSION,,4,,DYADIC_FAMILY,absolute diameter by drone photogrammetry or diagram scale,MODEL_COMPARISON_ONLY
CC-2011-08-10-GIANT-S-GRAVE-WILTSHIRE,Giant's Grave | Wiltshire,https://www.cropcirclecenter.com/ccdata/2011/08/10/UK20110810_A.html,390,0.225,NEEDS_SOURCE_DIMENSION,NO_RATIO,DYADIC_FAMILY,NEEDS_SOURCE_DIMENSION,,4,,DYADIC_FAMILY,absolute diameter by drone photogrammetry or diagram scale,MODEL_COMPARISON_ONLY
CC-2011-11-23-TLAPANALOYA-M-XICO,Tlapanaloya | México,https://www.cropcirclecenter.com/ccdata/2011/11/23/ME20111123_A.html,391,0.225,NEEDS_SOURCE_DIMENSION,NO_RATIO,DYADIC_FAMILY,NEEDS_SOURCE_DIMENSION,,8,,DYADIC_FAMILY,absolute diameter by drone photogrammetry or diagram scale,MODEL_COMPARISON_ONLY
CC-2012-05-06-HOEVEN-NOORD-BRABANT,Hoeven | Noord Brabant,https://www.cropcirclecenter.com/ccdata/2012/05/06/NL20120506_A.html,392,0.225,NEEDS_SOURCE_DIMENSION,NO_RATIO,DYADIC_FAMILY,NEEDS_SOURCE_DIMENSION,,16,,DYADIC_FAMILY,absolute diameter by drone photogrammetry or diagram scale,MODEL_COMPARISON_ONLY
CC-2012-05-18-HOEVEN-NOORD-BRABANT,Hoeven | Noord Brabant,https://www.cropcirclecenter.com/ccdata/2012/05/18/NL20120518_A.html,393,0.225,NEEDS_SOURCE_DIMENSION,NO_RATIO,DYADIC_FAMILY,NEEDS_SOURCE_DIMENSION,,4,,DYADIC_FAMILY,absolute diameter by drone photogrammetry or diagram scale,MODEL_COMPARISON_ONLY
CC-2012-05-28-WEWELSBURG-NORDRHEIN-WESTFALEN,Wewelsburg | Nordrhein-Westfalen,https://www.cropcirclecenter.com/ccdata/2012/05/28/DE20120528_A.html,394,0.225,NEEDS_SOURCE_DIMENSION,NO_RATIO,DYADIC_FAMILY,NEEDS_SOURCE_DIMENSION,,8,,DYADIC_FAMILY,absolute diameter by drone photogrammetry or diagram scale,MODEL_COMPARISON_ONLY
CC-2012-07-04-BOSSCHENHOOFD-NOORD-BRABANT,Bosschenhoofd | Noord-Brabant,https://www.cropcirclecenter.com/ccdata/2012/07/04/NL20120704_A.html,395,0.225,NEEDS_SOURCE_DIMENSION,NO_RATIO,DYADIC_FAMILY,NEEDS_SOURCE_DIMENSION,,32,,DYADIC_FAMILY,absolute diameter by drone photogrammetry or diagram scale,MODEL_COMPARISON_ONLY
CC-2012-08-04-SJAELLAND,Sjaelland,https://www.cropcirclecenter.com/ccdata/2012/08/04/DK20120804_A.html,396,0.225,NEEDS_SOURCE_DIMENSION,NO_RATIO,DYADIC_FAMILY,NEEDS_SOURCE_DIMENSION,,4,,DYADIC_FAMILY,absolute diameter by drone photogrammetry or diagram scale,MODEL_COMPARISON_ONLY
CC-2012-08-15-WAPPENBURY-WARWICKSHIRE,Wappenbury | Warwickshire,https://www.cropcirclecenter.com/ccdata/2012/08/15/UK20120815_A.html,397,0.225,NEEDS_SOURCE_DIMENSION,NO_RATIO,DYADIC_FAMILY,NEEDS_SOURCE_DIMENSION,,4,,DYADIC_FAMILY,absolute diameter by drone photogrammetry or diagram scale,MODEL_COMPARISON_ONLY
CC-2012-08-20-WOODBOROUGH-HILL-WILTSHIRE-2,Woodborough Hill | Wiltshire,https://www.cropcirclecenter.com/ccdata/2012/08/20/UK20120820_B.html,398,0.225,NEEDS_SOURCE_DIMENSION,NO_RATIO,DYADIC_FAMILY,NEEDS_SOURCE_DIMENSION,,4,,DYADIC_FAMILY,absolute diameter by drone photogrammetry or diagram scale,MODEL_COMPARISON_ONLY
CC-2012-09-20-CHILLICOTHE-OHIO,Chillicothe | Ohio,https://www.cropcirclecenter.com/ccdata/2012/09/20/US20120920_A.html,399,0.225,NEEDS_SOURCE_DIMENSION,NO_RATIO,DYADIC_FAMILY,NEEDS_SOURCE_DIMENSION,,16,,DYADIC_FAMILY,absolute diameter by drone photogrammetry or diagram scale,MODEL_COMPARISON_ONLY
CC-2012-10-14-WINDMILL-HILL-WILTSHIRE,Windmill Hill | Wiltshire,https://www.cropcirclecenter.com/ccdata/2012/10/14/UK20121014_A.html,400,0.225,NEEDS_SOURCE_DIMENSION,NO_RATIO,DYADIC_FAMILY,NEEDS_SOURCE_DIMENSION,,4,,DYADIC_FAMILY,absolute diameter by drone photogrammetry or diagram scale,MODEL_COMPARISON_ONLY
CC-2013-06-17-TIMASHEVSK-KRASNODAR,Timashevsk | Krasnodar,https://www.cropcirclecenter.com/ccdata/2013/06/17/RU20130617_A.html,401,0.225,NEEDS_SOURCE_DIMENSION,NO_RATIO,DYADIC_FAMILY,NEEDS_SOURCE_DIMENSION,,4,,DYADIC_FAMILY,absolute diameter by drone photogrammetry or diagram scale,MODEL_COMPARISON_ONLY
CC-2013-07-08-MICHURINSKY-KRASNODAR,Michurinsky | Krasnodar,https://www.cropcirclecenter.com/ccdata/2013/07/08/RU20130708_A.html,402,0.225,NEEDS_SOURCE_DIMENSION,NO_RATIO,DYADIC_FAMILY,NEEDS_SOURCE_DIMENSION,,4,,DYADIC_FAMILY,absolute diameter by drone photogrammetry or diagram scale,MODEL_COMPARISON_ONLY
CC-2013-07-28-SYCHROV-LIBERECKY-KRAJ-2,Sychrov | Liberecky kraj,https://www.cropcirclecenter.com/ccdata/2013/07/28/CZ20130728_B.html,403,0.225,NEEDS_SOURCE_DIMENSION,NO_RATIO,DYADIC_FAMILY,NEEDS_SOURCE_DIMENSION,,8,,DYADIC_FAMILY,absolute diameter by drone photogrammetry or diagram scale,MODEL_COMPARISON_ONLY
CC-2013-11-03-VELSKIYE-ARCHANGELSK,Velskiye | Archangelsk,https://www.cropcirclecenter.com/ccdata/2013/11/33/RU20131133_A.html,404,0.225,NEEDS_SOURCE_DIMENSION,NO_RATIO,DYADIC_FAMILY,NEEDS_SOURCE_DIMENSION,,4,,DYADIC_FAMILY,absolute diameter by drone photogrammetry or diagram scale,MODEL_COMPARISON_ONLY
CC-2014-06-29-ACKLING-DYKE-DORSET-2,Ackling Dyke | Dorset,https://www.cropcirclecenter.com/ccdata/2014/06/29/UK20140629_B.html,405,0.225,NEEDS_SOURCE_DIMENSION,NO_RATIO,DYADIC_FAMILY,NEEDS_SOURCE_DIMENSION,,4,,DYADIC_FAMILY,absolute diameter by drone photogrammetry or diagram scale,MODEL_COMPARISON_ONLY
CC-2014-07-11-LANDAU-RHEINLAND-PFALZ,Landau | Rheinland-Pfalz,https://www.cropcirclecenter.com/ccdata/2014/07/11/DE20140711_A.html,406,0.225,NEEDS_SOURCE_DIMENSION,NO_RATIO,DYADIC_FAMILY,NEEDS_SOURCE_DIMENSION,,4,,DYADIC_FAMILY,absolute diameter by drone photogrammetry or diagram scale,MODEL_COMPARISON_ONLY
CC-2014-08-22-ACKLING-DYKE-DORSET,Ackling Dyke | Dorset,https://www.cropcirclecenter.com/ccdata/2014/08/22/UK20140822_A.html,407,0.225,NEEDS_SOURCE_DIMENSION,NO_RATIO,DYADIC_FAMILY,NEEDS_SOURCE_DIMENSION,,4,,DYADIC_FAMILY,absolute diameter by drone photogrammetry or diagram scale,MODEL_COMPARISON_ONLY
CC-2014-11-21-BOSSCHENHOOFD-NOORD-BRABANT,Bosschenhoofd | Noord Brabant,https://www.cropcirclecenter.com/ccdata/2014/11/21/NL20141121_A.html,408,0.225,NEEDS_SOURCE_DIMENSION,NO_RATIO,DYADIC_FAMILY,NEEDS_SOURCE_DIMENSION,,4,,DYADIC_FAMILY,absolute diameter by drone photogrammetry or diagram scale,MODEL_COMPARISON_ONLY
CC-2015-05-18-BERLIN-BERLIN,Berlin | Berlin,https://www.cropcirclecenter.com/ccdata/2015/05/18/DE20150518_A.html,409,0.225,NEEDS_SOURCE_DIMENSION,NO_RATIO,DYADIC_FAMILY,NEEDS_SOURCE_DIMENSION,,8,,DYADIC_FAMILY,absolute diameter by drone photogrammetry or diagram scale,MODEL_COMPARISON_ONLY
CC-2015-06-04-ZEWENBERGEN-NOORD-BRABANT,Zewenbergen | Noord Brabant,https://www.cropcirclecenter.com/ccdata/2015/06/04/NL20150604_A.html,410,0.225,NEEDS_SOURCE_DIMENSION,NO_RATIO,DYADIC_FAMILY,NEEDS_SOURCE_DIMENSION,,4,,DYADIC_FAMILY,absolute diameter by drone photogrammetry or diagram scale,MODEL_COMPARISON_ONLY
CC-2015-06-15-LANDAU-RHEINLAND-PFALZ,Landau | Rheinland-Pfalz,https://www.cropcirclecenter.com/ccdata/2015/06/15/DE20150615_A.html,411,0.225,NEEDS_SOURCE_DIMENSION,NO_RATIO,DYADIC_FAMILY,NEEDS_SOURCE_DIMENSION,,8,,DYADIC_FAMILY,absolute diameter by drone photogrammetry or diagram scale,MODEL_COMPARISON_ONLY
CC-2015-06-15-MERENSWEGJE-NOORD-BRABANT,Merenswegje | Noord Brabant,https://www.cropcirclecenter.com/ccdata/2015/06/15/NL20150615_A.html,412,0.225,NEEDS_SOURCE_DIMENSION,NO_RATIO,DYADIC_FAMILY,NEEDS_SOURCE_DIMENSION,,8,,DYADIC_FAMILY,absolute diameter by drone photogrammetry or diagram scale,MODEL_COMPARISON_ONLY
CC-2015-06-30-STRZELNO,Strzelno,https://www.cropcirclecenter.com/ccdata/2015/06/30/PL20150630_A.html,413,0.225,NEEDS_SOURCE_DIMENSION,NO_RATIO,DYADIC_FAMILY,NEEDS_SOURCE_DIMENSION,,8,,DYADIC_FAMILY,absolute diameter by drone photogrammetry or diagram scale,MODEL_COMPARISON_ONLY
CC-2015-07-07-CLEARBURY-RING-WILTSHIRE,"Clearbury Ring, Wiltshire",https://www.cropcirclecenter.com/ccdata/2015/07/06/UK20150706_A.html,414,0.225,NEEDS_SOURCE_DIMENSION,NO_RATIO,DYADIC_FAMILY,NEEDS_SOURCE_DIMENSION,,4,,DYADIC_FAMILY,absolute diameter by drone photogrammetry or diagram scale,MODEL_COMPARISON_ONLY
CC-2015-07-16-F-RSTENFELDBRUCK-BAVARIA,Fürstenfeldbruck | Bavaria,https://www.cropcirclecenter.com/ccdata/2015/07/16/DE20150716_A.html,415,0.225,NEEDS_SOURCE_DIMENSION,NO_RATIO,DYADIC_FAMILY,NEEDS_SOURCE_DIMENSION,,8,,DYADIC_FAMILY,absolute diameter by drone photogrammetry or diagram scale,MODEL_COMPARISON_ONLY
CC-2015-07-25-BARBURY-CASTLE-WILTSHIRE,Barbury Castle | Wiltshire,https://www.cropcirclecenter.com/ccdata/2015/07/25/UK20150725_A.html,416,0.225,NEEDS_SOURCE_DIMENSION,NO_RATIO,DYADIC_FAMILY,NEEDS_SOURCE_DIMENSION,,8,,DYADIC_FAMILY,absolute diameter by drone photogrammetry or diagram scale,MODEL_COMPARISON_ONLY
CC-2015-08-08-STRATFORD-UPON-AVON-WARWICKSHIRE-2,Stratford-upon-Avon | Warwickshire,https://www.cropcirclecenter.com/ccdata/2015/08/08/UK20150808_B.html,417,0.225,NEEDS_SOURCE_DIMENSION,NO_RATIO,DYADIC_FAMILY,NEEDS_SOURCE_DIMENSION,,4,,DYADIC_FAMILY,absolute diameter by drone photogrammetry or diagram scale,MODEL_COMPARISON_ONLY
CC-2015-10-31-IPUA-U,Ipuaçu,https://www.cropcirclecenter.com/ccdata/2015/10/31/BR20151031_A.html,418,0.225,NEEDS_SOURCE_DIMENSION,NO_RATIO,DYADIC_FAMILY,NEEDS_SOURCE_DIMENSION,,8,,DYADIC_FAMILY,absolute diameter by drone photogrammetry or diagram scale,MODEL_COMPARISON_ONLY
CC-2016-04-09-HOEVEN-NOORD-BRABANT,Hoeven | Noord Brabant,https://www.cropcirclecenter.com/ccdata/2016/04/09/NL20160409_A.html,419,0.225,NEEDS_SOURCE_DIMENSION,NO_RATIO,DYADIC_FAMILY,NEEDS_SOURCE_DIMENSION,,4,,DYADIC_FAMILY,absolute diameter by drone photogrammetry or diagram scale,MODEL_COMPARISON_ONLY
CC-2016-05-06-HOEVEN-NOORD-BRABANT,Hoeven | Noord-Brabant,https://www.cropcirclecenter.com/ccdata/2016/05/06/NL20160506_A.html,420,0.225,NEEDS_SOURCE_DIMENSION,NO_RATIO,DYADIC_FAMILY,NEEDS_SOURCE_DIMENSION,,4,,DYADIC_FAMILY,absolute diameter by drone photogrammetry or diagram scale,MODEL_COMPARISON_ONLY
CC-2016-07-22-FIGSBURY-RING-WILTSHIRE-2,Figsbury Ring | Wiltshire,https://www.cropcirclecenter.com/ccdata/2016/07/22/UK20160722_B.html,421,0.225,NEEDS_SOURCE_DIMENSION,NO_RATIO,DYADIC_FAMILY,NEEDS_SOURCE_DIMENSION,,8,,DYADIC_FAMILY,absolute diameter by drone photogrammetry or diagram scale,MODEL_COMPARISON_ONLY
CC-2016-07-24-MAMMENDORF-BAYERN,Mammendorf | Bayern,https://www.cropcirclecenter.com/ccdata/2016/07/24/DE20160724_A.html,422,0.225,NEEDS_SOURCE_DIMENSION,NO_RATIO,DYADIC_FAMILY,NEEDS_SOURCE_DIMENSION,,32,,DYADIC_FAMILY,absolute diameter by drone photogrammetry or diagram scale,MODEL_COMPARISON_ONLY
CC-2016-07-28-ALL-CANNINGS-WILTSHIRE,All Cannings | Wiltshire,https://www.cropcirclecenter.com/ccdata/2016/07/28/UK20160728_A.html,423,0.225,NEEDS_SOURCE_DIMENSION,NO_RATIO,DYADIC_FAMILY,NEEDS_SOURCE_DIMENSION,,8,,DYADIC_FAMILY,absolute diameter by drone photogrammetry or diagram scale,MODEL_COMPARISON_ONLY
CC-2016-08-27-BECKHAMPTON,Beckhampton,https://www.cropcirclecenter.com/ccdata/2016/08/27/UK20160827_A.html,424,0.225,NEEDS_SOURCE_DIMENSION,NO_RATIO,DYADIC_FAMILY,NEEDS_SOURCE_DIMENSION,,4,,DYADIC_FAMILY,absolute diameter by drone photogrammetry or diagram scale,MODEL_COMPARISON_ONLY
CC-2016-10-14-BOSSCHENHOOFD-NOORD-BRABANT,Bosschenhoofd | Noord-Brabant,https://www.cropcirclecenter.com/ccdata/2016/10/14/NL20161014_A.html,425,0.225,NEEDS_SOURCE_DIMENSION,NO_RATIO,DYADIC_FAMILY,NEEDS_SOURCE_DIMENSION,,4,,DYADIC_FAMILY,absolute diameter by drone photogrammetry or diagram scale,MODEL_COMPARISON_ONLY
CC-2017-04-18-HOEVEN-NOORD-BRABANT,Hoeven | Noord Brabant,https://www.cropcirclecenter.com/ccdata/2017/04/18/NL20170418_A.html,426,0.225,NEEDS_SOURCE_DIMENSION,NO_RATIO,DYADIC_FAMILY,NEEDS_SOURCE_DIMENSION,,4,,DYADIC_FAMILY,absolute diameter by drone photogrammetry or diagram scale,MODEL_COMPARISON_ONLY
CC-2017-05-18-HOEVEN-NOORD-BRABANT-2,Hoeven | Noord Brabant,https://www.cropcirclecenter.com/ccdata/2017/05/18/NL20170518_B.html,427,0.225,NEEDS_SOURCE_DIMENSION,NO_RATIO,DYADIC_FAMILY,NEEDS_SOURCE_DIMENSION,,4,,DYADIC_FAMILY,absolute diameter by drone photogrammetry or diagram scale,MODEL_COMPARISON_ONLY
CC-2017-07-05-BATTLESBURY-CAMP-WILTS,"Battlesbury Camp, Wilts",https://temporarytemples.co.uk/project/battlesbury-camp-wilts-5th-july-2017,428,0.225,NEEDS_SOURCE_DIMENSION,NO_RATIO,DYADIC_FAMILY,NEEDS_SOURCE_DIMENSION,,8,,DYADIC_FAMILY,absolute diameter by drone photogrammetry or diagram scale,MODEL_COMPARISON_ONLY
CC-2017-UNKNOWN-WOOTON-WAWEN-WARKS,"Wooton Wawen, Warks",https://www.cropcirclecenter.com/ccdata/2017/08/07/UK20170807_A.html,429,0.225,NEEDS_SOURCE_DIMENSION,NO_RATIO,DYADIC_FAMILY,NEEDS_SOURCE_DIMENSION,,4,,DYADIC_FAMILY,absolute diameter by drone photogrammetry or diagram scale,MODEL_COMPARISON_ONLY
CC-2018-06-04-USTER-Z-RICH,Uster | Zürich,https://www.cropcirclecenter.com/ccdata/2018/06/04/CH20180604_A.html,430,0.225,NEEDS_SOURCE_DIMENSION,NO_RATIO,DYADIC_FAMILY,NEEDS_SOURCE_DIMENSION,,4,,DYADIC_FAMILY,absolute diameter by drone photogrammetry or diagram scale,MODEL_COMPARISON_ONLY
CC-2018-06-19-SOKOLOVSKAYA,Sokolovskaya,https://www.cropcirclecenter.com/ccdata/2018/06/19/RU20180619_A.html,431,0.225,NEEDS_SOURCE_DIMENSION,NO_RATIO,DYADIC_FAMILY,NEEDS_SOURCE_DIMENSION,,4,,DYADIC_FAMILY,absolute diameter by drone photogrammetry or diagram scale,MODEL_COMPARISON_ONLY
CC-2018-06-24-YARNBURY-CASTLE-WILTS,"Yarnbury Castle, Wilts",https://www.cropcirclecenter.com/ccdata/2018/06/24/UK20180624_A.html,432,0.225,NEEDS_SOURCE_DIMENSION,NO_RATIO,DYADIC_FAMILY,NEEDS_SOURCE_DIMENSION,,4,,DYADIC_FAMILY,absolute diameter by drone photogrammetry or diagram scale,MODEL_COMPARISON_ONLY
CC-2018-08-05-NASUGBU,Nasugbu,https://www.cropcirclecenter.com/ccdata/2018/08/05/PH20180805_A.html,433,0.225,NEEDS_SOURCE_DIMENSION,NO_RATIO,DYADIC_FAMILY,NEEDS_SOURCE_DIMENSION,,4,,DYADIC_FAMILY,absolute diameter by drone photogrammetry or diagram scale,MODEL_COMPARISON_ONLY
CC-2018-08-10-ETCHILHAMPTON,Etchilhampton,https://www.cropcirclecenter.com/ccdata/2018/08/10/UK20180810_A.html,434,0.225,NEEDS_SOURCE_DIMENSION,NO_RATIO,DYADIC_FAMILY,NEEDS_SOURCE_DIMENSION,,16,,DYADIC_FAMILY,absolute diameter by drone photogrammetry or diagram scale,MODEL_COMPARISON_ONLY
CC-2018-10-15-HOEVEN,Hoeven,https://www.cropcirclecenter.com/ccdata/2018/10/15/NL20181015_A.html,435,0.225,NEEDS_SOURCE_DIMENSION,NO_RATIO,DYADIC_FAMILY,NEEDS_SOURCE_DIMENSION,,4,,DYADIC_FAMILY,absolute diameter by drone photogrammetry or diagram scale,MODEL_COMPARISON_ONLY
CC-2019-05-27-BOSSCHENHOOFD-NOORD-BRABANT,Bosschenhoofd | Noord Brabant,https://www.cropcirclecenter.com/ccdata/2019/05/27/NL20190527_A.html,436,0.225,NEEDS_SOURCE_DIMENSION,NO_RATIO,DYADIC_FAMILY,NEEDS_SOURCE_DIMENSION,,4,,DYADIC_FAMILY,absolute diameter by drone photogrammetry or diagram scale,MODEL_COMPARISON_ONLY
UK-2026-07-14-AVEBURY,Avebury near Green Street,https://temporarytemples.co.uk/project/avebury-2026,437,0.225,CROP_REJECTED_WITH_REASON,NO_RATIO,NO_COUNT,FIELD_188M_REJECT,,,76.2,FIELD_188M_REJECT,inner ring diameter to fix the inner/outer ratio,MODEL_COMPARISON_ONLY
CC-1986-08-14-CHEESEFOOT-HEAD-WINCHESTER-HAMPSHIRE,"Cheesefoot Head, Winchester, Hampshire",https://www.cropcirclearchives.co.uk/archives/1986/cheesfoot86.html,438,0.21,NEEDS_SOURCE_DIMENSION,NO_RATIO,PRIME_FAMILY,NEEDS_SOURCE_DIMENSION,,3,,PRIME_FAMILY,absolute diameter by drone photogrammetry or diagram scale,MODEL_COMPARISON_ONLY
CC-1992-06-19-BECKHAMPTON-2-WILTSHIRE-2,"Beckhampton (2), Wiltshire",https://www.cropcirclearchives.co.uk/archives/1992/beckhampton1992b.html,439,0.21,NEEDS_SOURCE_DIMENSION,NO_RATIO,PRIME_FAMILY,NEEDS_SOURCE_DIMENSION,,7,,PRIME_FAMILY,absolute diameter by drone photogrammetry or diagram scale,MODEL_COMPARISON_ONLY
CC-2005-06-30-HOEVEN-NOORD-BRABANT,Hoeven | Noord Brabant,https://www.cropcirclecenter.com/ccdata/2005/06/30/NL20050630_A.html,440,0.21,NEEDS_SOURCE_DIMENSION,NO_RATIO,PRIME_FAMILY,NEEDS_SOURCE_DIMENSION,,5,,PRIME_FAMILY,absolute diameter by drone photogrammetry or diagram scale,MODEL_COMPARISON_ONLY
CC-2005-07-03-DEVIZES-WILTSHIRE-3,Devizes | Wiltshire,https://www.cropcirclecenter.com/ccdata/2005/07/03/UK20050703_C.html,441,0.21,NEEDS_SOURCE_DIMENSION,NO_RATIO,PRIME_FAMILY,NEEDS_SOURCE_DIMENSION,,3,,PRIME_FAMILY,absolute diameter by drone photogrammetry or diagram scale,MODEL_COMPARISON_ONLY
CC-2005-07-10-LANE-END-DOWN-HAMPSHIRE-3,Lane End Down | Hampshire,https://www.cropcirclecenter.com/ccdata/2005/07/10/UK20050710_C.html,442,0.21,NEEDS_SOURCE_DIMENSION,NO_RATIO,PRIME_FAMILY,NEEDS_SOURCE_DIMENSION,,17,,PRIME_FAMILY,absolute diameter by drone photogrammetry or diagram scale,MODEL_COMPARISON_ONLY
CC-2005-07-17-MILK-HILL-WILTSHIRE-3,Milk Hill | Wiltshire,https://www.cropcirclecenter.com/ccdata/2005/07/17/UK20050717_C.html,443,0.21,NEEDS_SOURCE_DIMENSION,NO_RATIO,PRIME_FAMILY,NEEDS_SOURCE_DIMENSION,,3,,PRIME_FAMILY,absolute diameter by drone photogrammetry or diagram scale,MODEL_COMPARISON_ONLY
CC-2005-07-18-COOMBE-ABBEY-WEST-MIDLANDS-2,Coombe Abbey | West Midlands,https://www.cropcirclecenter.com/ccdata/2005/07/18/UK20050718_B.html,444,0.21,NEEDS_SOURCE_DIMENSION,NO_RATIO,PRIME_FAMILY,NEEDS_SOURCE_DIMENSION,,3,,PRIME_FAMILY,absolute diameter by drone photogrammetry or diagram scale,MODEL_COMPARISON_ONLY
CC-2005-08-20-MEOPHAM-KENT-2,Meopham | Kent,https://www.cropcirclecenter.com/ccdata/2005/08/20/UK20050820_B.html,445,0.21,NEEDS_SOURCE_DIMENSION,NO_RATIO,PRIME_FAMILY,NEEDS_SOURCE_DIMENSION,,3,,PRIME_FAMILY,absolute diameter by drone photogrammetry or diagram scale,MODEL_COMPARISON_ONLY
CC-2006-03-03-CONONDALE-QUEENSLAND,Conondale | Queensland,https://www.cropcirclecenter.com/ccdata/2006/03/32/AU20060332_A.html,446,0.21,NEEDS_SOURCE_DIMENSION,NO_RATIO,PRIME_FAMILY,NEEDS_SOURCE_DIMENSION,,3,,PRIME_FAMILY,absolute diameter by drone photogrammetry or diagram scale,MODEL_COMPARISON_ONLY
CC-2006-06-06-LA-MOTHE-SAIN-H-RAY-POITOU-CHARENTES,La Mothe-Sain-Héray | Poitou-Charentes,https://www.cropcirclecenter.com/ccdata/2006/06/06/FR20060606_A.html,447,0.21,NEEDS_SOURCE_DIMENSION,NO_RATIO,PRIME_FAMILY,NEEDS_SOURCE_DIMENSION,,3,,PRIME_FAMILY,absolute diameter by drone photogrammetry or diagram scale,MODEL_COMPARISON_ONLY
CC-2006-06-09-HERRINGTON-MICHIGAN,Herrington | Michigan,https://www.cropcirclecenter.com/ccdata/2006/06/09/US20060609_A.html,448,0.21,NEEDS_SOURCE_DIMENSION,NO_RATIO,PRIME_FAMILY,NEEDS_SOURCE_DIMENSION,,3,,PRIME_FAMILY,absolute diameter by drone photogrammetry or diagram scale,MODEL_COMPARISON_ONLY
CC-2006-06-19-D-RNBERG-HESSEN,Dörnberg | Hessen,https://www.cropcirclecenter.com/ccdata/2006/06/19/DE20060619_A.html,449,0.21,NEEDS_SOURCE_DIMENSION,NO_RATIO,PRIME_FAMILY,NEEDS_SOURCE_DIMENSION,,3,,PRIME_FAMILY,absolute diameter by drone photogrammetry or diagram scale,MODEL_COMPARISON_ONLY
CC-2006-06-25-IMOTSKI-SPLITSKO-DALMATINSKA-ZUPANIJA,Imotski | Splitsko-dalmatinska Zupanija,https://www.cropcirclecenter.com/ccdata/2006/06/25/HR20060625_A.html,450,0.21,NEEDS_SOURCE_DIMENSION,NO_RATIO,PRIME_FAMILY,NEEDS_SOURCE_DIMENSION,,3,,PRIME_FAMILY,absolute diameter by drone photogrammetry or diagram scale,MODEL_COMPARISON_ONLY
CC-2006-06-25-LJUBUSKI-ZAPADNOHERCEGOVACKI,Ljubuski | Zapadnohercegovacki,https://www.cropcirclecenter.com/ccdata/2006/06/25/BA20060625_A.html,451,0.21,NEEDS_SOURCE_DIMENSION,NO_RATIO,PRIME_FAMILY,NEEDS_SOURCE_DIMENSION,,3,,PRIME_FAMILY,absolute diameter by drone photogrammetry or diagram scale,MODEL_COMPARISON_ONLY
CC-2006-06-25-MEMMELSDORF-BAYERN,Memmelsdorf | Bayern,https://www.cropcirclecenter.com/ccdata/2006/06/25/DE20060625_A.html,452,0.21,NEEDS_SOURCE_DIMENSION,NO_RATIO,PRIME_FAMILY,NEEDS_SOURCE_DIMENSION,,3,,PRIME_FAMILY,absolute diameter by drone photogrammetry or diagram scale,MODEL_COMPARISON_ONLY
CC-2006-07-01-OSIMO-PIEMONTE,Osimo | Piemonte,https://www.cropcirclecenter.com/ccdata/2006/07/01/IT20060701_A.html,453,0.21,NEEDS_SOURCE_DIMENSION,NO_RATIO,PRIME_FAMILY,NEEDS_SOURCE_DIMENSION,,7,,PRIME_FAMILY,absolute diameter by drone photogrammetry or diagram scale,MODEL_COMPARISON_ONLY
CC-2006-07-04-ASTON-HERTFORDSHIRE,Aston | Hertfordshire,https://www.cropcirclecenter.com/ccdata/2006/07/04/UK20060704_A.html,454,0.21,NEEDS_SOURCE_DIMENSION,NO_RATIO,PRIME_FAMILY,NEEDS_SOURCE_DIMENSION,,5,,PRIME_FAMILY,absolute diameter by drone photogrammetry or diagram scale,MODEL_COMPARISON_ONLY
CC-2006-07-05-MARLOFFSTEIN-BAYERN,Marloffstein | Bayern,https://www.cropcirclecenter.com/ccdata/2006/07/05/DE20060705_A.html,455,0.21,NEEDS_SOURCE_DIMENSION,NO_RATIO,PRIME_FAMILY,NEEDS_SOURCE_DIMENSION,,3,,PRIME_FAMILY,absolute diameter by drone photogrammetry or diagram scale,MODEL_COMPARISON_ONLY
CC-2006-07-08-WAYLAND-S-SMITHY-OXFORDSHIRE,Wayland's Smithy | Oxfordshire,https://www.cropcirclearchives.co.uk/archives/2006/uffington1/uffington2006a.html,456,0.21,NEEDS_SOURCE_DIMENSION,NO_RATIO,PRIME_FAMILY,NEEDS_SOURCE_DIMENSION,,3,,PRIME_FAMILY,absolute diameter by drone photogrammetry or diagram scale,MODEL_COMPARISON_ONLY
CC-2006-07-09-BRAGBURY-LANE-HERTFORDSHIRE,Bragbury Lane | Hertfordshire,https://www.cropcirclecenter.com/ccdata/2006/07/09/UK20060709_A.html,457,0.21,NEEDS_SOURCE_DIMENSION,NO_RATIO,PRIME_FAMILY,NEEDS_SOURCE_DIMENSION,,5,,PRIME_FAMILY,absolute diameter by drone photogrammetry or diagram scale,MODEL_COMPARISON_ONLY
CC-2006-07-11-KITS-CORNER-KENT-2,Kits Corner | Kent,https://www.cropcirclecenter.com/ccdata/2006/07/11/UK20060711_B.html,458,0.21,NEEDS_SOURCE_DIMENSION,NO_RATIO,PRIME_FAMILY,NEEDS_SOURCE_DIMENSION,,5,,PRIME_FAMILY,absolute diameter by drone photogrammetry or diagram scale,MODEL_COMPARISON_ONLY
CC-2006-07-12-BOREK-OPOLSKIE-2,Borek | Opolskie,https://www.cropcirclecenter.com/ccdata/2006/07/12/PL20060712_B.html,459,0.21,NEEDS_SOURCE_DIMENSION,NO_RATIO,PRIME_FAMILY,NEEDS_SOURCE_DIMENSION,,3,,PRIME_FAMILY,absolute diameter by drone photogrammetry or diagram scale,MODEL_COMPARISON_ONLY
CC-2006-07-13-ILLMINSTER-SOMERSET,Illminster | Somerset,https://www.cropcirclecenter.com/ccdata/2006/07/13/UK20060713_A.html,460,0.21,NEEDS_SOURCE_DIMENSION,NO_RATIO,PRIME_FAMILY,NEEDS_SOURCE_DIMENSION,,3,,PRIME_FAMILY,absolute diameter by drone photogrammetry or diagram scale,MODEL_COMPARISON_ONLY
CC-2006-07-15-SWIBA-WIELKOPOLSKIE-2,Swiba | Wielkopolskie,https://www.cropcirclecenter.com/ccdata/2006/07/15/PL20060715_B.html,461,0.21,NEEDS_SOURCE_DIMENSION,NO_RATIO,PRIME_FAMILY,NEEDS_SOURCE_DIMENSION,,3,,PRIME_FAMILY,absolute diameter by drone photogrammetry or diagram scale,MODEL_COMPARISON_ONLY
CC-2006-07-17-BERGHEIM-STOMMEL-NORDRHEIN-WESTFALEN,Bergheim-Stommel | Nordrhein-Westfalen,https://www.cropcirclecenter.com/ccdata/2006/07/17/DE20060717_A.html,462,0.21,NEEDS_SOURCE_DIMENSION,NO_RATIO,PRIME_FAMILY,NEEDS_SOURCE_DIMENSION,,3,,PRIME_FAMILY,absolute diameter by drone photogrammetry or diagram scale,MODEL_COMPARISON_ONLY
CC-2006-07-18-WATERLOO-BRABANT-2,Waterloo | Brabant,https://www.cropcirclecenter.com/ccdata/2006/07/18/BE20060718_B.html,463,0.21,NEEDS_SOURCE_DIMENSION,NO_RATIO,PRIME_FAMILY,NEEDS_SOURCE_DIMENSION,,3,,PRIME_FAMILY,absolute diameter by drone photogrammetry or diagram scale,MODEL_COMPARISON_ONLY
CC-2006-07-19-WEST-OVERTON-WILTSHIRE-2,West Overton | Wiltshire,https://www.cropcirclecenter.com/ccdata/2006/07/19/UK20060719_B.html,464,0.21,NEEDS_SOURCE_DIMENSION,NO_RATIO,PRIME_FAMILY,NEEDS_SOURCE_DIMENSION,,11,,PRIME_FAMILY,absolute diameter by drone photogrammetry or diagram scale,MODEL_COMPARISON_ONLY
CC-2006-07-22-MILK-HILL-WILTSHIRE-2,Milk Hill | Wiltshire,https://www.cropcirclecenter.com/ccdata/2006/07/22/UK20060722_B.html,465,0.21,NEEDS_SOURCE_DIMENSION,NO_RATIO,PRIME_FAMILY,NEEDS_SOURCE_DIMENSION,,3,,PRIME_FAMILY,absolute diameter by drone photogrammetry or diagram scale,MODEL_COMPARISON_ONLY
CC-2006-07-23-NIEUWERKERKEN-LIMBURG-2,Nieuwerkerken | Limburg,https://www.cropcirclecenter.com/ccdata/2006/07/23/BE20060723_B.html,466,0.21,NEEDS_SOURCE_DIMENSION,NO_RATIO,PRIME_FAMILY,NEEDS_SOURCE_DIMENSION,,7,,PRIME_FAMILY,absolute diameter by drone photogrammetry or diagram scale,MODEL_COMPARISON_ONLY
CC-2006-07-23-NIEUWERKERKEN-LIMBURG-3,Nieuwerkerken | Limburg,https://www.cropcirclecenter.com/ccdata/2006/07/23/BE20060723_C.html,467,0.21,NEEDS_SOURCE_DIMENSION,NO_RATIO,PRIME_FAMILY,NEEDS_SOURCE_DIMENSION,,3,,PRIME_FAMILY,absolute diameter by drone photogrammetry or diagram scale,MODEL_COMPARISON_ONLY
CC-2006-07-23-ZEMGALE-ZEMGALE,Zemgale | Zemgale,https://www.cropcirclecenter.com/ccdata/2006/07/23/LV20060723_A.html,468,0.21,NEEDS_SOURCE_DIMENSION,NO_RATIO,PRIME_FAMILY,NEEDS_SOURCE_DIMENSION,,3,,PRIME_FAMILY,absolute diameter by drone photogrammetry or diagram scale,MODEL_COMPARISON_ONLY
CC-2006-08-03-PUCKERIDGE-HERTFORDSHIRE,Puckeridge | Hertfordshire,https://www.cropcirclecenter.com/ccdata/2006/08/33/UK20060833_A.html,469,0.21,NEEDS_SOURCE_DIMENSION,NO_RATIO,PRIME_FAMILY,NEEDS_SOURCE_DIMENSION,,3,,PRIME_FAMILY,absolute diameter by drone photogrammetry or diagram scale,MODEL_COMPARISON_ONLY
CC-2006-08-05-BALMERINO-FIFE,Balmerino | Fife,https://www.cropcirclecenter.com/ccdata/2006/08/05/UK20060805_A.html,470,0.21,NEEDS_SOURCE_DIMENSION,NO_RATIO,PRIME_FAMILY,NEEDS_SOURCE_DIMENSION,,3,,PRIME_FAMILY,absolute diameter by drone photogrammetry or diagram scale,MODEL_COMPARISON_ONLY
CC-2006-08-28-PROVOST-ALBERTA,Provost | Alberta,https://www.cropcirclecenter.com/ccdata/2006/08/28/CA20060828_A.html,471,0.21,NEEDS_SOURCE_DIMENSION,NO_RATIO,PRIME_FAMILY,NEEDS_SOURCE_DIMENSION,,3,,PRIME_FAMILY,absolute diameter by drone photogrammetry or diagram scale,MODEL_COMPARISON_ONLY
CC-2006-10-03-UNKNOWN-NUEVO-L-ON,unknown | Nuevo Léon,https://www.cropcirclecenter.com/ccdata/2006/10/32/ME20061032_A.html,472,0.21,NEEDS_SOURCE_DIMENSION,NO_RATIO,PRIME_FAMILY,NEEDS_SOURCE_DIMENSION,,5,,PRIME_FAMILY,absolute diameter by drone photogrammetry or diagram scale,MODEL_COMPARISON_ONLY
CC-2006-10-18-G-TTINGEN-NIEDERSACHSEN,Göttingen | Niedersachsen,https://www.cropcirclecenter.com/ccdata/2006/10/18/DE20061018_A.html,473,0.21,NEEDS_SOURCE_DIMENSION,NO_RATIO,PRIME_FAMILY,NEEDS_SOURCE_DIMENSION,,13,,PRIME_FAMILY,absolute diameter by drone photogrammetry or diagram scale,MODEL_COMPARISON_ONLY
CC-2007-05-30-AVEBURY-TRUSLOE-WILTSHIRE,Avebury Trusloe | Wiltshire,https://www.cropcirclecenter.com/ccdata/2007/05/30/UK20070530_A.html,474,0.21,NEEDS_SOURCE_DIMENSION,NO_RATIO,PRIME_FAMILY,NEEDS_SOURCE_DIMENSION,,11,,PRIME_FAMILY,absolute diameter by drone photogrammetry or diagram scale,MODEL_COMPARISON_ONLY
CC-2007-06-10-MONTEAU-DA-PO-PIEMONTE,Monteau da Po | Piemonte,https://www.cropcirclecenter.com/ccdata/2007/06/10/IT20070610_A.html,475,0.21,NEEDS_SOURCE_DIMENSION,NO_RATIO,PRIME_FAMILY,NEEDS_SOURCE_DIMENSION,,5,,PRIME_FAMILY,absolute diameter by drone photogrammetry or diagram scale,MODEL_COMPARISON_ONLY
CC-2007-06-24-KLEIN-WIERSHAUSEN-NIEDERSACHSEN,Klein Wiershausen | Niedersachsen,https://www.cropcirclecenter.com/ccdata/2007/06/24/DE20070624_A.html,476,0.21,NEEDS_SOURCE_DIMENSION,NO_RATIO,PRIME_FAMILY,NEEDS_SOURCE_DIMENSION,,5,,PRIME_FAMILY,absolute diameter by drone photogrammetry or diagram scale,MODEL_COMPARISON_ONLY
CC-2007-06-24-NEUSTADT-AM-R-BENBERGE-NIEDERSACHSEN-3,Neustadt am Rübenberge | Niedersachsen,https://www.cropcirclecenter.com/ccdata/2007/06/24/DE20070624_C.html,477,0.21,NEEDS_SOURCE_DIMENSION,NO_RATIO,PRIME_FAMILY,NEEDS_SOURCE_DIMENSION,,17,,PRIME_FAMILY,absolute diameter by drone photogrammetry or diagram scale,MODEL_COMPARISON_ONLY
CC-2007-06-26-BOSSCHENHOOFD-NOORD-BRABANT,Bosschenhoofd | Noord-Brabant,https://www.cropcirclecenter.com/ccdata/2007/06/26/NL20070626_A.html,478,0.21,NEEDS_SOURCE_DIMENSION,NO_RATIO,PRIME_FAMILY,NEEDS_SOURCE_DIMENSION,,3,,PRIME_FAMILY,absolute diameter by drone photogrammetry or diagram scale,MODEL_COMPARISON_ONLY
CC-2007-06-28-WEST-KENNETT-WILTSHIRE,West Kennett | Wiltshire,https://www.cropcirclearchives.co.uk/archives/2007/westkennett/westkennett2007.html,479,0.21,NEEDS_SOURCE_DIMENSION,NO_RATIO,PRIME_FAMILY,NEEDS_SOURCE_DIMENSION,,11,,PRIME_FAMILY,absolute diameter by drone photogrammetry or diagram scale,MODEL_COMPARISON_ONLY
CC-2007-07-01-DENDERHOUTEM-OOST-VLANDEREN,Denderhoutem | Oost-Vlanderen,https://www.cropcirclecenter.com/ccdata/2007/07/01/BE20070701_A.html,480,0.21,NEEDS_SOURCE_DIMENSION,NO_RATIO,PRIME_FAMILY,NEEDS_SOURCE_DIMENSION,,11,,PRIME_FAMILY,absolute diameter by drone photogrammetry or diagram scale,MODEL_COMPARISON_ONLY
CC-2007-07-01-HORB-AM-NECKAR-BADEN-W-RTTEMBERG,Horb am Neckar | Baden-Württemberg,https://www.cropcirclecenter.com/ccdata/2007/07/01/DE20070701_A.html,481,0.21,NEEDS_SOURCE_DIMENSION,NO_RATIO,PRIME_FAMILY,NEEDS_SOURCE_DIMENSION,,7,,PRIME_FAMILY,absolute diameter by drone photogrammetry or diagram scale,MODEL_COMPARISON_ONLY
CC-2007-07-16-ASHBURY-OXFORDSHIRE,Ashbury | Oxfordshire,https://www.cropcirclecenter.com/ccdata/2007/07/16/UK20070716_A.html,482,0.21,NEEDS_SOURCE_DIMENSION,NO_RATIO,PRIME_FAMILY,NEEDS_SOURCE_DIMENSION,,13,,PRIME_FAMILY,absolute diameter by drone photogrammetry or diagram scale,MODEL_COMPARISON_ONLY
CC-2007-08-03-HEDENM-NDEN-NIEDERSACHSEN,Hedenmünden | Niedersachsen,https://www.cropcirclecenter.com/ccdata/2007/08/03/DE20070803_A.html,483,0.21,NEEDS_SOURCE_DIMENSION,NO_RATIO,PRIME_FAMILY,NEEDS_SOURCE_DIMENSION,,3,,PRIME_FAMILY,absolute diameter by drone photogrammetry or diagram scale,MODEL_COMPARISON_ONLY
CC-2007-11-15-MARLBOROUGH-WILTSHIRE,Marlborough | Wiltshire,https://www.cropcirclecenter.com/ccdata/2007/11/15/UK20071115_A.html,484,0.21,NEEDS_SOURCE_DIMENSION,NO_RATIO,PRIME_FAMILY,NEEDS_SOURCE_DIMENSION,,3,,PRIME_FAMILY,absolute diameter by drone photogrammetry or diagram scale,MODEL_COMPARISON_ONLY
CC-2008-06-19-MONTALDO-ROERO-PIEMONTE,Montaldo Roero | Piemonte,https://www.cropcirclecenter.com/ccdata/2008/06/19/IT20080619_A.html,485,0.21,NEEDS_SOURCE_DIMENSION,NO_RATIO,PRIME_FAMILY,NEEDS_SOURCE_DIMENSION,,3,,PRIME_FAMILY,absolute diameter by drone photogrammetry or diagram scale,MODEL_COMPARISON_ONLY
CC-2008-06-25-HELSTON-CORNWALL,Helston | Cornwall,https://www.cropcirclecenter.com/ccdata/2008/06/25/UK20080625_A.html,486,0.21,NEEDS_SOURCE_DIMENSION,NO_RATIO,PRIME_FAMILY,NEEDS_SOURCE_DIMENSION,,5,,PRIME_FAMILY,absolute diameter by drone photogrammetry or diagram scale,MODEL_COMPARISON_ONLY
CC-2008-06-27-BILDECHINGEN-BADEN-W-RTTEMBERG,Bildechingen | Baden-Württemberg,https://www.cropcirclecenter.com/ccdata/2008/06/27/DE20080627_A.html,487,0.21,NEEDS_SOURCE_DIMENSION,NO_RATIO,PRIME_FAMILY,NEEDS_SOURCE_DIMENSION,,3,,PRIME_FAMILY,absolute diameter by drone photogrammetry or diagram scale,MODEL_COMPARISON_ONLY
CC-2008-06-30-GREENVILLE-SOUTH-CAROLINA,Greenville | South Carolina,https://www.cropcirclecenter.com/ccdata/2008/06/30/US20080630_A.html,488,0.21,NEEDS_SOURCE_DIMENSION,NO_RATIO,PRIME_FAMILY,NEEDS_SOURCE_DIMENSION,,3,,PRIME_FAMILY,absolute diameter by drone photogrammetry or diagram scale,MODEL_COMPARISON_ONLY
CC-2008-06-30-ZABRUSANY-USTECKY-KRAJ,Zabrusany | Ustecky kraj,https://www.cropcirclecenter.com/ccdata/2008/06/30/CZ20080630_A.html,489,0.21,NEEDS_SOURCE_DIMENSION,NO_RATIO,PRIME_FAMILY,NEEDS_SOURCE_DIMENSION,,3,,PRIME_FAMILY,absolute diameter by drone photogrammetry or diagram scale,MODEL_COMPARISON_ONLY
CC-2008-07-01-FRITZLAR-HESSEN,Fritzlar | Hessen,https://www.cropcirclecenter.com/ccdata/2008/07/01/DE20080701_A.html,490,0.21,NEEDS_SOURCE_DIMENSION,NO_RATIO,PRIME_FAMILY,NEEDS_SOURCE_DIMENSION,,5,,PRIME_FAMILY,absolute diameter by drone photogrammetry or diagram scale,MODEL_COMPARISON_ONLY
CC-2008-07-17-MORRENS-WAADT,Morrens | Waadt,https://www.cropcirclecenter.com/ccdata/2008/07/17/CH20080717_A.html,491,0.21,NEEDS_SOURCE_DIMENSION,NO_RATIO,PRIME_FAMILY,NEEDS_SOURCE_DIMENSION,,5,,PRIME_FAMILY,absolute diameter by drone photogrammetry or diagram scale,MODEL_COMPARISON_ONLY
CC-2008-07-26-BECKHAMPTON-WILTSHIRE,Beckhampton | Wiltshire,https://www.cropcirclecenter.com/ccdata/2008/07/26/UK20080726_A.html,492,0.21,NEEDS_SOURCE_DIMENSION,NO_RATIO,PRIME_FAMILY,NEEDS_SOURCE_DIMENSION,,3,,PRIME_FAMILY,absolute diameter by drone photogrammetry or diagram scale,MODEL_COMPARISON_ONLY
CC-2008-07-27-WAYLAND-S-SMITHY-OXFORDSHIRE,Wayland's Smithy | Oxfordshire,https://www.cropcirclecenter.com/ccdata/2008/07/27/UK20080727_E.html,493,0.21,NEEDS_SOURCE_DIMENSION,NO_RATIO,PRIME_FAMILY,NEEDS_SOURCE_DIMENSION,,5,,PRIME_FAMILY,absolute diameter by drone photogrammetry or diagram scale,MODEL_COMPARISON_ONLY
CC-2008-08-03-YATESBURY-WILTSHIRE-2,Yatesbury | Wiltshire,https://www.cropcirclecenter.com/ccdata/2008/08/03/UK20080803_B.html,494,0.21,NEEDS_SOURCE_DIMENSION,NO_RATIO,PRIME_FAMILY,NEEDS_SOURCE_DIMENSION,,11,,PRIME_FAMILY,absolute diameter by drone photogrammetry or diagram scale,MODEL_COMPARISON_ONLY
CC-2008-08-03-YATESBURY-WILTSHIRE-3,Yatesbury | Wiltshire,https://www.cropcirclecenter.com/ccdata/2008/08/03/UK20080803_C.html,495,0.21,NEEDS_SOURCE_DIMENSION,NO_RATIO,PRIME_FAMILY,NEEDS_SOURCE_DIMENSION,,3,,PRIME_FAMILY,absolute diameter by drone photogrammetry or diagram scale,MODEL_COMPARISON_ONLY
CC-2008-08-07-HOUGHTON-LE-SPRING-TYNE-AND-WEAR-2,Houghton-le-Spring | Tyne and Wear,https://www.cropcirclecenter.com/ccdata/2008/08/07/UK20080807_B.html,496,0.21,NEEDS_SOURCE_DIMENSION,NO_RATIO,PRIME_FAMILY,NEEDS_SOURCE_DIMENSION,,5,,PRIME_FAMILY,absolute diameter by drone photogrammetry or diagram scale,MODEL_COMPARISON_ONLY
CC-2008-08-09-LONGIROD-WAADT-2,Longirod | Waadt,https://www.cropcirclecenter.com/ccdata/2008/08/09/CH20080809_B.html,497,0.21,NEEDS_SOURCE_DIMENSION,NO_RATIO,PRIME_FAMILY,NEEDS_SOURCE_DIMENSION,,7,,PRIME_FAMILY,absolute diameter by drone photogrammetry or diagram scale,MODEL_COMPARISON_ONLY
CC-2009-06-06-CASTELFRANCO-TOSCANA,Castelfranco | Toscana,https://www.cropcirclecenter.com/ccdata/2009/06/06/IT20090606_A.html,498,0.21,NEEDS_SOURCE_DIMENSION,NO_RATIO,PRIME_FAMILY,NEEDS_SOURCE_DIMENSION,,5,,PRIME_FAMILY,absolute diameter by drone photogrammetry or diagram scale,MODEL_COMPARISON_ONLY
CC-2009-06-22-ROCHFORD-GOLF-COURSE-WILTSHIRE-2,Rochford Golf Course | Wiltshire,https://www.cropcirclecenter.com/ccdata/2009/06/22/UK20090622_B.html,499,0.21,NEEDS_SOURCE_DIMENSION,NO_RATIO,PRIME_FAMILY,NEEDS_SOURCE_DIMENSION,,3,,PRIME_FAMILY,absolute diameter by drone photogrammetry or diagram scale,MODEL_COMPARISON_ONLY
CC-2009-06-27-ALTON-PRIORS-WILTSHIRE,Alton Priors | Wiltshire,https://www.cropcirclecenter.com/ccdata/2009/06/27/UK20090627_A.html,500,0.21,NEEDS_SOURCE_DIMENSION,NO_RATIO,PRIME_FAMILY,NEEDS_SOURCE_DIMENSION,,3,,PRIME_FAMILY,absolute diameter by drone photogrammetry or diagram scale,MODEL_COMPARISON_ONLY
CC-2009-07-05-FRELOUX-LI-GE,Freloux | Liège,https://www.cropcirclecenter.com/ccdata/2009/07/05/BE20090705_A.html,501,0.21,NEEDS_SOURCE_DIMENSION,NO_RATIO,PRIME_FAMILY,NEEDS_SOURCE_DIMENSION,,3,,PRIME_FAMILY,absolute diameter by drone photogrammetry or diagram scale,MODEL_COMPARISON_ONLY
CC-2009-07-14-GREY-WETHERS-WILTSHIRE-2,Grey Wethers | Wiltshire,https://www.cropcirclecenter.com/ccdata/2009/07/14/UK20090714_B.html,502,0.21,NEEDS_SOURCE_DIMENSION,NO_RATIO,PRIME_FAMILY,NEEDS_SOURCE_DIMENSION,,3,,PRIME_FAMILY,absolute diameter by drone photogrammetry or diagram scale,MODEL_COMPARISON_ONLY
CC-2009-07-23-HERANGE-EN-MOSELLE-LORRAINE,Herange-en-Moselle | Lorraine,https://www.cropcirclecenter.com/ccdata/2009/07/23/FR20090723_A.html,503,0.21,NEEDS_SOURCE_DIMENSION,NO_RATIO,PRIME_FAMILY,NEEDS_SOURCE_DIMENSION,,3,,PRIME_FAMILY,absolute diameter by drone photogrammetry or diagram scale,MODEL_COMPARISON_ONLY
CC-2009-07-24-OGBOURNE-DOWN-WILTSHIRE,Ogbourne Down | Wiltshire,https://www.cropcirclecenter.com/ccdata/2009/07/24/UK20090724_A.html,504,0.21,NEEDS_SOURCE_DIMENSION,NO_RATIO,PRIME_FAMILY,NEEDS_SOURCE_DIMENSION,,29,,PRIME_FAMILY,absolute diameter by drone photogrammetry or diagram scale,MODEL_COMPARISON_ONLY
CC-2009-07-24-RIDDERKERK-ZUID-HOLLAND,Ridderkerk | Zuid-Holland,https://www.cropcirclecenter.com/ccdata/2009/07/24/NL20090724_A.html,505,0.21,NEEDS_SOURCE_DIMENSION,NO_RATIO,PRIME_FAMILY,NEEDS_SOURCE_DIMENSION,,7,,PRIME_FAMILY,absolute diameter by drone photogrammetry or diagram scale,MODEL_COMPARISON_ONLY
CC-2009-08-02-ALTON-PRIORS-WILTSHIRE,Alton Priors | Wiltshire,https://www.cropcirclecenter.com/ccdata/2009/08/02/UK20090802_A.html,506,0.21,NEEDS_SOURCE_DIMENSION,NO_RATIO,PRIME_FAMILY,NEEDS_SOURCE_DIMENSION,,5,,PRIME_FAMILY,absolute diameter by drone photogrammetry or diagram scale,MODEL_COMPARISON_ONLY
CC-2009-08-03-CROSS-DYKE-NORTH-YORKSHIRE,Cross Dyke | North Yorkshire,https://www.cropcirclecenter.com/ccdata/2009/08/03/UK20090803_A.html,507,0.21,NEEDS_SOURCE_DIMENSION,NO_RATIO,PRIME_FAMILY,NEEDS_SOURCE_DIMENSION,,3,,PRIME_FAMILY,absolute diameter by drone photogrammetry or diagram scale,MODEL_COMPARISON_ONLY
CC-2009-12-22-HOEVEN-NOORD-BRABANT,Hoeven | Noord-Brabant,https://www.cropcirclecenter.com/ccdata/2009/12/22/NL20091222_A.html,508,0.21,NEEDS_SOURCE_DIMENSION,NO_RATIO,PRIME_FAMILY,NEEDS_SOURCE_DIMENSION,,17,,PRIME_FAMILY,absolute diameter by drone photogrammetry or diagram scale,MODEL_COMPARISON_ONLY
CC-2010-05-26-ROH-MILANO,Roh | MIlano,https://www.cropcirclecenter.com/ccdata/2010/05/26/IT20100526_A.html,509,0.21,NEEDS_SOURCE_DIMENSION,NO_RATIO,PRIME_FAMILY,NEEDS_SOURCE_DIMENSION,,3,,PRIME_FAMILY,absolute diameter by drone photogrammetry or diagram scale,MODEL_COMPARISON_ONLY
CC-2010-05-26-SAN-BENIGNO-PIEMONTE-2,San Benigno | Piemonte,https://www.cropcirclecenter.com/ccdata/2010/05/26/IT20100526_B.html,510,0.21,NEEDS_SOURCE_DIMENSION,NO_RATIO,PRIME_FAMILY,NEEDS_SOURCE_DIMENSION,,13,,PRIME_FAMILY,absolute diameter by drone photogrammetry or diagram scale,MODEL_COMPARISON_ONLY
CC-2010-06-02-LIDDINGTON-CASTLE-WILTSHIRE,Liddington Castle | Wiltshire,https://www.cropcirclecenter.com/ccdata/2010/06/02/UK20100602_A.html,511,0.21,NEEDS_SOURCE_DIMENSION,NO_RATIO,PRIME_FAMILY,NEEDS_SOURCE_DIMENSION,,5,,PRIME_FAMILY,absolute diameter by drone photogrammetry or diagram scale,MODEL_COMPARISON_ONLY
CC-2010-06-12-MEENSEN-NIEDERSACHSEN,Meensen | NIedersachsen,https://www.cropcirclecenter.com/ccdata/2010/06/12/DE20100612_A.html,512,0.21,NEEDS_SOURCE_DIMENSION,NO_RATIO,PRIME_FAMILY,NEEDS_SOURCE_DIMENSION,,3,,PRIME_FAMILY,absolute diameter by drone photogrammetry or diagram scale,MODEL_COMPARISON_ONLY
CC-2010-06-20-UMBERTIDE-UMBRIA,Umbertide | Umbria,https://www.cropcirclecenter.com/ccdata/2010/06/20/IT20100620_A.html,513,0.21,NEEDS_SOURCE_DIMENSION,NO_RATIO,PRIME_FAMILY,NEEDS_SOURCE_DIMENSION,,5,,PRIME_FAMILY,absolute diameter by drone photogrammetry or diagram scale,MODEL_COMPARISON_ONLY
CC-2010-06-23-SAVERNAKE-FOREST-WILTSHIRE,Savernake Forest | Wiltshire,https://www.cropcirclecenter.com/ccdata/2010/06/23/UK20100623_A.html,514,0.21,NEEDS_SOURCE_DIMENSION,NO_RATIO,PRIME_FAMILY,NEEDS_SOURCE_DIMENSION,,3,,PRIME_FAMILY,absolute diameter by drone photogrammetry or diagram scale,MODEL_COMPARISON_ONLY
CC-2010-06-28-UNKNOWN,unknown |,https://www.cropcirclecenter.com/ccdata/2010/06/28/SI20100628_A.html,515,0.21,NEEDS_SOURCE_DIMENSION,NO_RATIO,PRIME_FAMILY,NEEDS_SOURCE_DIMENSION,,3,,PRIME_FAMILY,absolute diameter by drone photogrammetry or diagram scale,MODEL_COMPARISON_ONLY
CC-2010-06-29-KALDAUEN-NORDRHEIN-WESTFALEN,Kaldauen | Nordrhein-Westfalen,https://www.cropcirclecenter.com/ccdata/2010/06/29/DE20100629_A.html,516,0.21,NEEDS_SOURCE_DIMENSION,NO_RATIO,PRIME_FAMILY,NEEDS_SOURCE_DIMENSION,,5,,PRIME_FAMILY,absolute diameter by drone photogrammetry or diagram scale,MODEL_COMPARISON_ONLY
CC-2010-07-12-CLIFTON-WEST-YORKSHIRE,Clifton | West Yorkshire,https://www.cropcirclecenter.com/ccdata/2010/07/12/UK20100712_A.html,517,0.21,NEEDS_SOURCE_DIMENSION,NO_RATIO,PRIME_FAMILY,NEEDS_SOURCE_DIMENSION,,7,,PRIME_FAMILY,absolute diameter by drone photogrammetry or diagram scale,MODEL_COMPARISON_ONLY
CC-2010-07-12-STOCKBRIDGE-HAMPSHIRE-2,Stockbridge | Hampshire,https://www.cropcirclecenter.com/ccdata/2010/07/12/UK20100712_B.html,518,0.21,NEEDS_SOURCE_DIMENSION,NO_RATIO,PRIME_FAMILY,NEEDS_SOURCE_DIMENSION,,3,,PRIME_FAMILY,absolute diameter by drone photogrammetry or diagram scale,MODEL_COMPARISON_ONLY
CC-2010-07-14-SLAPANICE-JIHOMORAVSKY-KRAJ-2,Slapanice | Jihomoravsky kraj,https://www.cropcirclecenter.com/ccdata/2010/07/14/CZ20100714_B.html,519,0.21,NEEDS_SOURCE_DIMENSION,NO_RATIO,PRIME_FAMILY,NEEDS_SOURCE_DIMENSION,,7,,PRIME_FAMILY,absolute diameter by drone photogrammetry or diagram scale,MODEL_COMPARISON_ONLY
CC-2010-07-23-ASSEN-DRENTHE,Assen | Drenthe,https://www.cropcirclecenter.com/ccdata/2010/07/23/NL20100723_A.html,520,0.21,NEEDS_SOURCE_DIMENSION,NO_RATIO,PRIME_FAMILY,NEEDS_SOURCE_DIMENSION,,3,,PRIME_FAMILY,absolute diameter by drone photogrammetry or diagram scale,MODEL_COMPARISON_ONLY
CC-2010-07-23-OOST-SOUBURG-ZEELAND-2,Oost-Souburg | Zeeland,https://www.cropcirclecenter.com/ccdata/2010/07/23/NL20100723_B.html,521,0.21,NEEDS_SOURCE_DIMENSION,NO_RATIO,PRIME_FAMILY,NEEDS_SOURCE_DIMENSION,,3,,PRIME_FAMILY,absolute diameter by drone photogrammetry or diagram scale,MODEL_COMPARISON_ONLY
CC-2010-07-28-MILK-HILL-WILTSHIRE-2,Milk Hill | Wiltshire,https://www.cropcirclecenter.com/ccdata/2010/07/27/UK20100727_B.html,522,0.21,NEEDS_SOURCE_DIMENSION,NO_RATIO,PRIME_FAMILY,NEEDS_SOURCE_DIMENSION,,19,,PRIME_FAMILY,absolute diameter by drone photogrammetry or diagram scale,MODEL_COMPARISON_ONLY
CC-2010-07-29-ALTON-BARNES-WILTSHIRE,Alton Barnes | Wiltshire,https://www.cropcirclecenter.com/ccdata/2010/07/29/UK20100729_A.html,523,0.21,NEEDS_SOURCE_DIMENSION,NO_RATIO,PRIME_FAMILY,NEEDS_SOURCE_DIMENSION,,3,,PRIME_FAMILY,absolute diameter by drone photogrammetry or diagram scale,MODEL_COMPARISON_ONLY
CC-2010-07-29-VELESOVICE-JIHOMORAVSKY-KRAJ,Velesovice | Jihomoravsky kraj,https://www.cropcirclecenter.com/ccdata/2010/07/29/CZ20100729_A.html,524,0.21,NEEDS_SOURCE_DIMENSION,NO_RATIO,PRIME_FAMILY,NEEDS_SOURCE_DIMENSION,,5,,PRIME_FAMILY,absolute diameter by drone photogrammetry or diagram scale,MODEL_COMPARISON_ONLY
CC-2010-08-01-WESTBURY-WILTSHIRE,Westbury | Wiltshire,https://www.cropcirclecenter.com/ccdata/2010/08/01/UK20100801_A.html,525,0.21,NEEDS_SOURCE_DIMENSION,NO_RATIO,PRIME_FAMILY,NEEDS_SOURCE_DIMENSION,,3,,PRIME_FAMILY,absolute diameter by drone photogrammetry or diagram scale,MODEL_COMPARISON_ONLY
CC-2010-08-02-ROCHFORD-ESSEX,Rochford | Essex,https://www.cropcirclecenter.com/ccdata/2010/08/02/UK20100802_A.html,526,0.21,NEEDS_SOURCE_DIMENSION,NO_RATIO,PRIME_FAMILY,NEEDS_SOURCE_DIMENSION,,3,,PRIME_FAMILY,absolute diameter by drone photogrammetry or diagram scale,MODEL_COMPARISON_ONLY
CC-2010-08-09-HORTON-WILTSHIRE-2,Horton | Wiltshire,https://www.cropcirclecenter.com/ccdata/2010/08/09/UK20100809_B.html,527,0.21,NEEDS_SOURCE_DIMENSION,NO_RATIO,PRIME_FAMILY,NEEDS_SOURCE_DIMENSION,,5,,PRIME_FAMILY,absolute diameter by drone photogrammetry or diagram scale,MODEL_COMPARISON_ONLY
CC-2010-08-09-STANTON-ST-BERNARD-WILTSHIRE-3,Stanton St Bernard | Wiltshire,https://www.cropcirclecenter.com/ccdata/2010/08/08/UK20100808_C.html,528,0.21,NEEDS_SOURCE_DIMENSION,NO_RATIO,PRIME_FAMILY,NEEDS_SOURCE_DIMENSION,,13,,PRIME_FAMILY,absolute diameter by drone photogrammetry or diagram scale,MODEL_COMPARISON_ONLY
CC-2010-08-11-ROZSEC-KRAY-VYSOCINA-2,Rozsec | Kray Vysocina,https://www.cropcirclecenter.com/ccdata/2010/08/11/CZ20100811_B.html,529,0.21,NEEDS_SOURCE_DIMENSION,NO_RATIO,PRIME_FAMILY,NEEDS_SOURCE_DIMENSION,,5,,PRIME_FAMILY,absolute diameter by drone photogrammetry or diagram scale,MODEL_COMPARISON_ONLY
CC-2010-08-23-ST-ANDREWS-GUERNSEY,St Andrews | Guernsey,https://www.cropcirclecenter.com/ccdata/2010/08/23/UK20100823_A.html,530,0.21,NEEDS_SOURCE_DIMENSION,NO_RATIO,PRIME_FAMILY,NEEDS_SOURCE_DIMENSION,,3,,PRIME_FAMILY,absolute diameter by drone photogrammetry or diagram scale,MODEL_COMPARISON_ONLY
CC-2010-09-18-R-LLINGEN-AKERSHUS,Rællingen | Akershus,https://www.cropcirclecenter.com/ccdata/2010/09/18/NO20100918_A.html,531,0.21,NEEDS_SOURCE_DIMENSION,NO_RATIO,PRIME_FAMILY,NEEDS_SOURCE_DIMENSION,,3,,PRIME_FAMILY,absolute diameter by drone photogrammetry or diagram scale,MODEL_COMPARISON_ONLY
CC-2010-09-26-OVERTON-HILL-WILTSHIRE-2,Overton Hill | Wiltshire,https://www.cropcirclecenter.com/ccdata/2010/09/26/UK20100926_B.html,532,0.21,NEEDS_SOURCE_DIMENSION,NO_RATIO,PRIME_FAMILY,NEEDS_SOURCE_DIMENSION,,5,,PRIME_FAMILY,absolute diameter by drone photogrammetry or diagram scale,MODEL_COMPARISON_ONLY
CC-2010-UNKNOWN-MOMALLE-WALLONIE,Momalle | Wallonie,https://www.cropcirclecenter.com/ccdata/2010/06/15/BE20100615_A.html,533,0.21,NEEDS_SOURCE_DIMENSION,NO_RATIO,PRIME_FAMILY,NEEDS_SOURCE_DIMENSION,,3,,PRIME_FAMILY,absolute diameter by drone photogrammetry or diagram scale,MODEL_COMPARISON_ONLY
CC-2011-04-28-HOEVEN-NOORD-BRABANT,Hoeven | Noord-Brabant,https://www.cropcirclecenter.com/ccdata/2011/04/28/NL20110428_A.html,534,0.21,NEEDS_SOURCE_DIMENSION,NO_RATIO,PRIME_FAMILY,NEEDS_SOURCE_DIMENSION,,7,,PRIME_FAMILY,absolute diameter by drone photogrammetry or diagram scale,MODEL_COMPARISON_ONLY
CC-2011-04-29-SILBURY-HILL-WILTSHIRE,Silbury Hill | Wiltshire,https://www.cropcirclecenter.com/ccdata/2011/04/29/UK20110429_A.html,535,0.21,NEEDS_SOURCE_DIMENSION,NO_RATIO,PRIME_FAMILY,NEEDS_SOURCE_DIMENSION,,5,,PRIME_FAMILY,absolute diameter by drone photogrammetry or diagram scale,MODEL_COMPARISON_ONLY
CC-2011-05-23-ETTEN-LEUR-NOORD-BRABANT,Etten-Leur | Noord-Brabant,https://www.cropcirclecenter.com/ccdata/2011/05/23/NL20110523_A.html,536,0.21,NEEDS_SOURCE_DIMENSION,NO_RATIO,PRIME_FAMILY,NEEDS_SOURCE_DIMENSION,,11,,PRIME_FAMILY,absolute diameter by drone photogrammetry or diagram scale,MODEL_COMPARISON_ONLY
CC-2011-05-30-HACKPEN-HILL-WILTSHIRE,Hackpen Hill | Wiltshire,https://www.cropcirclecenter.com/ccdata/2011/05/30/UK20110530_A.html,537,0.21,NEEDS_SOURCE_DIMENSION,NO_RATIO,PRIME_FAMILY,NEEDS_SOURCE_DIMENSION,,3,,PRIME_FAMILY,absolute diameter by drone photogrammetry or diagram scale,MODEL_COMPARISON_ONLY
CC-2011-06-18-KORDYSHEVKA-OBLAST-LUHANSK,Kordyshevka | Oblast Luhansk,https://www.cropcirclecenter.com/ccdata/2011/06/18/UA20110618_A.html,538,0.21,NEEDS_SOURCE_DIMENSION,NO_RATIO,PRIME_FAMILY,NEEDS_SOURCE_DIMENSION,,3,,PRIME_FAMILY,absolute diameter by drone photogrammetry or diagram scale,MODEL_COMPARISON_ONLY
CC-2011-06-18-MASSIGNANO-MARCHE,Massignano | Marche,https://www.cropcirclecenter.com/ccdata/2011/06/18/IT20110618_A.html,539,0.21,NEEDS_SOURCE_DIMENSION,NO_RATIO,PRIME_FAMILY,NEEDS_SOURCE_DIMENSION,,3,,PRIME_FAMILY,absolute diameter by drone photogrammetry or diagram scale,MODEL_COMPARISON_ONLY
CC-2011-06-26-HOEVEN-NOORD-BRABANT,Hoeven | Noord-Brabant,https://www.cropcirclecenter.com/ccdata/2011/06/26/NL20110626_A.html,540,0.21,NEEDS_SOURCE_DIMENSION,NO_RATIO,PRIME_FAMILY,NEEDS_SOURCE_DIMENSION,,3,,PRIME_FAMILY,absolute diameter by drone photogrammetry or diagram scale,MODEL_COMPARISON_ONLY
CC-2011-07-06-KUNIN-MORAVSKOSLEZSKY-KRAJ,Kunin | Moravskoslezsky kraj,https://www.cropcirclecenter.com/ccdata/2011/07/06/CZ20110706_A.html,541,0.21,NEEDS_SOURCE_DIMENSION,NO_RATIO,PRIME_FAMILY,NEEDS_SOURCE_DIMENSION,,3,,PRIME_FAMILY,absolute diameter by drone photogrammetry or diagram scale,MODEL_COMPARISON_ONLY
CC-2011-07-12-VELKY-MEZIRICI-KRAJ-VYSOCINA,Velky Mezirici | Kraj Vysocina,https://www.cropcirclecenter.com/ccdata/2011/07/12/CZ20110712_A.html,542,0.21,NEEDS_SOURCE_DIMENSION,NO_RATIO,PRIME_FAMILY,NEEDS_SOURCE_DIMENSION,,3,,PRIME_FAMILY,absolute diameter by drone photogrammetry or diagram scale,MODEL_COMPARISON_ONLY
CC-2011-07-14-LANE-END-HAMPSHIRE,Lane End | Hampshire,https://www.cropcirclecenter.com/ccdata/2011/07/14/UK20110714_A.html,543,0.21,NEEDS_SOURCE_DIMENSION,NO_RATIO,PRIME_FAMILY,NEEDS_SOURCE_DIMENSION,,3,,PRIME_FAMILY,absolute diameter by drone photogrammetry or diagram scale,MODEL_COMPARISON_ONLY
CC-2011-07-19-UNKNOWN-LOCATION,unknown location,https://www.cropcirclecenter.com/ccdata/2011/07/19/UK20110719_A.html,544,0.21,NEEDS_SOURCE_DIMENSION,NO_RATIO,PRIME_FAMILY,NEEDS_SOURCE_DIMENSION,,3,,PRIME_FAMILY,absolute diameter by drone photogrammetry or diagram scale,MODEL_COMPARISON_ONLY
CC-2011-07-20-CHARLBURY-HILL-WILTSHIRE,Charlbury Hill | Wiltshire,https://www.cropcirclecenter.com/ccdata/2011/07/20/UK20110720_A.html,545,0.21,NEEDS_SOURCE_DIMENSION,NO_RATIO,PRIME_FAMILY,NEEDS_SOURCE_DIMENSION,,3,,PRIME_FAMILY,absolute diameter by drone photogrammetry or diagram scale,MODEL_COMPARISON_ONLY
CC-2011-07-27-TEMPLE-BALSALL-WARWICKSHIRE-3,Temple Balsall | Warwickshire,https://www.cropcirclecenter.com/ccdata/2011/07/27/UK20110727_C.html,546,0.21,NEEDS_SOURCE_DIMENSION,NO_RATIO,PRIME_FAMILY,NEEDS_SOURCE_DIMENSION,,19,,PRIME_FAMILY,absolute diameter by drone photogrammetry or diagram scale,MODEL_COMPARISON_ONLY
CC-2011-07-29-WEST-WOODHAY-DOWN-WILTSHIRE,West Woodhay Down | Wiltshire,https://www.cropcirclecenter.com/ccdata/2011/07/29/UK20110729_A.html,547,0.21,NEEDS_SOURCE_DIMENSION,NO_RATIO,PRIME_FAMILY,NEEDS_SOURCE_DIMENSION,,5,,PRIME_FAMILY,absolute diameter by drone photogrammetry or diagram scale,MODEL_COMPARISON_ONLY
CC-2011-10-13-HARRIS-MICHIGAN,Harris | Michigan,https://www.cropcirclecenter.com/ccdata/2011/10/13/US20111013_A.html,548,0.21,NEEDS_SOURCE_DIMENSION,NO_RATIO,PRIME_FAMILY,NEEDS_SOURCE_DIMENSION,,3,,PRIME_FAMILY,absolute diameter by drone photogrammetry or diagram scale,MODEL_COMPARISON_ONLY
CC-2011-11-06-IPUACU-SANTA-CATARINA-STATE,Ipuacu | Santa Catarina State,https://www.cropcirclecenter.com/ccdata/2011/11/06/BR20111106_A.html,549,0.21,NEEDS_SOURCE_DIMENSION,NO_RATIO,PRIME_FAMILY,NEEDS_SOURCE_DIMENSION,,5,,PRIME_FAMILY,absolute diameter by drone photogrammetry or diagram scale,MODEL_COMPARISON_ONLY
CC-2012-03-07-TULA-TLAHUELILPAN-HIDALGO,Tula Tlahuelilpan | Hidalgo,https://www.cropcirclecenter.com/ccdata/2012/03/07/ME20120307_A.html,550,0.21,NEEDS_SOURCE_DIMENSION,NO_RATIO,PRIME_FAMILY,NEEDS_SOURCE_DIMENSION,,3,,PRIME_FAMILY,absolute diameter by drone photogrammetry or diagram scale,MODEL_COMPARISON_ONLY
CC-2012-05-11-BOOSCHENHOOFD-NOORD-BRABANT,Booschenhoofd | Noord Brabant,https://www.cropcirclecenter.com/ccdata/2012/05/11/NL20120511_A.html,551,0.21,NEEDS_SOURCE_DIMENSION,NO_RATIO,PRIME_FAMILY,NEEDS_SOURCE_DIMENSION,,7,,PRIME_FAMILY,absolute diameter by drone photogrammetry or diagram scale,MODEL_COMPARISON_ONLY
CC-2012-06-09-WOODBOROUGH-HILL-WILTSHIRE,Woodborough Hill | Wiltshire,https://www.cropcirclecenter.com/ccdata/2012/06/09/UK20120609_A.html,552,0.21,NEEDS_SOURCE_DIMENSION,NO_RATIO,PRIME_FAMILY,NEEDS_SOURCE_DIMENSION,,11,,PRIME_FAMILY,absolute diameter by drone photogrammetry or diagram scale,MODEL_COMPARISON_ONLY
CC-2012-06-11-CH-CY-LOIRET,Chécy | Loiret,https://www.cropcirclecenter.com/ccdata/2012/06/11/FR20120611_A.html,553,0.21,NEEDS_SOURCE_DIMENSION,NO_RATIO,PRIME_FAMILY,NEEDS_SOURCE_DIMENSION,,13,,PRIME_FAMILY,absolute diameter by drone photogrammetry or diagram scale,MODEL_COMPARISON_ONLY
CC-2012-06-17-SANTENA-PIEMONTE,Santena | Piemonte,https://www.cropcirclecenter.com/ccdata/2012/06/17/IT20120617_A.html,554,0.21,NEEDS_SOURCE_DIMENSION,NO_RATIO,PRIME_FAMILY,NEEDS_SOURCE_DIMENSION,,3,,PRIME_FAMILY,absolute diameter by drone photogrammetry or diagram scale,MODEL_COMPARISON_ONLY
CC-2012-06-19-BOSSCHENHOOFD-NOORD-BRABANT,Bosschenhoofd | Noord-Brabant,https://www.cropcirclecenter.com/ccdata/2012/06/19/NL20120619_A.html,555,0.21,NEEDS_SOURCE_DIMENSION,NO_RATIO,PRIME_FAMILY,NEEDS_SOURCE_DIMENSION,,7,,PRIME_FAMILY,absolute diameter by drone photogrammetry or diagram scale,MODEL_COMPARISON_ONLY
CC-2012-06-21-HOEVEN-NOORD-BRABANT,Hoeven | Noord-Brabant,https://www.cropcirclecenter.com/ccdata/2012/06/21/NL20120621_A.html,556,0.21,NEEDS_SOURCE_DIMENSION,NO_RATIO,PRIME_FAMILY,NEEDS_SOURCE_DIMENSION,,3,,PRIME_FAMILY,absolute diameter by drone photogrammetry or diagram scale,MODEL_COMPARISON_ONLY
CC-2012-06-29-BICHES-NI-VRE,Biches | Nièvre,https://www.cropcirclecenter.com/ccdata/2012/06/29/FR20120629_A.html,557,0.21,NEEDS_SOURCE_DIMENSION,NO_RATIO,PRIME_FAMILY,NEEDS_SOURCE_DIMENSION,,3,,PRIME_FAMILY,absolute diameter by drone photogrammetry or diagram scale,MODEL_COMPARISON_ONLY
CC-2012-07-10-BURROW-HILL-FORT-WARWICKSHIRE,Burrow Hill Fort | Warwickshire,https://www.cropcirclecenter.com/ccdata/2012/07/09/UK20120709_A.html,558,0.21,NEEDS_SOURCE_DIMENSION,NO_RATIO,PRIME_FAMILY,NEEDS_SOURCE_DIMENSION,,7,,PRIME_FAMILY,absolute diameter by drone photogrammetry or diagram scale,MODEL_COMPARISON_ONLY
CC-2012-07-18-PROSEC-PARDUBICKY-KRAJ,Prosec | Pardubicky kraj,https://www.cropcirclecenter.com/ccdata/2012/07/18/CZ20120718_A.html,559,0.21,NEEDS_SOURCE_DIMENSION,NO_RATIO,PRIME_FAMILY,NEEDS_SOURCE_DIMENSION,,7,,PRIME_FAMILY,absolute diameter by drone photogrammetry or diagram scale,MODEL_COMPARISON_ONLY
CC-2012-07-21-TELFORD-SHROPSHIRE,Telford | Shropshire,https://www.cropcirclecenter.com/ccdata/2012/07/21/UK20120721_A.html,560,0.21,NEEDS_SOURCE_DIMENSION,NO_RATIO,PRIME_FAMILY,NEEDS_SOURCE_DIMENSION,,5,,PRIME_FAMILY,absolute diameter by drone photogrammetry or diagram scale,MODEL_COMPARISON_ONLY
CC-2012-07-26-STANDDAARBUITEN-NOORD-BRABANT,Standdaarbuiten | Noord-Brabant,https://www.cropcirclecenter.com/ccdata/2012/07/26/NL20120726_A.html,561,0.21,NEEDS_SOURCE_DIMENSION,NO_RATIO,PRIME_FAMILY,NEEDS_SOURCE_DIMENSION,,7,,PRIME_FAMILY,absolute diameter by drone photogrammetry or diagram scale,MODEL_COMPARISON_ONLY
CC-2012-07-29-ANDECHS-BAYERN,Andechs | Bayern,https://www.cropcirclecenter.com/ccdata/2012/07/29/DE20120729_A.html,562,0.21,NEEDS_SOURCE_DIMENSION,NO_RATIO,PRIME_FAMILY,NEEDS_SOURCE_DIMENSION,,23,,PRIME_FAMILY,absolute diameter by drone photogrammetry or diagram scale,MODEL_COMPARISON_ONLY
CC-2012-07-31-WESTWOODS-WILTSHIRE-2,Westwoods | Wiltshire,https://www.cropcirclecenter.com/ccdata/2012/07/31/UK20120731_B.html,563,0.21,NEEDS_SOURCE_DIMENSION,NO_RATIO,PRIME_FAMILY,NEEDS_SOURCE_DIMENSION,,3,,PRIME_FAMILY,absolute diameter by drone photogrammetry or diagram scale,MODEL_COMPARISON_ONLY
CC-2012-07-31-WINDMILL-HILL-WILTSHIRE,Windmill Hill | Wiltshire,https://www.cropcirclecenter.com/ccdata/2012/07/31/UK20120731_A.html,564,0.21,NEEDS_SOURCE_DIMENSION,NO_RATIO,PRIME_FAMILY,NEEDS_SOURCE_DIMENSION,,23,,PRIME_FAMILY,absolute diameter by drone photogrammetry or diagram scale,MODEL_COMPARISON_ONLY
CC-2012-08-18-RADFORD-SEMELE-WARWICKSHIRE,Radford Semele | Warwickshire,https://www.cropcirclecenter.com/ccdata/2012/08/18/UK20120818_A.html,565,0.21,NEEDS_SOURCE_DIMENSION,NO_RATIO,PRIME_FAMILY,NEEDS_SOURCE_DIMENSION,,3,,PRIME_FAMILY,absolute diameter by drone photogrammetry or diagram scale,MODEL_COMPARISON_ONLY
CC-2012-08-21-DODWORTH-SOUTH-YORKSHIRE,Dodworth | South Yorkshire,https://www.cropcirclecenter.com/ccdata/2012/08/21/UK20120821_A.html,566,0.21,NEEDS_SOURCE_DIMENSION,NO_RATIO,PRIME_FAMILY,NEEDS_SOURCE_DIMENSION,,3,,PRIME_FAMILY,absolute diameter by drone photogrammetry or diagram scale,MODEL_COMPARISON_ONLY
CC-2012-08-30-ALL-CANNINGS-WILTSHIRE,All Cannings | Wiltshire,https://www.cropcirclecenter.com/ccdata/2012/08/30/UK20120830_A.html,567,0.21,NEEDS_SOURCE_DIMENSION,NO_RATIO,PRIME_FAMILY,NEEDS_SOURCE_DIMENSION,,5,,PRIME_FAMILY,absolute diameter by drone photogrammetry or diagram scale,MODEL_COMPARISON_ONLY
CC-2012-09-05-OVERTON-HILL-WILTSHIRE,Overton Hill | Wiltshire,https://www.cropcirclecenter.com/ccdata/2012/09/05/UK20120905_A.html,568,0.21,NEEDS_SOURCE_DIMENSION,NO_RATIO,PRIME_FAMILY,NEEDS_SOURCE_DIMENSION,,7,,PRIME_FAMILY,absolute diameter by drone photogrammetry or diagram scale,MODEL_COMPARISON_ONLY
CC-2012-09-06-HOEVEN-NOORD-BRABANT,Hoeven | Noord-Brabant,https://www.cropcirclecenter.com/ccdata/2012/09/06/NL20120906_A.html,569,0.21,NEEDS_SOURCE_DIMENSION,NO_RATIO,PRIME_FAMILY,NEEDS_SOURCE_DIMENSION,,13,,PRIME_FAMILY,absolute diameter by drone photogrammetry or diagram scale,MODEL_COMPARISON_ONLY
CC-2013-05-07-BOSSCHENHOOFD-NOORD-BRABANT,Bosschenhoofd | Noord Brabant,https://www.cropcirclecenter.com/ccdata/2013/05/07/NL20130507_A.html,570,0.21,NEEDS_SOURCE_DIMENSION,NO_RATIO,PRIME_FAMILY,NEEDS_SOURCE_DIMENSION,,3,,PRIME_FAMILY,absolute diameter by drone photogrammetry or diagram scale,MODEL_COMPARISON_ONLY
CC-2013-05-21-PALAZZO-SAN-GERVASIO-BASILICATA,Palazzo San Gervasio | Basilicata,https://www.cropcirclecenter.com/ccdata/2013/05/21/IT20130521_A.html,571,0.21,NEEDS_SOURCE_DIMENSION,NO_RATIO,PRIME_FAMILY,NEEDS_SOURCE_DIMENSION,,11,,PRIME_FAMILY,absolute diameter by drone photogrammetry or diagram scale,MODEL_COMPARISON_ONLY
CC-2013-06-09-FINALE-EMILIA-LOMBARDIA,Finale Emilia | Lombardia,https://www.cropcirclecenter.com/ccdata/2013/06/08/IT20130608_A.html,572,0.21,NEEDS_SOURCE_DIMENSION,NO_RATIO,PRIME_FAMILY,NEEDS_SOURCE_DIMENSION,,3,,PRIME_FAMILY,absolute diameter by drone photogrammetry or diagram scale,MODEL_COMPARISON_ONLY
CC-2013-06-25-SILBURY-HILL-WILTSHIRE,Silbury Hill | Wiltshire,https://www.cropcirclecenter.com/ccdata/2013/06/25/UK20130625_A.html,573,0.21,NEEDS_SOURCE_DIMENSION,NO_RATIO,PRIME_FAMILY,NEEDS_SOURCE_DIMENSION,,3,,PRIME_FAMILY,absolute diameter by drone photogrammetry or diagram scale,MODEL_COMPARISON_ONLY
CC-2013-07-21-ZEVENBERGEN-NOORD-BRABANT-3,Zevenbergen | Noord Brabant,https://www.cropcirclecenter.com/ccdata/2013/07/21/NL20130721_C.html,574,0.21,NEEDS_SOURCE_DIMENSION,NO_RATIO,PRIME_FAMILY,NEEDS_SOURCE_DIMENSION,,3,,PRIME_FAMILY,absolute diameter by drone photogrammetry or diagram scale,MODEL_COMPARISON_ONLY
CC-2013-07-29-STADSKANAAL-GRONINGEN,Stadskanaal | Groningen,https://www.cropcirclecenter.com/ccdata/2013/07/29/NL20130729_A.html,575,0.21,NEEDS_SOURCE_DIMENSION,NO_RATIO,PRIME_FAMILY,NEEDS_SOURCE_DIMENSION,,5,,PRIME_FAMILY,absolute diameter by drone photogrammetry or diagram scale,MODEL_COMPARISON_ONLY
CC-2013-08-06-DEVIZES-WILTSHIRE,Devizes | Wiltshire,https://www.cropcirclecenter.com/ccdata/2013/08/06/UK20130806_A.html,576,0.21,NEEDS_SOURCE_DIMENSION,NO_RATIO,PRIME_FAMILY,NEEDS_SOURCE_DIMENSION,,29,,PRIME_FAMILY,absolute diameter by drone photogrammetry or diagram scale,MODEL_COMPARISON_ONLY
CC-2013-09-03-BOSSCHENHOOFD-NOORD-BRABANT,Bosschenhoofd | Noord Brabant,https://www.cropcirclecenter.com/ccdata/2013/09/03/NL20130903_A.html,577,0.21,NEEDS_SOURCE_DIMENSION,NO_RATIO,PRIME_FAMILY,NEEDS_SOURCE_DIMENSION,,5,,PRIME_FAMILY,absolute diameter by drone photogrammetry or diagram scale,MODEL_COMPARISON_ONLY
CC-2014-04-08-HOEVEN-NOORD-BRABANT,Hoeven | Noord Brabant,https://www.cropcirclecenter.com/ccdata/2014/04/08/NL20140408_A.html,578,0.21,NEEDS_SOURCE_DIMENSION,NO_RATIO,PRIME_FAMILY,NEEDS_SOURCE_DIMENSION,,11,,PRIME_FAMILY,absolute diameter by drone photogrammetry or diagram scale,MODEL_COMPARISON_ONLY
CC-2014-04-16-BRIMSLADE-WILTSHIRE,Brimslade | Wiltshire,https://www.cropcirclecenter.com/ccdata/2014/04/16/UK20140416_A.html,579,0.21,NEEDS_SOURCE_DIMENSION,NO_RATIO,PRIME_FAMILY,NEEDS_SOURCE_DIMENSION,,5,,PRIME_FAMILY,absolute diameter by drone photogrammetry or diagram scale,MODEL_COMPARISON_ONLY
CC-2014-06-04-HOEVEN-NOORD-BRABANT,Hoeven | Noord Brabant,https://www.cropcirclecenter.com/ccdata/2014/06/04/NL20140604_A.html,580,0.21,NEEDS_SOURCE_DIMENSION,NO_RATIO,PRIME_FAMILY,NEEDS_SOURCE_DIMENSION,,3,,PRIME_FAMILY,absolute diameter by drone photogrammetry or diagram scale,MODEL_COMPARISON_ONLY
CC-2014-06-18-BENICIA-CALIFORNIA,Benicia | California,https://www.cropcirclecenter.com/ccdata/2014/06/18/US20140618_A.html,581,0.21,NEEDS_SOURCE_DIMENSION,NO_RATIO,PRIME_FAMILY,NEEDS_SOURCE_DIMENSION,,3,,PRIME_FAMILY,absolute diameter by drone photogrammetry or diagram scale,MODEL_COMPARISON_ONLY
CC-2014-06-26-HACKPEN-HILL-WILTSHIRE,Hackpen Hill | Wiltshire,https://www.cropcirclecenter.com/ccdata/2014/06/26/UK20140626_A.html,582,0.21,NEEDS_SOURCE_DIMENSION,NO_RATIO,PRIME_FAMILY,NEEDS_SOURCE_DIMENSION,,3,,PRIME_FAMILY,absolute diameter by drone photogrammetry or diagram scale,MODEL_COMPARISON_ONLY
CC-2014-06-29-S-AWSKO-DOLNE-KUJAWSKO-POMORSKIE,SÅ awsko Dolne | Kujawsko-Pomorskie,https://www.cropcirclecenter.com/ccdata/2014/06/29/PL20140629_A.html,583,0.21,NEEDS_SOURCE_DIMENSION,NO_RATIO,PRIME_FAMILY,NEEDS_SOURCE_DIMENSION,,5,,PRIME_FAMILY,absolute diameter by drone photogrammetry or diagram scale,MODEL_COMPARISON_ONLY
CC-2014-07-03-WILMINGTON-EAST-SUSSEX,Wilmington | East Sussex,https://www.cropcirclecenter.com/ccdata/2014/07/03/UK20140703_A.html,584,0.21,NEEDS_SOURCE_DIMENSION,NO_RATIO,PRIME_FAMILY,NEEDS_SOURCE_DIMENSION,,5,,PRIME_FAMILY,absolute diameter by drone photogrammetry or diagram scale,MODEL_COMPARISON_ONLY
CC-2014-07-08-CHARLTON-WILTSHIRE,Charlton | Wiltshire,https://www.cropcirclecenter.com/ccdata/2014/07/08/UK20140708_A.html,585,0.21,NEEDS_SOURCE_DIMENSION,NO_RATIO,PRIME_FAMILY,NEEDS_SOURCE_DIMENSION,,11,,PRIME_FAMILY,absolute diameter by drone photogrammetry or diagram scale,MODEL_COMPARISON_ONLY
CC-2014-07-12-ORCHOWO-WIELKOPOLSKIE,Orchowo | Wielkopolskie,https://www.cropcirclecenter.com/ccdata/2014/07/12/PL20140712_A.html,586,0.21,NEEDS_SOURCE_DIMENSION,NO_RATIO,PRIME_FAMILY,NEEDS_SOURCE_DIMENSION,,3,,PRIME_FAMILY,absolute diameter by drone photogrammetry or diagram scale,MODEL_COMPARISON_ONLY
CC-2014-07-17-823-M-2700-FT,823 m | 2700 ft,https://www.cropcirclecenter.com/ccdata/2014/07/17/SK20140717_A.html,587,0.21,NEEDS_SOURCE_DIMENSION,NO_RATIO,PRIME_FAMILY,NEEDS_SOURCE_DIMENSION,,3,,PRIME_FAMILY,absolute diameter by drone photogrammetry or diagram scale,MODEL_COMPARISON_ONLY
CC-2014-07-17-MOMALLE-WALLONIE,Momalle | Wallonie,https://www.cropcirclecenter.com/ccdata/2014/07/17/BE20140717_A.html,588,0.21,NEEDS_SOURCE_DIMENSION,NO_RATIO,PRIME_FAMILY,NEEDS_SOURCE_DIMENSION,,3,,PRIME_FAMILY,absolute diameter by drone photogrammetry or diagram scale,MODEL_COMPARISON_ONLY
CC-2014-07-18-RAISTING-BAVARIA,Raisting | Bavaria,https://www.cropcirclecenter.com/ccdata/2014/07/18/DE20140718_A.html,589,0.21,NEEDS_SOURCE_DIMENSION,NO_RATIO,PRIME_FAMILY,NEEDS_SOURCE_DIMENSION,,7,,PRIME_FAMILY,absolute diameter by drone photogrammetry or diagram scale,MODEL_COMPARISON_ONLY
CC-2014-07-25-STADSKANAAL-NOORD-BRABANT,Stadskanaal | Noord-Brabant,https://www.cropcirclecenter.com/ccdata/2014/07/25/NL20140725_A.html,590,0.21,NEEDS_SOURCE_DIMENSION,NO_RATIO,PRIME_FAMILY,NEEDS_SOURCE_DIMENSION,,5,,PRIME_FAMILY,absolute diameter by drone photogrammetry or diagram scale,MODEL_COMPARISON_ONLY
CC-2014-08-15-HAWKHILL-NORTHUMBERLAND,Hawkhill | Northumberland,https://www.cropcirclecenter.com/ccdata/2014/08/15/UK20140815_A.html,591,0.21,NEEDS_SOURCE_DIMENSION,NO_RATIO,PRIME_FAMILY,NEEDS_SOURCE_DIMENSION,,17,,PRIME_FAMILY,absolute diameter by drone photogrammetry or diagram scale,MODEL_COMPARISON_ONLY
CC-2014-08-31-STROUD-GREEN-ESSEX,Stroud Green | Essex,https://www.cropcirclecenter.com/ccdata/2014/08/31/UK20140831_A.html,592,0.21,NEEDS_SOURCE_DIMENSION,NO_RATIO,PRIME_FAMILY,NEEDS_SOURCE_DIMENSION,,5,,PRIME_FAMILY,absolute diameter by drone photogrammetry or diagram scale,MODEL_COMPARISON_ONLY
CC-2014-09-11-HOEVEN-NOORD-BRABANT,Hoeven | Noord Brabant,https://www.cropcirclecenter.com/ccdata/2014/09/11/NL20140911_A.html,593,0.21,NEEDS_SOURCE_DIMENSION,NO_RATIO,PRIME_FAMILY,NEEDS_SOURCE_DIMENSION,,3,,PRIME_FAMILY,absolute diameter by drone photogrammetry or diagram scale,MODEL_COMPARISON_ONLY
CC-2014-UNKNOWN-LANDAU-RHEINLAND-PFALZ-2,Landau | Rheinland-Pfalz,https://www.cropcirclecenter.com/ccdata/2014/06/00/DE20140600_B.html,594,0.21,NEEDS_SOURCE_DIMENSION,NO_RATIO,PRIME_FAMILY,NEEDS_SOURCE_DIMENSION,,7,,PRIME_FAMILY,absolute diameter by drone photogrammetry or diagram scale,MODEL_COMPARISON_ONLY
CC-2015-04-28-HOEVEN-NOORD-BRABANT,Hoeven | Noord Brabant,https://www.cropcirclecenter.com/ccdata/2015/04/28/NL20150428_A.html,595,0.21,NEEDS_SOURCE_DIMENSION,NO_RATIO,PRIME_FAMILY,NEEDS_SOURCE_DIMENSION,,13,,PRIME_FAMILY,absolute diameter by drone photogrammetry or diagram scale,MODEL_COMPARISON_ONLY
CC-2015-05-06-STANDDAARDBUITEN-NOORD-BRABANT,Standdaardbuiten | Noord Brabant,https://www.cropcirclecenter.com/ccdata/2015/05/06/NL20150506_A.html,596,0.21,NEEDS_SOURCE_DIMENSION,NO_RATIO,PRIME_FAMILY,NEEDS_SOURCE_DIMENSION,,3,,PRIME_FAMILY,absolute diameter by drone photogrammetry or diagram scale,MODEL_COMPARISON_ONLY
CC-2015-06-07-DONDUKOVSKOY-RESPUBLIKE-ADYGEYA,Dondukovskoy | Respublike Adygeya,https://www.cropcirclecenter.com/ccdata/2015/06/07/RU20150607_A.html,597,0.21,NEEDS_SOURCE_DIMENSION,NO_RATIO,PRIME_FAMILY,NEEDS_SOURCE_DIMENSION,,3,,PRIME_FAMILY,absolute diameter by drone photogrammetry or diagram scale,MODEL_COMPARISON_ONLY
CC-2015-06-20-RAVENNA-EMILIA-ROMAGNA,Ravenna | Emilia Romagna,https://www.cropcirclecenter.com/ccdata/2015/06/20/IT20150620_A.html,598,0.21,NEEDS_SOURCE_DIMENSION,NO_RATIO,PRIME_FAMILY,NEEDS_SOURCE_DIMENSION,,5,,PRIME_FAMILY,absolute diameter by drone photogrammetry or diagram scale,MODEL_COMPARISON_ONLY
CC-2015-06-22-HORSHAM-WILTSHIRE,Horsham | Wiltshire,https://www.cropcirclecenter.com/ccdata/2015/06/22/UK20150622_A.html,599,0.21,NEEDS_SOURCE_DIMENSION,NO_RATIO,PRIME_FAMILY,NEEDS_SOURCE_DIMENSION,,3,,PRIME_FAMILY,absolute diameter by drone photogrammetry or diagram scale,MODEL_COMPARISON_ONLY
CC-2015-07-04-HOEVEN-NOORD-BRABANT,Hoeven | Noord Brabant,https://www.cropcirclecenter.com/ccdata/2015/07/04/NL20150704_A.html,600,0.21,NEEDS_SOURCE_DIMENSION,NO_RATIO,PRIME_FAMILY,NEEDS_SOURCE_DIMENSION,,3,,PRIME_FAMILY,absolute diameter by drone photogrammetry or diagram scale,MODEL_COMPARISON_ONLY
CC-2015-07-21-STROUD-GREEN-ESSEX-2,Stroud Green | Essex,https://www.cropcirclecenter.com/ccdata/2015/07/21/UK20150721_B.html,601,0.21,NEEDS_SOURCE_DIMENSION,NO_RATIO,PRIME_FAMILY,NEEDS_SOURCE_DIMENSION,,5,,PRIME_FAMILY,absolute diameter by drone photogrammetry or diagram scale,MODEL_COMPARISON_ONLY
CC-2016-06-30-DANEBURY-RINGS-HAMPSHIRE,Danebury Rings | Hampshire,https://www.cropcirclecenter.com/ccdata/2016/06/30/UK20160630_A.html,602,0.21,NEEDS_SOURCE_DIMENSION,NO_RATIO,PRIME_FAMILY,NEEDS_SOURCE_DIMENSION,,17,,PRIME_FAMILY,absolute diameter by drone photogrammetry or diagram scale,MODEL_COMPARISON_ONLY
CC-2016-07-23-RANSCOMB-BOTTOM-WILTSHIRE,Ranscomb Bottom | Wiltshire,https://www.cropcirclecenter.com/ccdata/2016/07/23/UK20160723_A.html,603,0.21,NEEDS_SOURCE_DIMENSION,NO_RATIO,PRIME_FAMILY,NEEDS_SOURCE_DIMENSION,,7,,PRIME_FAMILY,absolute diameter by drone photogrammetry or diagram scale,MODEL_COMPARISON_ONLY
CC-2016-07-24-ROYDON-ESSEX,Roydon | Essex,https://www.cropcirclecenter.com/ccdata/2016/07/24/UK20160724_A.html,604,0.21,NEEDS_SOURCE_DIMENSION,NO_RATIO,PRIME_FAMILY,NEEDS_SOURCE_DIMENSION,,5,,PRIME_FAMILY,absolute diameter by drone photogrammetry or diagram scale,MODEL_COMPARISON_ONLY
CC-2016-08-03-CHILCOMB-HAMPSHIRE,Chilcomb | Hampshire,https://www.cropcirclecenter.com/ccdata/2016/08/03/UK20160803_A.html,605,0.21,NEEDS_SOURCE_DIMENSION,NO_RATIO,PRIME_FAMILY,NEEDS_SOURCE_DIMENSION,,13,,PRIME_FAMILY,absolute diameter by drone photogrammetry or diagram scale,MODEL_COMPARISON_ONLY
CC-2016-08-29-SUTTON-HALL,Sutton Hall,https://www.cropcirclecenter.com/ccdata/2016/08/29/UK20160729_A.html,606,0.21,NEEDS_SOURCE_DIMENSION,NO_RATIO,PRIME_FAMILY,NEEDS_SOURCE_DIMENSION,,5,,PRIME_FAMILY,absolute diameter by drone photogrammetry or diagram scale,MODEL_COMPARISON_ONLY
CC-2016-10-20-BEN-NEVIS-DISTRICT-VICTORIA,Ben Nevis District | Victoria,https://www.cropcirclecenter.com/ccdata/2016/10/20/AU20161020_A.html,607,0.21,NEEDS_SOURCE_DIMENSION,NO_RATIO,PRIME_FAMILY,NEEDS_SOURCE_DIMENSION,,3,,PRIME_FAMILY,absolute diameter by drone photogrammetry or diagram scale,MODEL_COMPARISON_ONLY
CC-2017-05-11-BOSSCHENHOOFD-NOORD-BRABANT,Bosschenhoofd | Noord Brabant,https://www.cropcirclecenter.com/ccdata/2017/05/11/NL20170511_A.html,608,0.21,NEEDS_SOURCE_DIMENSION,NO_RATIO,PRIME_FAMILY,NEEDS_SOURCE_DIMENSION,,3,,PRIME_FAMILY,absolute diameter by drone photogrammetry or diagram scale,MODEL_COMPARISON_ONLY
CC-2017-05-22-CERNE-ABBAS-DORSET,"Cerne Abbas, Dorset",https://www.cropcirclecenter.com/ccdata/2017/05/22/UK20170522_A.html,609,0.21,NEEDS_SOURCE_DIMENSION,NO_RATIO,PRIME_FAMILY,NEEDS_SOURCE_DIMENSION,,5,,PRIME_FAMILY,absolute diameter by drone photogrammetry or diagram scale,MODEL_COMPARISON_ONLY
CC-2017-07-05-UNKNOWN,unknown,https://www.cropcirclecenter.com/ccdata/2017/07/05/IT20170705_A.html,610,0.21,NEEDS_SOURCE_DIMENSION,NO_RATIO,PRIME_FAMILY,NEEDS_SOURCE_DIMENSION,,5,,PRIME_FAMILY,absolute diameter by drone photogrammetry or diagram scale,MODEL_COMPARISON_ONLY
CC-2017-07-08-HACKPEN-HILL-WILTS,"Hackpen Hill, Wilts",https://www.cropcirclecenter.com/ccdata/2017/07/08/UK20170708_A.html,611,0.21,NEEDS_SOURCE_DIMENSION,NO_RATIO,PRIME_FAMILY,NEEDS_SOURCE_DIMENSION,,5,,PRIME_FAMILY,absolute diameter by drone photogrammetry or diagram scale,MODEL_COMPARISON_ONLY
CC-2018-06-15-HOEVEN-NOORD-BRABANT,Hoeven | Noord Brabant,https://www.cropcirclecenter.com/ccdata/2018/06/15/NL20180615_A.html,612,0.21,NEEDS_SOURCE_DIMENSION,NO_RATIO,PRIME_FAMILY,NEEDS_SOURCE_DIMENSION,,3,,PRIME_FAMILY,absolute diameter by drone photogrammetry or diagram scale,MODEL_COMPARISON_ONLY
CC-2018-06-17-WINTERBOURNE-STOKE-DOWN-WILTS,"Winterbourne Stoke Down, Wilts",https://temporarytemples.co.uk/project/winterbourne-stoke-wilts-17th-june-2018,613,0.21,NEEDS_SOURCE_DIMENSION,NO_RATIO,PRIME_FAMILY,NEEDS_SOURCE_DIMENSION,,5,,PRIME_FAMILY,absolute diameter by drone photogrammetry or diagram scale,MODEL_COMPARISON_ONLY
CC-2018-06-30-SUTTON-HALL-ESSEX,Sutton Hall | Essex,https://www.cropcirclecenter.com/ccdata/2018/06/30/UK20180630_A.html,614,0.21,NEEDS_SOURCE_DIMENSION,NO_RATIO,PRIME_FAMILY,NEEDS_SOURCE_DIMENSION,,11,,PRIME_FAMILY,absolute diameter by drone photogrammetry or diagram scale,MODEL_COMPARISON_ONLY
CC-2018-07-07-MARTINSELL-HILL-WILTS,"Martinsell Hill, Wilts",https://www.cropcirclecenter.com/ccdata/2018/07/06/UK20180706_A.html,615,0.21,NEEDS_SOURCE_DIMENSION,NO_RATIO,PRIME_FAMILY,NEEDS_SOURCE_DIMENSION,,7,,PRIME_FAMILY,absolute diameter by drone photogrammetry or diagram scale,MODEL_COMPARISON_ONLY
CC-2018-07-11-ZEVENBERGEN,Zevenbergen,https://www.cropcirclecenter.com/ccdata/2018/07/11/NL20180711_A.html,616,0.21,NEEDS_SOURCE_DIMENSION,NO_RATIO,PRIME_FAMILY,NEEDS_SOURCE_DIMENSION,,7,,PRIME_FAMILY,absolute diameter by drone photogrammetry or diagram scale,MODEL_COMPARISON_ONLY
CC-2018-07-22-SUTTON-HALL,Sutton Hall,https://www.cropcirclecenter.com/ccdata/2018/07/22/UK20180722_A.html,617,0.21,NEEDS_SOURCE_DIMENSION,NO_RATIO,PRIME_FAMILY,NEEDS_SOURCE_DIMENSION,,3,,PRIME_FAMILY,absolute diameter by drone photogrammetry or diagram scale,MODEL_COMPARISON_ONLY
CC-2018-07-26-HARBURY,Harbury,https://www.cropcirclecenter.com/ccdata/2018/07/26/UK20180726_A.html,618,0.21,NEEDS_SOURCE_DIMENSION,NO_RATIO,PRIME_FAMILY,NEEDS_SOURCE_DIMENSION,,5,,PRIME_FAMILY,absolute diameter by drone photogrammetry or diagram scale,MODEL_COMPARISON_ONLY
CC-2018-08-04-NUEVAECIJA,NuevaEcija,https://www.cropcirclecenter.com/ccdata/2018/08/04/PH20180804_A.html,619,0.21,NEEDS_SOURCE_DIMENSION,NO_RATIO,PRIME_FAMILY,NEEDS_SOURCE_DIMENSION,,7,,PRIME_FAMILY,absolute diameter by drone photogrammetry or diagram scale,MODEL_COMPARISON_ONLY
CC-2018-10-19-NIERDERSCHERLI,Nierderscherli,https://www.cropcirclecenter.com/ccdata/2018/10/19/CH20181019_A.html,620,0.21,NEEDS_SOURCE_DIMENSION,NO_RATIO,PRIME_FAMILY,NEEDS_SOURCE_DIMENSION,,13,,PRIME_FAMILY,absolute diameter by drone photogrammetry or diagram scale,MODEL_COMPARISON_ONLY
CC-2019-06-23-SOKOLOVSKOE-KRASNODAR,Sokolovskoe | Krasnodar,https://www.cropcirclecenter.com/ccdata/2019/06/23/RU20190623_A.html,621,0.21,NEEDS_SOURCE_DIMENSION,NO_RATIO,PRIME_FAMILY,NEEDS_SOURCE_DIMENSION,,5,,PRIME_FAMILY,absolute diameter by drone photogrammetry or diagram scale,MODEL_COMPARISON_ONLY
CC-2019-06-28-CHAUVIGNY-VIENNE,Chauvigny | Vienne,https://www.cropcirclecenter.com/ccdata/2019/06/28/FR20190628_A.html,622,0.21,NEEDS_SOURCE_DIMENSION,NO_RATIO,PRIME_FAMILY,NEEDS_SOURCE_DIMENSION,,3,,PRIME_FAMILY,absolute diameter by drone photogrammetry or diagram scale,MODEL_COMPARISON_ONLY
CC-2019-07-01-DANEBURY-RING-HANTS,"Danebury Ring, Hants",https://www.cropcirclecenter.com/ccdata/2019/07/01/UK20190701_A.html,623,0.21,NEEDS_SOURCE_DIMENSION,NO_RATIO,PRIME_FAMILY,NEEDS_SOURCE_DIMENSION,,7,,PRIME_FAMILY,absolute diameter by drone photogrammetry or diagram scale,MODEL_COMPARISON_ONLY
CC-2019-07-10-WITHHELD,withheld,https://www.cropcirclecenter.com/ccdata/2019/07/10/UK20190710_A.html,624,0.21,NEEDS_SOURCE_DIMENSION,NO_RATIO,PRIME_FAMILY,NEEDS_SOURCE_DIMENSION,,5,,PRIME_FAMILY,absolute diameter by drone photogrammetry or diagram scale,MODEL_COMPARISON_ONLY
UK-2001-08-12-MILK-HILL,Milk Hill / Tan Hill,https://www.cropcirclearchives.co.uk/archives/2001/MilkHill2/milkhill2001a.html,625,0.205,CROP_REJECTED_WITH_REASON,NO_RATIO,NO_COUNT,FIELD_288M_WEAK,,,274.32,FIELD_288M_WEAK,inner ring diameter to fix the inner/outer ratio,MODEL_COMPARISON_ONLY
CC-1990-06-23-LITCHFIELD-A34-ROAD-NEWBURY-HAMPSHIRE-FORMED-23RD-JUNE,"Litchfield, (A34 road), Newbury, Hampshire. Formed 23rd June",https://www.cropcirclearchives.co.uk/archives/1990/litchfield90.html,626,0.18,NEEDS_SOURCE_DIMENSION,NO_RATIO,COUNT_PRESENT_OTHER_FAMILY,NEEDS_SOURCE_DIMENSION,,10,,NEEDS_SOURCE_DIMENSION,absolute diameter by drone photogrammetry or diagram scale,MODEL_COMPARISON_ONLY
CC-1991-06-30-NEWTON-ST-LOE-BATH-AVON-FORMED-30TH-JUNE,"Newton St Loe, Bath, Avon. Formed 30th June",https://www.cropcirclearchives.co.uk/archives/1991/newton.html,627,0.18,NEEDS_SOURCE_DIMENSION,NO_RATIO,COUNT_PRESENT_OTHER_FAMILY,NEEDS_SOURCE_DIMENSION,,14,,NEEDS_SOURCE_DIMENSION,absolute diameter by drone photogrammetry or diagram scale,MODEL_COMPARISON_ONLY
CC-1991-07-17-BARBURY-CASTLE-WILTSHIRE,Barbury Castle | Wiltshire,https://www.cropcirclecenter.com/ccdata/1991/07/17/UK19910717_A.html,628,0.18,NEEDS_SOURCE_DIMENSION,NO_RATIO,COUNT_PRESENT_OTHER_FAMILY,NEEDS_SOURCE_DIMENSION,,10,,NEEDS_SOURCE_DIMENSION,absolute diameter by drone photogrammetry or diagram scale,MODEL_COMPARISON_ONLY
CC-2005-04-23-RINGMER-EAST-SUSSEX,Ringmer | East Sussex,https://www.cropcirclecenter.com/ccdata/2005/04/23/UK20050423_A.html,629,0.18,NEEDS_SOURCE_DIMENSION,REJECT,NO_COUNT,NEEDS_SOURCE_DIMENSION,0.823881,,,NEEDS_SOURCE_DIMENSION,absolute diameter by drone photogrammetry or diagram scale,MODEL_COMPARISON_ONLY
CC-2005-04-26-KANSAS-CITY-MISSOURI,Kansas City | Missouri,https://www.cropcirclecenter.com/ccdata/2005/04/26/US20050426_A.html,630,0.18,NEEDS_SOURCE_DIMENSION,REJECT,NO_COUNT,NEEDS_SOURCE_DIMENSION,0.28486,,,NEEDS_SOURCE_DIMENSION,absolute diameter by drone photogrammetry or diagram scale,MODEL_COMPARISON_ONLY
CC-2005-05-01-ALTON-BARNES-WILTSHIRE,Alton Barnes | Wiltshire,https://www.cropcirclecenter.com/ccdata/2005/05/01/UK20050501_A.html,631,0.18,NEEDS_SOURCE_DIMENSION,REJECT,NO_COUNT,NEEDS_SOURCE_DIMENSION,0.151804,,,NEEDS_SOURCE_DIMENSION,absolute diameter by drone photogrammetry or diagram scale,MODEL_COMPARISON_ONLY
CC-2005-05-22-DOETINCHEM-GELDERLAND,Doetinchem | Gelderland,https://www.cropcirclecenter.com/ccdata/2005/05/22/NL20050522_A.html,632,0.18,NEEDS_SOURCE_DIMENSION,REJECT,NO_COUNT,NEEDS_SOURCE_DIMENSION,0.946877,,,NEEDS_SOURCE_DIMENSION,absolute diameter by drone photogrammetry or diagram scale,MODEL_COMPARISON_ONLY
CC-2005-06-05-BECKHAMPTON-WILTSHIRE,Beckhampton | Wiltshire,https://www.cropcirclearchives.co.uk/archives/2005/thefirs/thefirs2005a.html,633,0.18,NEEDS_SOURCE_DIMENSION,NO_RATIO,COUNT_PRESENT_OTHER_FAMILY,NEEDS_SOURCE_DIMENSION,,6,,NEEDS_SOURCE_DIMENSION,absolute diameter by drone photogrammetry or diagram scale,MODEL_COMPARISON_ONLY
CC-2005-06-11-MILK-HILL-WILTSHIRE-2,Milk Hill | Wiltshire,https://www.cropcirclecenter.com/ccdata/2005/06/11/UK20050611_B.html,634,0.18,NEEDS_SOURCE_DIMENSION,REJECT,NO_COUNT,NEEDS_SOURCE_DIMENSION,0.1957,,,NEEDS_SOURCE_DIMENSION,absolute diameter by drone photogrammetry or diagram scale,MODEL_COMPARISON_ONLY
CC-2005-06-18-BURWELL-LINCOLNSHIRE,Burwell | Lincolnshire,https://www.cropcirclecenter.com/ccdata/2005/06/18/UK20050618_A.html,635,0.18,NEEDS_SOURCE_DIMENSION,REJECT,NO_COUNT,NEEDS_SOURCE_DIMENSION,0.071074,,,NEEDS_SOURCE_DIMENSION,absolute diameter by drone photogrammetry or diagram scale,MODEL_COMPARISON_ONLY
CC-2005-06-20-SHREWTON-WILTSHIRE-2,Shrewton | Wiltshire,https://www.cropcirclecenter.com/ccdata/2005/06/20/UK20050620_B.html,636,0.18,NEEDS_SOURCE_DIMENSION,REJECT,NO_COUNT,NEEDS_SOURCE_DIMENSION,0.945382,,,NEEDS_SOURCE_DIMENSION,absolute diameter by drone photogrammetry or diagram scale,MODEL_COMPARISON_ONLY
CC-2005-06-22-LOCKERIDGE-WILTSHIRE,Lockeridge | Wiltshire,https://www.cropcirclecenter.com/ccdata/2005/06/22/UK20050622_A.html,637,0.18,NEEDS_SOURCE_DIMENSION,NO_RATIO,COUNT_PRESENT_OTHER_FAMILY,NEEDS_SOURCE_DIMENSION,,9,,NEEDS_SOURCE_DIMENSION,absolute diameter by drone photogrammetry or diagram scale,MODEL_COMPARISON_ONLY
CC-2005-06-23-AVEBURY-TRUSLOE-WILTSHIRE,Avebury Trusloe | Wiltshire,https://www.cropcirclecenter.com/ccdata/2005/06/23/UK20050623_A.html,638,0.18,NEEDS_SOURCE_DIMENSION,NO_RATIO,COUNT_PRESENT_OTHER_FAMILY,NEEDS_SOURCE_DIMENSION,,24,,NEEDS_SOURCE_DIMENSION,absolute diameter by drone photogrammetry or diagram scale,MODEL_COMPARISON_ONLY
CC-2005-06-24-TELEGRAPH-HILL-HAMPSHIRE,Telegraph Hill | Hampshire,https://www.cropcirclecenter.com/ccdata/2005/06/24/UK20050624_A.html,639,0.18,NEEDS_SOURCE_DIMENSION,NO_RATIO,COUNT_PRESENT_OTHER_FAMILY,NEEDS_SOURCE_DIMENSION,,6,,NEEDS_SOURCE_DIMENSION,absolute diameter by drone photogrammetry or diagram scale,MODEL_COMPARISON_ONLY
CC-2005-06-26-SOMPTING-WEST-SUSSEX-2,Sompting | West Sussex,https://www.cropcirclecenter.com/ccdata/2005/06/26/UK20050626_B.html,640,0.18,NEEDS_SOURCE_DIMENSION,REJECT,NO_COUNT,NEEDS_SOURCE_DIMENSION,0.303761,,,NEEDS_SOURCE_DIMENSION,absolute diameter by drone photogrammetry or diagram scale,MODEL_COMPARISON_ONLY
CC-2005-06-30-HOEVEN-NOORD-BRABANT-2,Hoeven | Noord Brabant,https://www.cropcirclecenter.com/ccdata/2005/06/30/NL20050630_B.html,641,0.18,NEEDS_SOURCE_DIMENSION,REJECT,NO_COUNT,NEEDS_SOURCE_DIMENSION,0.073466,,,NEEDS_SOURCE_DIMENSION,absolute diameter by drone photogrammetry or diagram scale,MODEL_COMPARISON_ONLY
CC-2005-07-03-ALTON-BARNES-WILTSHIRE,Alton Barnes | Wiltshire,https://www.cropcirclecenter.com/ccdata/2005/07/03/UK20050703_A.html,642,0.18,NEEDS_SOURCE_DIMENSION,NO_RATIO,COUNT_PRESENT_OTHER_FAMILY,NEEDS_SOURCE_DIMENSION,,39,,NEEDS_SOURCE_DIMENSION,absolute diameter by drone photogrammetry or diagram scale,MODEL_COMPARISON_ONLY
CC-2005-07-03-AYLESBURY-BUCKINGHAMSHIRE,Aylesbury | Buckinghamshire,https://www.cropcirclecenter.com/ccdata/2005/07/32/UK20050732_A.html,643,0.18,NEEDS_SOURCE_DIMENSION,REJECT,NO_COUNT,NEEDS_SOURCE_DIMENSION,0.271011,,,NEEDS_SOURCE_DIMENSION,absolute diameter by drone photogrammetry or diagram scale,MODEL_COMPARISON_ONLY
CC-2005-07-06-MEOPHAM-KENT,Meopham | Kent,https://www.cropcirclecenter.com/ccdata/2005/07/06/UK20050706_A.html,644,0.18,NEEDS_SOURCE_DIMENSION,REJECT,NO_COUNT,NEEDS_SOURCE_DIMENSION,0.244692,,,NEEDS_SOURCE_DIMENSION,absolute diameter by drone photogrammetry or diagram scale,MODEL_COMPARISON_ONLY
CC-2005-07-14-TOOT-BALDON-OXFORDSHIRE,Toot Baldon | Oxfordshire,https://www.cropcirclecenter.com/ccdata/2005/07/14/UK20050714_A.html,645,0.18,NEEDS_SOURCE_DIMENSION,REJECT,NO_COUNT,NEEDS_SOURCE_DIMENSION,0.153262,,,NEEDS_SOURCE_DIMENSION,absolute diameter by drone photogrammetry or diagram scale,MODEL_COMPARISON_ONLY
CC-2005-07-17-BOXLEY-KENT,Boxley | Kent,https://www.cropcirclearchives.co.uk/archives/2005/Boxley/boxley2005a.html,646,0.18,NEEDS_SOURCE_DIMENSION,NO_RATIO,COUNT_PRESENT_OTHER_FAMILY,NEEDS_SOURCE_DIMENSION,,9,,NEEDS_SOURCE_DIMENSION,absolute diameter by drone photogrammetry or diagram scale,MODEL_COMPARISON_ONLY
CC-2005-07-19-SAVERNAKE-FOREST-WILTSHIRE,Savernake Forest | Wiltshire,https://www.cropcirclecenter.com/ccdata/2005/07/19/UK20050719_A.html,647,0.18,NEEDS_SOURCE_DIMENSION,NO_RATIO,COUNT_PRESENT_OTHER_FAMILY,NEEDS_SOURCE_DIMENSION,,42,,NEEDS_SOURCE_DIMENSION,absolute diameter by drone photogrammetry or diagram scale,MODEL_COMPARISON_ONLY
CC-2005-07-19-SOUTHEND-ON-SEA-ESSEX-2,Southend-on-Sea | Essex,https://www.cropcirclecenter.com/ccdata/2005/07/19/UK20050719_B.html,648,0.18,NEEDS_SOURCE_DIMENSION,REJECT,NO_COUNT,NEEDS_SOURCE_DIMENSION,0.537229,,,NEEDS_SOURCE_DIMENSION,absolute diameter by drone photogrammetry or diagram scale,MODEL_COMPARISON_ONLY
CC-2005-07-24-ALDBOURNE-WILTSHIRE,Aldbourne | Wiltshire,https://www.cropcirclecenter.com/ccdata/2005/07/24/UK20050724_A.html,649,0.18,NEEDS_SOURCE_DIMENSION,REJECT,NO_COUNT,NEEDS_SOURCE_DIMENSION,0.443688,,,NEEDS_SOURCE_DIMENSION,absolute diameter by drone photogrammetry or diagram scale,MODEL_COMPARISON_ONLY
CC-2005-07-24-ALDBOURNE-WILTSHIRE-2,Aldbourne | Wiltshire,https://www.cropcirclecenter.com/ccdata/2005/07/24/UK20050724_B.html,650,0.18,NEEDS_SOURCE_DIMENSION,REJECT,NO_COUNT,NEEDS_SOURCE_DIMENSION,0.047828,,,NEEDS_SOURCE_DIMENSION,absolute diameter by drone photogrammetry or diagram scale,MODEL_COMPARISON_ONLY
CC-2005-07-24-EAST-KENNETT-WILTSHIRE,East Kennett | Wiltshire,https://www.cropcirclecenter.com/ccdata/2005/07/24/UK20050724_D.html,651,0.18,NEEDS_SOURCE_DIMENSION,REJECT,NO_COUNT,NEEDS_SOURCE_DIMENSION,0.189132,,,NEEDS_SOURCE_DIMENSION,absolute diameter by drone photogrammetry or diagram scale,MODEL_COMPARISON_ONLY
CC-2005-07-27-AVEBURY-MANOR-WILTSHIRE,Avebury Manor | Wiltshire,https://www.cropcirclearchives.co.uk/archives/2005/aveburymanor/aveburymanor2005a.html,652,0.18,NEEDS_SOURCE_DIMENSION,REJECT,NO_COUNT,NEEDS_SOURCE_DIMENSION,0.97296,,,NEEDS_SOURCE_DIMENSION,absolute diameter by drone photogrammetry or diagram scale,MODEL_COMPARISON_ONLY
CC-2005-07-31-AVEBURY-WILTSHIRE,Avebury | Wiltshire,https://www.cropcirclecenter.com/ccdata/2005/07/31/UK20050731_A.html,653,0.18,NEEDS_SOURCE_DIMENSION,REJECT,NO_COUNT,NEEDS_SOURCE_DIMENSION,0.124827,,,NEEDS_SOURCE_DIMENSION,absolute diameter by drone photogrammetry or diagram scale,MODEL_COMPARISON_ONLY
CC-2005-08-03-LUDGERSHALL-WILTSHIRE,Ludgershall | Wiltshire,https://www.cropcirclecenter.com/ccdata/2005/08/03/UK20050803_A.html,654,0.18,NEEDS_SOURCE_DIMENSION,REJECT,NO_COUNT,NEEDS_SOURCE_DIMENSION,0.141744,,,NEEDS_SOURCE_DIMENSION,absolute diameter by drone photogrammetry or diagram scale,MODEL_COMPARISON_ONLY
CC-2005-08-03-SAVERNAKE-FOREST-WILTSHIRE-2,Savernake Forest | Wiltshire,https://www.cropcirclecenter.com/ccdata/2005/08/03/UK20050803_B.html,655,0.18,NEEDS_SOURCE_DIMENSION,REJECT,NO_COUNT,NEEDS_SOURCE_DIMENSION,0.090577,,,NEEDS_SOURCE_DIMENSION,absolute diameter by drone photogrammetry or diagram scale,MODEL_COMPARISON_ONLY
CC-2005-08-07-SHELBOURNE-WILTSHIRE,Shelbourne | Wiltshire,https://www.cropcirclecenter.com/ccdata/2005/08/07/UK20050807_A.html,656,0.18,NEEDS_SOURCE_DIMENSION,REJECT,NO_COUNT,NEEDS_SOURCE_DIMENSION,0.035755,,,NEEDS_SOURCE_DIMENSION,absolute diameter by drone photogrammetry or diagram scale,MODEL_COMPARISON_ONLY
CC-2005-08-09-CHIRTON-WILTSHIRE,Chirton | Wiltshire,https://www.cropcirclearchives.co.uk/archives/2005/marden/marden2005a.html,657,0.18,NEEDS_SOURCE_DIMENSION,REJECT,NO_COUNT,NEEDS_SOURCE_DIMENSION,0.379654,,,NEEDS_SOURCE_DIMENSION,absolute diameter by drone photogrammetry or diagram scale,MODEL_COMPARISON_ONLY
CC-2005-08-09-LANCING-WEST-SUSSEX-2,Lancing | West Sussex,https://www.cropcirclecenter.com/ccdata/2005/08/09/UK20050809_B.html,658,0.18,NEEDS_SOURCE_DIMENSION,REJECT,NO_COUNT,NEEDS_SOURCE_DIMENSION,0.133304,,,NEEDS_SOURCE_DIMENSION,absolute diameter by drone photogrammetry or diagram scale,MODEL_COMPARISON_ONLY
CC-2005-08-09-WAYLAND-S-SMITHY-OXFORDSHIRE-3,Wayland's Smithy | Oxfordshire,https://www.cropcirclecenter.com/ccdata/2005/08/09/UK20050809_C.html,659,0.18,NEEDS_SOURCE_DIMENSION,NO_RATIO,COUNT_PRESENT_OTHER_FAMILY,NEEDS_SOURCE_DIMENSION,,12,,NEEDS_SOURCE_DIMENSION,absolute diameter by drone photogrammetry or diagram scale,MODEL_COMPARISON_ONLY
CC-2005-08-13-UFFINGTON-OXFORDSHIRE,Uffington | Oxfordshire,https://www.cropcirclecenter.com/ccdata/2005/08/13/UK20050813_A.html,660,0.18,NEEDS_SOURCE_DIMENSION,REJECT,NO_COUNT,NEEDS_SOURCE_DIMENSION,0.127157,,,NEEDS_SOURCE_DIMENSION,absolute diameter by drone photogrammetry or diagram scale,MODEL_COMPARISON_ONLY
CC-2006-05-18-AVEBURY-WILTSHIRE,Avebury | Wiltshire,https://www.cropcirclecenter.com/ccdata/2006/05/18/UK20060518_A.html,661,0.18,NEEDS_SOURCE_DIMENSION,REJECT,NO_COUNT,NEEDS_SOURCE_DIMENSION,0.047255,,,NEEDS_SOURCE_DIMENSION,absolute diameter by drone photogrammetry or diagram scale,MODEL_COMPARISON_ONLY
CC-2006-05-21-RHO-LOMBARDIA,Rho | Lombardia,https://www.cropcirclecenter.com/ccdata/2006/05/21/IT20060521_A.html,662,0.18,NEEDS_SOURCE_DIMENSION,REJECT,NO_COUNT,NEEDS_SOURCE_DIMENSION,0.282045,,,NEEDS_SOURCE_DIMENSION,absolute diameter by drone photogrammetry or diagram scale,MODEL_COMPARISON_ONLY
CC-2006-05-30-BOTLEY-OXFORDSHIRE-2,Botley | Oxfordshire,https://www.cropcirclecenter.com/ccdata/2006/05/30/UK20060530_B.html,663,0.18,NEEDS_SOURCE_DIMENSION,REJECT,NO_COUNT,NEEDS_SOURCE_DIMENSION,0.869502,,,NEEDS_SOURCE_DIMENSION,absolute diameter by drone photogrammetry or diagram scale,MODEL_COMPARISON_ONLY
CC-2006-06-09-BURGHASUNGEN-HESSEN,Burghasungen | Hessen,https://www.cropcirclecenter.com/ccdata/2006/06/09/DE20060609_A.html,664,0.18,NEEDS_SOURCE_DIMENSION,REJECT,NO_COUNT,NEEDS_SOURCE_DIMENSION,0.810961,,,NEEDS_SOURCE_DIMENSION,absolute diameter by drone photogrammetry or diagram scale,MODEL_COMPARISON_ONLY
CC-2006-06-19-CERESOLE-ALBA-PIEMONTE-2,Ceresole Alba | Piemonte,https://www.cropcirclecenter.com/ccdata/2006/06/19/IT20060619_B.html,665,0.18,NEEDS_SOURCE_DIMENSION,REJECT,NO_COUNT,NEEDS_SOURCE_DIMENSION,0.78191,,,NEEDS_SOURCE_DIMENSION,absolute diameter by drone photogrammetry or diagram scale,MODEL_COMPARISON_ONLY
CC-2006-06-21-MARTHAM-NORFOLK-2,Martham | Norfolk,https://www.cropcirclecenter.com/ccdata/2006/06/21/UK20060621_B.html,666,0.18,NEEDS_SOURCE_DIMENSION,REJECT,NO_COUNT,NEEDS_SOURCE_DIMENSION,0.510247,,,NEEDS_SOURCE_DIMENSION,absolute diameter by drone photogrammetry or diagram scale,MODEL_COMPARISON_ONLY
CC-2006-06-21-SOMERTON-NORFOLK,Somerton | Norfolk,https://www.cropcirclecenter.com/ccdata/2006/06/21/UK20060621_A.html,667,0.18,NEEDS_SOURCE_DIMENSION,REJECT,NO_COUNT,NEEDS_SOURCE_DIMENSION,0.970195,,,NEEDS_SOURCE_DIMENSION,absolute diameter by drone photogrammetry or diagram scale,MODEL_COMPARISON_ONLY
CC-2006-06-24-GENVAL-BRABANT,Genval | Brabant,https://www.cropcirclecenter.com/ccdata/2006/06/24/BE20060624_A.html,668,0.18,NEEDS_SOURCE_DIMENSION,REJECT,NO_COUNT,NEEDS_SOURCE_DIMENSION,0.208458,,,NEEDS_SOURCE_DIMENSION,absolute diameter by drone photogrammetry or diagram scale,MODEL_COMPARISON_ONLY
CC-2006-06-24-MONTEGRANARO-MARCHE-2,Montegranaro | Marche,https://www.cropcirclecenter.com/ccdata/2006/06/24/IT20060624_B.html,669,0.18,NEEDS_SOURCE_DIMENSION,REJECT,NO_COUNT,NEEDS_SOURCE_DIMENSION,0.249712,,,NEEDS_SOURCE_DIMENSION,absolute diameter by drone photogrammetry or diagram scale,MODEL_COMPARISON_ONLY
CC-2006-06-25-POIRINO-PIEMONTE,Poirino | Piemonte,https://www.cropcirclecenter.com/ccdata/2006/06/25/IT20060625_A.html,670,0.18,NEEDS_SOURCE_DIMENSION,REJECT,NO_COUNT,NEEDS_SOURCE_DIMENSION,0.150044,,,NEEDS_SOURCE_DIMENSION,absolute diameter by drone photogrammetry or diagram scale,MODEL_COMPARISON_ONLY
CC-2006-07-04-WOULDHAM-KENT-2,Wouldham | Kent,https://www.cropcirclecenter.com/ccdata/2006/07/04/UK20060704_B.html,671,0.18,NEEDS_SOURCE_DIMENSION,NO_RATIO,COUNT_PRESENT_OTHER_FAMILY,NEEDS_SOURCE_DIMENSION,,6,,NEEDS_SOURCE_DIMENSION,absolute diameter by drone photogrammetry or diagram scale,MODEL_COMPARISON_ONLY
CC-2006-07-08-BOXLEY-KENT,Boxley | Kent,https://www.cropcirclecenter.com/ccdata/2006/07/08/UK20060708_A.html,672,0.18,NEEDS_SOURCE_DIMENSION,REJECT,NO_COUNT,NEEDS_SOURCE_DIMENSION,0.130725,,,NEEDS_SOURCE_DIMENSION,absolute diameter by drone photogrammetry or diagram scale,MODEL_COMPARISON_ONLY
CC-2006-07-11-HASSFURT-BAYERN,Hassfurt | Bayern,https://www.cropcirclecenter.com/ccdata/2006/07/11/DE20060711_A.html,673,0.18,NEEDS_SOURCE_DIMENSION,REJECT,NO_COUNT,NEEDS_SOURCE_DIMENSION,0.351837,,,NEEDS_SOURCE_DIMENSION,absolute diameter by drone photogrammetry or diagram scale,MODEL_COMPARISON_ONLY
CC-2006-07-11-LIDDINGTON-CASTLE-WILTSHIRE-3,Liddington Castle | Wiltshire,https://www.cropcirclecenter.com/ccdata/2006/07/11/UK20060711_C.html,674,0.18,NEEDS_SOURCE_DIMENSION,REJECT,NO_COUNT,NEEDS_SOURCE_DIMENSION,0.752617,,,NEEDS_SOURCE_DIMENSION,absolute diameter by drone photogrammetry or diagram scale,MODEL_COMPARISON_ONLY
CC-2006-07-12-BOLKOW-DOLNOSLASKIE,Bolkow | Dolnoslaskie,https://www.cropcirclecenter.com/ccdata/2006/07/12/PL20060712_A.html,675,0.18,NEEDS_SOURCE_DIMENSION,REJECT,NO_COUNT,NEEDS_SOURCE_DIMENSION,0.47076,,,NEEDS_SOURCE_DIMENSION,absolute diameter by drone photogrammetry or diagram scale,MODEL_COMPARISON_ONLY
CC-2006-07-12-HANFELD-BAYERN-2,Hanfeld | Bayern,https://www.cropcirclecenter.com/ccdata/2006/07/12/DE20060712_B.html,676,0.18,NEEDS_SOURCE_DIMENSION,REJECT,NO_COUNT,NEEDS_SOURCE_DIMENSION,0.25885,,,NEEDS_SOURCE_DIMENSION,absolute diameter by drone photogrammetry or diagram scale,MODEL_COMPARISON_ONLY
CC-2006-07-15-WEST-OVERTON-WILTSHIRE-2,West Overton | Wiltshire,https://www.cropcirclecenter.com/ccdata/2006/07/15/UK20060715_B.html,677,0.18,NEEDS_SOURCE_DIMENSION,REJECT,NO_COUNT,NEEDS_SOURCE_DIMENSION,0.803572,,,NEEDS_SOURCE_DIMENSION,absolute diameter by drone photogrammetry or diagram scale,MODEL_COMPARISON_ONLY
CC-2006-07-16-BERLINGEN-BADEN-W-RTTEMBERG,Überlingen | Baden-Württemberg,https://www.cropcirclecenter.com/ccdata/2006/07/16/DE20060716_A.html,678,0.18,NEEDS_SOURCE_DIMENSION,NO_RATIO,COUNT_PRESENT_OTHER_FAMILY,NEEDS_SOURCE_DIMENSION,,6,,NEEDS_SOURCE_DIMENSION,absolute diameter by drone photogrammetry or diagram scale,MODEL_COMPARISON_ONLY
CC-2006-07-16-TURNOV-LIBERECKY-KRAJ,Turnov | Liberecky kraj,https://www.cropcirclecenter.com/ccdata/2006/07/16/CZ20060716_A.html,679,0.18,NEEDS_SOURCE_DIMENSION,NO_RATIO,COUNT_PRESENT_OTHER_FAMILY,NEEDS_SOURCE_DIMENSION,,27,,NEEDS_SOURCE_DIMENSION,absolute diameter by drone photogrammetry or diagram scale,MODEL_COMPARISON_ONLY
CC-2006-07-17-MARLBOROUGH-WILTSHIRE-2,Marlborough | Wiltshire,https://www.cropcirclecenter.com/ccdata/2006/07/17/UK20060717_B.html,680,0.18,NEEDS_SOURCE_DIMENSION,REJECT,NO_COUNT,NEEDS_SOURCE_DIMENSION,0.908268,,,NEEDS_SOURCE_DIMENSION,absolute diameter by drone photogrammetry or diagram scale,MODEL_COMPARISON_ONLY
CC-2006-07-18-KRAPJE-POMURSKA,Krapje | Pomurska,https://www.cropcirclecenter.com/ccdata/2006/07/18/SI20060718_A.html,681,0.18,NEEDS_SOURCE_DIMENSION,REJECT,NO_COUNT,NEEDS_SOURCE_DIMENSION,0.464501,,,NEEDS_SOURCE_DIMENSION,absolute diameter by drone photogrammetry or diagram scale,MODEL_COMPARISON_ONLY
CC-2006-07-19-STRAIGHT-SOLEY-BERKSHIRE,Straight Soley | Berkshire,https://www.cropcirclecenter.com/ccdata/2006/07/19/UK20060719_A.html,682,0.18,NEEDS_SOURCE_DIMENSION,NO_RATIO,COUNT_PRESENT_OTHER_FAMILY,NEEDS_SOURCE_DIMENSION,,18,,NEEDS_SOURCE_DIMENSION,absolute diameter by drone photogrammetry or diagram scale,MODEL_COMPARISON_ONLY
CC-2006-07-23-CERNILOV-KRALOVEHRADECKY-KRAJ,Cernilov | Kralovehradecky kraj,https://www.cropcirclecenter.com/ccdata/2006/07/23/CZ20060723_A.html,683,0.18,NEEDS_SOURCE_DIMENSION,REJECT,NO_COUNT,NEEDS_SOURCE_DIMENSION,0.03993,,,NEEDS_SOURCE_DIMENSION,absolute diameter by drone photogrammetry or diagram scale,MODEL_COMPARISON_ONLY
CC-2006-07-23-CHEESEFOOT-HEAD-HAMPSHIRE,Cheesefoot Head | Hampshire,https://www.cropcirclecenter.com/ccdata/2006/07/23/UK20060723_A.html,684,0.18,NEEDS_SOURCE_DIMENSION,NO_RATIO,COUNT_PRESENT_OTHER_FAMILY,NEEDS_SOURCE_DIMENSION,,25,,NEEDS_SOURCE_DIMENSION,absolute diameter by drone photogrammetry or diagram scale,MODEL_COMPARISON_ONLY
CC-2006-07-25-BREDOW-BRANDENBURG,Bredow | Brandenburg,https://www.cropcirclecenter.com/ccdata/2006/07/25/DE20060725_A.html,685,0.18,NEEDS_SOURCE_DIMENSION,REJECT,NO_COUNT,NEEDS_SOURCE_DIMENSION,0.165585,,,NEEDS_SOURCE_DIMENSION,absolute diameter by drone photogrammetry or diagram scale,MODEL_COMPARISON_ONLY
CC-2006-07-27-MARMANDE,Marmande,https://www.cropcirclecenter.com/ccdata/2006/07/27/FR20060727_A.html,686,0.18,NEEDS_SOURCE_DIMENSION,REJECT,NO_COUNT,NEEDS_SOURCE_DIMENSION,0.752293,,,NEEDS_SOURCE_DIMENSION,absolute diameter by drone photogrammetry or diagram scale,MODEL_COMPARISON_ONLY
CC-2006-07-28-WOODBOROUGH-HILL-WILTSHIRE-2,Woodborough Hill | Wiltshire,https://www.cropcirclecenter.com/ccdata/2006/07/28/UK20060728_B.html,687,0.18,NEEDS_SOURCE_DIMENSION,REJECT,NO_COUNT,NEEDS_SOURCE_DIMENSION,0.585055,,,NEEDS_SOURCE_DIMENSION,absolute diameter by drone photogrammetry or diagram scale,MODEL_COMPARISON_ONLY
CC-2006-07-31-POSTRELMOV-OLOMOUCKY-KRAJ,Postrelmov | Olomoucky kraj,https://www.cropcirclecenter.com/ccdata/2006/07/31/CZ20060731_A.html,688,0.18,NEEDS_SOURCE_DIMENSION,REJECT,NO_COUNT,NEEDS_SOURCE_DIMENSION,0.268522,,,NEEDS_SOURCE_DIMENSION,absolute diameter by drone photogrammetry or diagram scale,MODEL_COMPARISON_ONLY
CC-2006-08-01-HADORF-BAYERN,Hadorf | Bayern,https://www.cropcirclecenter.com/ccdata/2006/08/01/DE20060801_A.html,689,0.18,NEEDS_SOURCE_DIMENSION,REJECT,NO_COUNT,NEEDS_SOURCE_DIMENSION,0.165101,,,NEEDS_SOURCE_DIMENSION,absolute diameter by drone photogrammetry or diagram scale,MODEL_COMPARISON_ONLY
CC-2006-08-01-HANNOVERSCH-M-NDEN-NIERDERSACHSEN-2,Hannoversch-Münden | Nierdersachsen,https://www.cropcirclecenter.com/ccdata/2006/08/01/DE20060801_B.html,690,0.18,NEEDS_SOURCE_DIMENSION,NO_RATIO,COUNT_PRESENT_OTHER_FAMILY,NEEDS_SOURCE_DIMENSION,,12,,NEEDS_SOURCE_DIMENSION,absolute diameter by drone photogrammetry or diagram scale,MODEL_COMPARISON_ONLY
CC-2006-08-01-OLD-SARUM-WILTSHIRE-2,Old Sarum | Wiltshire,https://www.cropcirclecenter.com/ccdata/2006/08/01/UK20060801_B.html,691,0.18,NEEDS_SOURCE_DIMENSION,REJECT,NO_COUNT,NEEDS_SOURCE_DIMENSION,0.806924,,,NEEDS_SOURCE_DIMENSION,absolute diameter by drone photogrammetry or diagram scale,MODEL_COMPARISON_ONLY
CC-2006-08-03-AYOTZINTEPEC-OAXACA,Ayotzintepec | Oaxaca,https://www.cropcirclecenter.com/ccdata/2006/08/33/ME20060833_A.html,692,0.18,NEEDS_SOURCE_DIMENSION,REJECT,NO_COUNT,NEEDS_SOURCE_DIMENSION,0.849191,,,NEEDS_SOURCE_DIMENSION,absolute diameter by drone photogrammetry or diagram scale,MODEL_COMPARISON_ONLY
CC-2006-08-06-BLOWINGSTONE-HILL-OXFORDSHIRE,Blowingstone Hill | Oxfordshire,https://www.cropcirclecenter.com/ccdata/2006/08/06/UK20060806_A.html,693,0.18,NEEDS_SOURCE_DIMENSION,REJECT,NO_COUNT,NEEDS_SOURCE_DIMENSION,0.04791,,,NEEDS_SOURCE_DIMENSION,absolute diameter by drone photogrammetry or diagram scale,MODEL_COMPARISON_ONLY
CC-2006-08-07-J-RF-LLA-STOCKHOLMS-L-N,Järfälla | Stockholms län,https://www.cropcirclecenter.com/ccdata/2006/08/07/SE20060807_A.html,694,0.18,NEEDS_SOURCE_DIMENSION,REJECT,NO_COUNT,NEEDS_SOURCE_DIMENSION,0.141934,,,NEEDS_SOURCE_DIMENSION,absolute diameter by drone photogrammetry or diagram scale,MODEL_COMPARISON_ONLY
CC-2006-08-09-ITTERBEEK-BRABANT,Itterbeek | Brabant,https://www.cropcirclecenter.com/ccdata/2006/08/09/BE20060809_A.html,695,0.18,NEEDS_SOURCE_DIMENSION,NO_RATIO,COUNT_PRESENT_OTHER_FAMILY,NEEDS_SOURCE_DIMENSION,,6,,NEEDS_SOURCE_DIMENSION,absolute diameter by drone photogrammetry or diagram scale,MODEL_COMPARISON_ONLY
CC-2006-08-13-KEMBLE-GLOUCESTERSHIRE,Kemble | Gloucestershire,https://www.cropcirclecenter.com/ccdata/2006/08/13/UK20060813_A.html,696,0.18,NEEDS_SOURCE_DIMENSION,REJECT,NO_COUNT,NEEDS_SOURCE_DIMENSION,0.053903,,,NEEDS_SOURCE_DIMENSION,absolute diameter by drone photogrammetry or diagram scale,MODEL_COMPARISON_ONLY
CC-2006-08-15-ETCHILHAMPTON-WILTSHIRE,Etchilhampton | Wiltshire,https://www.cropcirclecenter.com/ccdata/2006/08/15/UK20060815_A.html,697,0.18,NEEDS_SOURCE_DIMENSION,NO_RATIO,COUNT_PRESENT_OTHER_FAMILY,NEEDS_SOURCE_DIMENSION,,14,,NEEDS_SOURCE_DIMENSION,absolute diameter by drone photogrammetry or diagram scale,MODEL_COMPARISON_ONLY
CC-2006-08-31-TENDORF-BERN,Ütendorf | Bern,https://www.cropcirclecenter.com/ccdata/2006/08/31/CH20060831_A.html,698,0.18,NEEDS_SOURCE_DIMENSION,REJECT,NO_COUNT,NEEDS_SOURCE_DIMENSION,0.057104,,,NEEDS_SOURCE_DIMENSION,absolute diameter by drone photogrammetry or diagram scale,MODEL_COMPARISON_ONLY
CC-2006-10-01-J-HNDE-NIEDERSACHSEN,Jühnde | Niedersachsen,https://www.cropcirclecenter.com/ccdata/2006/10/01/DE20061001_A.html,699,0.18,NEEDS_SOURCE_DIMENSION,NO_RATIO,COUNT_PRESENT_OTHER_FAMILY,NEEDS_SOURCE_DIMENSION,,6,,NEEDS_SOURCE_DIMENSION,absolute diameter by drone photogrammetry or diagram scale,MODEL_COMPARISON_ONLY
CC-2006-12-22-JUAREZ-CHIHUAHUA,Juarez | Chihuahua,https://www.cropcirclecenter.com/ccdata/2006/12/22/ME20061222_A.html,700,0.18,NEEDS_SOURCE_DIMENSION,NO_RATIO,COUNT_PRESENT_OTHER_FAMILY,NEEDS_SOURCE_DIMENSION,,6,,NEEDS_SOURCE_DIMENSION,absolute diameter by drone photogrammetry or diagram scale,MODEL_COMPARISON_ONLY
CC-2007-04-23-MEENSEN-NIEDERSACHSEN-3,Meensen | Niedersachsen,https://www.cropcirclecenter.com/ccdata/2007/04/23/DE20070423_C.html,701,0.18,NEEDS_SOURCE_DIMENSION,REJECT,NO_COUNT,NEEDS_SOURCE_DIMENSION,0.082014,,,NEEDS_SOURCE_DIMENSION,absolute diameter by drone photogrammetry or diagram scale,MODEL_COMPARISON_ONLY
CC-2007-05-03-FORLI-EMILIA-ROMAGNA,Forli | Emilia-Romagna,https://www.cropcirclecenter.com/ccdata/2007/05/03/IT20070503_A.html,702,0.18,NEEDS_SOURCE_DIMENSION,REJECT,NO_COUNT,NEEDS_SOURCE_DIMENSION,0.856417,,,NEEDS_SOURCE_DIMENSION,absolute diameter by drone photogrammetry or diagram scale,MODEL_COMPARISON_ONLY
CC-2007-05-13-FORLI-EMILIA-ROMAGNA,Forli | Emilia-Romagna,https://www.cropcirclecenter.com/ccdata/2007/05/13/IT20070513_A.html,703,0.18,NEEDS_SOURCE_DIMENSION,REJECT,NO_COUNT,NEEDS_SOURCE_DIMENSION,0.440231,,,NEEDS_SOURCE_DIMENSION,absolute diameter by drone photogrammetry or diagram scale,MODEL_COMPARISON_ONLY
CC-2007-05-17-FAROGLIANO-PIEMONTE,Farogliano | Piemonte,https://www.cropcirclecenter.com/ccdata/2007/05/17/IT20070517_A.html,704,0.18,NEEDS_SOURCE_DIMENSION,REJECT,NO_COUNT,NEEDS_SOURCE_DIMENSION,0.21751,,,NEEDS_SOURCE_DIMENSION,absolute diameter by drone photogrammetry or diagram scale,MODEL_COMPARISON_ONLY
CC-2007-05-18-MORGANS-HILL-WILTSHIRE,Morgans Hill | Wiltshire,https://www.cropcirclecenter.com/ccdata/2007/05/18/UK20070518_A.html,705,0.18,NEEDS_SOURCE_DIMENSION,REJECT,NO_COUNT,NEEDS_SOURCE_DIMENSION,0.247469,,,NEEDS_SOURCE_DIMENSION,absolute diameter by drone photogrammetry or diagram scale,MODEL_COMPARISON_ONLY
CC-2007-05-20-SETTIMO-SAN-PEDRO-SARDEGNA-3,Settimo San Pedro | Sardegna,https://www.cropcirclecenter.com/ccdata/2007/05/20/IT20070520_C.html,706,0.18,NEEDS_SOURCE_DIMENSION,REJECT,NO_COUNT,NEEDS_SOURCE_DIMENSION,0.102495,,,NEEDS_SOURCE_DIMENSION,absolute diameter by drone photogrammetry or diagram scale,MODEL_COMPARISON_ONLY
CC-2007-05-22-FERRARA-EMILIA-ROMAGNA,Ferrara | Emilia-Romagna,https://www.cropcirclecenter.com/ccdata/2007/05/22/IT20070522_A.html,707,0.18,NEEDS_SOURCE_DIMENSION,NO_RATIO,COUNT_PRESENT_OTHER_FAMILY,NEEDS_SOURCE_DIMENSION,,9,,NEEDS_SOURCE_DIMENSION,absolute diameter by drone photogrammetry or diagram scale,MODEL_COMPARISON_ONLY
CC-2007-05-23-RIESI-SICILIA,Riesi | Sicilia,https://www.cropcirclecenter.com/ccdata/2007/05/23/IT20070523_A.html,708,0.18,NEEDS_SOURCE_DIMENSION,NO_RATIO,COUNT_PRESENT_OTHER_FAMILY,NEEDS_SOURCE_DIMENSION,,6,,NEEDS_SOURCE_DIMENSION,absolute diameter by drone photogrammetry or diagram scale,MODEL_COMPARISON_ONLY
CC-2007-05-23-WINTERBOURNE-MONKTON-WILTSHIRE,Winterbourne Monkton | Wiltshire,https://www.cropcirclecenter.com/ccdata/2007/05/23/UK20070523_A.html,709,0.18,NEEDS_SOURCE_DIMENSION,REJECT,NO_COUNT,NEEDS_SOURCE_DIMENSION,0.095194,,,NEEDS_SOURCE_DIMENSION,absolute diameter by drone photogrammetry or diagram scale,MODEL_COMPARISON_ONLY
CC-2007-05-29-HANNOVERSCH-M-NDEN-NIEDERSACHSEN,Hannoversch-Münden | Niedersachsen,https://www.cropcirclecenter.com/ccdata/2007/05/29/DE20070529_A.html,710,0.18,NEEDS_SOURCE_DIMENSION,REJECT,NO_COUNT,NEEDS_SOURCE_DIMENSION,0.102549,,,NEEDS_SOURCE_DIMENSION,absolute diameter by drone photogrammetry or diagram scale,MODEL_COMPARISON_ONLY
CC-2007-06-02-POBRE-ZJE-JIGOVZHODNA-SLOVENIJA,Pobre Zje | Jigovzhodna Slovenija,https://www.cropcirclecenter.com/ccdata/2007/06/02/SI20070602_A.html,711,0.18,NEEDS_SOURCE_DIMENSION,REJECT,NO_COUNT,NEEDS_SOURCE_DIMENSION,0.504662,,,NEEDS_SOURCE_DIMENSION,absolute diameter by drone photogrammetry or diagram scale,MODEL_COMPARISON_ONLY
CC-2007-06-06-PEWSEY-WILTSHIRE,Pewsey | Wiltshire,https://www.cropcirclecenter.com/ccdata/2007/06/06/UK20070606_A.html,712,0.18,NEEDS_SOURCE_DIMENSION,NO_RATIO,COUNT_PRESENT_OTHER_FAMILY,NEEDS_SOURCE_DIMENSION,,10,,NEEDS_SOURCE_DIMENSION,absolute diameter by drone photogrammetry or diagram scale,MODEL_COMPARISON_ONLY
CC-2007-06-07-H-GERHOF-NIEDERSACHSEN,Hägerhof | Niedersachsen,https://www.cropcirclecenter.com/ccdata/2007/06/07/DE20070607_A.html,713,0.18,NEEDS_SOURCE_DIMENSION,REJECT,NO_COUNT,NEEDS_SOURCE_DIMENSION,0.153378,,,NEEDS_SOURCE_DIMENSION,absolute diameter by drone photogrammetry or diagram scale,MODEL_COMPARISON_ONLY
CC-2007-06-08-HAALERT-OOST-VLANDEREN,Haalert | Oost-Vlanderen,https://www.cropcirclecenter.com/ccdata/2007/06/08/BE20070608_A.html,714,0.18,NEEDS_SOURCE_DIMENSION,REJECT,NO_COUNT,NEEDS_SOURCE_DIMENSION,0.087593,,,NEEDS_SOURCE_DIMENSION,absolute diameter by drone photogrammetry or diagram scale,MODEL_COMPARISON_ONLY
CC-2007-06-12-BURBAGE-WILTSHIRE,Burbage | Wiltshire,https://www.cropcirclecenter.com/ccdata/2007/06/12/UK20070612_A.html,715,0.18,NEEDS_SOURCE_DIMENSION,REJECT,NO_COUNT,NEEDS_SOURCE_DIMENSION,0.087084,,,NEEDS_SOURCE_DIMENSION,absolute diameter by drone photogrammetry or diagram scale,MODEL_COMPARISON_ONLY
CC-2007-06-14-DAAL-OOST-VLANDEREN,Daal | Oost-Vlanderen,https://www.cropcirclecenter.com/ccdata/2007/06/14/BE20070614_A.html,716,0.18,NEEDS_SOURCE_DIMENSION,REJECT,NO_COUNT,NEEDS_SOURCE_DIMENSION,0.217255,,,NEEDS_SOURCE_DIMENSION,absolute diameter by drone photogrammetry or diagram scale,MODEL_COMPARISON_ONLY
CC-2007-06-16-WATERLOO-BRABANT-2,Waterloo | Brabant,https://www.cropcirclecenter.com/ccdata/2007/06/16/BE20070616_B.html,717,0.18,NEEDS_SOURCE_DIMENSION,REJECT,NO_COUNT,NEEDS_SOURCE_DIMENSION,0.172451,,,NEEDS_SOURCE_DIMENSION,absolute diameter by drone photogrammetry or diagram scale,MODEL_COMPARISON_ONLY
CC-2007-06-19-ALTON-BARNES-WILTSHIRE,Alton Barnes | Wiltshire,https://www.cropcirclecenter.com/ccdata/2007/06/19/UK20070619_A.html,718,0.18,NEEDS_SOURCE_DIMENSION,REJECT,NO_COUNT,NEEDS_SOURCE_DIMENSION,0.195687,,,NEEDS_SOURCE_DIMENSION,absolute diameter by drone photogrammetry or diagram scale,MODEL_COMPARISON_ONLY
CC-2007-06-29-DESIO-LOMBARDIA,Desio | Lombardia,https://www.cropcirclecenter.com/ccdata/2007/06/29/IT20070629_A.html,719,0.18,NEEDS_SOURCE_DIMENSION,NO_RATIO,COUNT_PRESENT_OTHER_FAMILY,NEEDS_SOURCE_DIMENSION,,6,,NEEDS_SOURCE_DIMENSION,absolute diameter by drone photogrammetry or diagram scale,MODEL_COMPARISON_ONLY
CC-2007-06-29-GOLDEN-BALL-HILL-WILTSHIRE-2,Golden Ball Hill | Wiltshire,https://www.cropcirclecenter.com/ccdata/2007/06/29/UK20070629_B.html,720,0.18,NEEDS_SOURCE_DIMENSION,REJECT,NO_COUNT,NEEDS_SOURCE_DIMENSION,0.518598,,,NEEDS_SOURCE_DIMENSION,absolute diameter by drone photogrammetry or diagram scale,MODEL_COMPARISON_ONLY
CC-2007-07-01-BOSSCHENHOOFD-NOORD-BRABANT,Bosschenhoofd | Noord-Brabant,https://www.cropcirclecenter.com/ccdata/2007/07/01/NL20070701_A.html,721,0.18,NEEDS_SOURCE_DIMENSION,REJECT,NO_COUNT,NEEDS_SOURCE_DIMENSION,0.485373,,,NEEDS_SOURCE_DIMENSION,absolute diameter by drone photogrammetry or diagram scale,MODEL_COMPARISON_ONLY
CC-2007-07-07-TOOT-BALDON-OXFORDSHIRE,Toot Baldon | Oxfordshire,https://www.cropcirclecenter.com/ccdata/2007/07/07/UK20070707_D.html,722,0.18,NEEDS_SOURCE_DIMENSION,REJECT,NO_COUNT,NEEDS_SOURCE_DIMENSION,0.308074,,,NEEDS_SOURCE_DIMENSION,absolute diameter by drone photogrammetry or diagram scale,MODEL_COMPARISON_ONLY
CC-2007-07-11-SAVERNAKE-FOREST-WILTSHIRE,Savernake Forest | Wiltshire,https://www.cropcirclecenter.com/ccdata/2007/07/11/UK20070711_A.html,723,0.18,NEEDS_SOURCE_DIMENSION,REJECT,NO_COUNT,NEEDS_SOURCE_DIMENSION,0.143877,,,NEEDS_SOURCE_DIMENSION,absolute diameter by drone photogrammetry or diagram scale,MODEL_COMPARISON_ONLY
CC-2007-07-19-CLIFFORD-S-HILL-WILTSHIRE,Clifford's Hill | Wiltshire,https://www.cropcirclecenter.com/ccdata/2007/07/18/UK20070718_A.html,724,0.18,NEEDS_SOURCE_DIMENSION,NO_RATIO,COUNT_PRESENT_OTHER_FAMILY,NEEDS_SOURCE_DIMENSION,,6,,NEEDS_SOURCE_DIMENSION,absolute diameter by drone photogrammetry or diagram scale,MODEL_COMPARISON_ONLY
CC-2007-07-19-MARTINSELL-HILL-WILTSHIRE-3,Martinsell Hill | Wiltshire,https://www.cropcirclecenter.com/ccdata/2007/07/19/UK20070719_C.html,725,0.18,NEEDS_SOURCE_DIMENSION,NO_RATIO,COUNT_PRESENT_OTHER_FAMILY,NEEDS_SOURCE_DIMENSION,,18,,NEEDS_SOURCE_DIMENSION,absolute diameter by drone photogrammetry or diagram scale,MODEL_COMPARISON_ONLY
CC-2007-07-25-G-TTINGEN-NIEDERSACHSEN,Göttingen | Niedersachsen,https://www.cropcirclecenter.com/ccdata/2007/07/25/DE20070725_A.html,726,0.18,NEEDS_SOURCE_DIMENSION,REJECT,NO_COUNT,NEEDS_SOURCE_DIMENSION,0.945238,,,NEEDS_SOURCE_DIMENSION,absolute diameter by drone photogrammetry or diagram scale,MODEL_COMPARISON_ONLY
CC-2007-07-25-HAALTERT-OSST-VLANDEREN,Haaltert | Osst-Vlanderen,https://www.cropcirclecenter.com/ccdata/2007/07/25/BE20070725_A.html,727,0.18,NEEDS_SOURCE_DIMENSION,REJECT,NO_COUNT,NEEDS_SOURCE_DIMENSION,0.224013,,,NEEDS_SOURCE_DIMENSION,absolute diameter by drone photogrammetry or diagram scale,MODEL_COMPARISON_ONLY
CC-2007-07-25-MEENSEN-NIEDERSACHSEN-2,Meensen | Niedersachsen,https://www.cropcirclecenter.com/ccdata/2007/07/25/DE20070725_B.html,728,0.18,NEEDS_SOURCE_DIMENSION,REJECT,NO_COUNT,NEEDS_SOURCE_DIMENSION,0.069512,,,NEEDS_SOURCE_DIMENSION,absolute diameter by drone photogrammetry or diagram scale,MODEL_COMPARISON_ONLY
CC-2007-07-25-MILBOURNE-WILTSHIRE,Milbourne | Wiltshire,https://www.cropcirclecenter.com/ccdata/2007/07/25/UK20070725_A.html,729,0.18,NEEDS_SOURCE_DIMENSION,REJECT,NO_COUNT,NEEDS_SOURCE_DIMENSION,0.244523,,,NEEDS_SOURCE_DIMENSION,absolute diameter by drone photogrammetry or diagram scale,MODEL_COMPARISON_ONLY
CC-2007-07-31-ETCHILHAMPTON-WILTSHIRE,Etchilhampton | Wiltshire,https://www.cropcirclecenter.com/ccdata/2007/07/31/UK20070731_A.html,730,0.18,NEEDS_SOURCE_DIMENSION,REJECT,NO_COUNT,NEEDS_SOURCE_DIMENSION,0.561767,,,NEEDS_SOURCE_DIMENSION,absolute diameter by drone photogrammetry or diagram scale,MODEL_COMPARISON_ONLY
CC-2007-08-04-PEWSEY-WHITE-HORSE-WILTSHIRE,Pewsey White Horse | Wiltshire,https://www.cropcirclecenter.com/ccdata/2007/08/04/UK20070804_A.html,731,0.18,NEEDS_SOURCE_DIMENSION,REJECT,NO_COUNT,NEEDS_SOURCE_DIMENSION,0.035387,,,NEEDS_SOURCE_DIMENSION,absolute diameter by drone photogrammetry or diagram scale,MODEL_COMPARISON_ONLY
CC-2007-08-08-ABBOTSFORD-BRITISH-COLUMBIA,Abbotsford | British Columbia,https://www.cropcirclecenter.com/ccdata/2007/08/08/CA20070808_A.html,732,0.18,NEEDS_SOURCE_DIMENSION,REJECT,NO_COUNT,NEEDS_SOURCE_DIMENSION,0.849113,,,NEEDS_SOURCE_DIMENSION,absolute diameter by drone photogrammetry or diagram scale,MODEL_COMPARISON_ONLY
CC-2007-08-09-MARLBOROUGH-WILTSHIRE,Marlborough | Wiltshire,https://www.cropcirclecenter.com/ccdata/2007/08/09/UK20070809_A.html,733,0.18,NEEDS_SOURCE_DIMENSION,REJECT,NO_COUNT,NEEDS_SOURCE_DIMENSION,0.409429,,,NEEDS_SOURCE_DIMENSION,absolute diameter by drone photogrammetry or diagram scale,MODEL_COMPARISON_ONLY
CC-2007-08-10-KERSBERGA-STOCKHOLMS-L-N,Åkersberga | Stockholms län,https://www.cropcirclecenter.com/ccdata/2007/08/10/SE20070810_A.html,734,0.18,NEEDS_SOURCE_DIMENSION,REJECT,NO_COUNT,NEEDS_SOURCE_DIMENSION,0.516942,,,NEEDS_SOURCE_DIMENSION,absolute diameter by drone photogrammetry or diagram scale,MODEL_COMPARISON_ONLY
CC-2007-08-10-KERSBERGA-STOCKHOLMS-L-N-2,Åkersberga | Stockholms län,https://www.cropcirclecenter.com/ccdata/2007/08/10/SE20070810_B.html,735,0.18,NEEDS_SOURCE_DIMENSION,NO_RATIO,COUNT_PRESENT_OTHER_FAMILY,NEEDS_SOURCE_DIMENSION,,6,,NEEDS_SOURCE_DIMENSION,absolute diameter by drone photogrammetry or diagram scale,MODEL_COMPARISON_ONLY
CC-2007-08-12-STANTON-ST-BERNARD-WILTSHIRE,Stanton St Bernard | Wiltshire,https://www.cropcirclecenter.com/ccdata/2007/08/12/UK20070812_A.html,736,0.18,NEEDS_SOURCE_DIMENSION,REJECT,NO_COUNT,NEEDS_SOURCE_DIMENSION,0.900259,,,NEEDS_SOURCE_DIMENSION,absolute diameter by drone photogrammetry or diagram scale,MODEL_COMPARISON_ONLY
CC-2007-08-16-WOODBOROUGH-WILTSHIRE,Woodborough | Wiltshire,https://www.cropcirclecenter.com/ccdata/2007/08/16/UK20070816_A.html,737,0.18,NEEDS_SOURCE_DIMENSION,NO_RATIO,COUNT_PRESENT_OTHER_FAMILY,NEEDS_SOURCE_DIMENSION,,22,,NEEDS_SOURCE_DIMENSION,absolute diameter by drone photogrammetry or diagram scale,MODEL_COMPARISON_ONLY
CC-2007-08-17-WEST-OVERTON-WILTSHIRE,West Overton | Wiltshire,https://www.cropcirclecenter.com/ccdata/2007/08/17/UK20070817_A.html,738,0.18,NEEDS_SOURCE_DIMENSION,REJECT,NO_COUNT,NEEDS_SOURCE_DIMENSION,0.043436,,,NEEDS_SOURCE_DIMENSION,absolute diameter by drone photogrammetry or diagram scale,MODEL_COMPARISON_ONLY
CC-2007-08-19-NORTH-DOWN-WILTSHIRE,North Down | Wiltshire,https://www.cropcirclecenter.com/ccdata/2007/08/19/UK20070819_A.html,739,0.18,NEEDS_SOURCE_DIMENSION,NO_RATIO,COUNT_PRESENT_OTHER_FAMILY,NEEDS_SOURCE_DIMENSION,,26,,NEEDS_SOURCE_DIMENSION,absolute diameter by drone photogrammetry or diagram scale,MODEL_COMPARISON_ONLY
CC-2007-08-30-HACKPEN-HILL-WILTSHIRE,Hackpen Hill | Wiltshire,https://www.cropcirclecenter.com/ccdata/2007/08/30/UK20070830_A.html,740,0.18,NEEDS_SOURCE_DIMENSION,NO_RATIO,COUNT_PRESENT_OTHER_FAMILY,NEEDS_SOURCE_DIMENSION,,6,,NEEDS_SOURCE_DIMENSION,absolute diameter by drone photogrammetry or diagram scale,MODEL_COMPARISON_ONLY
CC-2007-09-23-WAYNE-COUNTY-OHIO,Wayne County | Ohio,https://www.cropcirclecenter.com/ccdata/2007/09/23/US20070923_A.html,741,0.18,NEEDS_SOURCE_DIMENSION,REJECT,NO_COUNT,NEEDS_SOURCE_DIMENSION,0.104662,,,NEEDS_SOURCE_DIMENSION,absolute diameter by drone photogrammetry or diagram scale,MODEL_COMPARISON_ONLY
CC-2008-04-19-RIESI-SICILIA,Riesi | Sicilia,https://www.cropcirclecenter.com/ccdata/2008/04/19/IT20080419_A.html,742,0.18,NEEDS_SOURCE_DIMENSION,NO_RATIO,COUNT_PRESENT_OTHER_FAMILY,NEEDS_SOURCE_DIMENSION,,27,,NEEDS_SOURCE_DIMENSION,absolute diameter by drone photogrammetry or diagram scale,MODEL_COMPARISON_ONLY
CC-2008-04-19-WADEN-HILL-WILTSHIRE,Waden Hill | Wiltshire,https://www.cropcirclecenter.com/ccdata/2008/04/19/UK20080419_A.html,743,0.18,NEEDS_SOURCE_DIMENSION,REJECT,NO_COUNT,NEEDS_SOURCE_DIMENSION,0.262446,,,NEEDS_SOURCE_DIMENSION,absolute diameter by drone photogrammetry or diagram scale,MODEL_COMPARISON_ONLY
CC-2008-05-04-STANTON-ST-BERNARD-WILTSHIRE,Stanton St Bernard | Wiltshire,https://www.cropcirclecenter.com/ccdata/2008/05/04/UK20080504_A.html,744,0.18,NEEDS_SOURCE_DIMENSION,REJECT,NO_COUNT,NEEDS_SOURCE_DIMENSION,0.210118,,,NEEDS_SOURCE_DIMENSION,absolute diameter by drone photogrammetry or diagram scale,MODEL_COMPARISON_ONLY
CC-2008-05-06-MADISONVILLE-KENTUCKY,Madisonville | Kentucky,https://www.cropcirclecenter.com/ccdata/2008/05/06/US20080506_A.html,745,0.18,NEEDS_SOURCE_DIMENSION,NO_RATIO,COUNT_PRESENT_OTHER_FAMILY,NEEDS_SOURCE_DIMENSION,,9,,NEEDS_SOURCE_DIMENSION,absolute diameter by drone photogrammetry or diagram scale,MODEL_COMPARISON_ONLY
CC-2008-05-10-ASHBURY-OXFORDSHIRE,Ashbury | Oxfordshire,https://www.cropcirclecenter.com/ccdata/2008/05/10/UK20080510_A.html,746,0.18,NEEDS_SOURCE_DIMENSION,REJECT,NO_COUNT,NEEDS_SOURCE_DIMENSION,0.876072,,,NEEDS_SOURCE_DIMENSION,absolute diameter by drone photogrammetry or diagram scale,MODEL_COMPARISON_ONLY
CC-2008-05-27-MONTECASTELLO-PIEMONTE,Montecastello | Piemonte,https://www.cropcirclecenter.com/ccdata/2008/05/27/IT20080527_A.html,747,0.18,NEEDS_SOURCE_DIMENSION,REJECT,NO_COUNT,NEEDS_SOURCE_DIMENSION,0.693111,,,NEEDS_SOURCE_DIMENSION,absolute diameter by drone photogrammetry or diagram scale,MODEL_COMPARISON_ONLY
CC-2008-06-01-BARBURY-CASTLE-WILTSHIRE,Barbury Castle | Wiltshire,https://www.cropcirclearchives.co.uk/archives/2008/barbury/barbury2008a.html,748,0.18,NEEDS_SOURCE_DIMENSION,REJECT,NO_COUNT,NEEDS_SOURCE_DIMENSION,0.919764,,,NEEDS_SOURCE_DIMENSION,absolute diameter by drone photogrammetry or diagram scale,MODEL_COMPARISON_ONLY
CC-2008-06-04-LIGNANO-SABBIADORO-FRIULI-VENEZIA-GIUL,Lignano Sabbiadoro | Friuli-Venezia Giul,https://www.cropcirclecenter.com/ccdata/2008/06/04/IT20080604_A.html,749,0.18,NEEDS_SOURCE_DIMENSION,REJECT,NO_COUNT,NEEDS_SOURCE_DIMENSION,0.096493,,,NEEDS_SOURCE_DIMENSION,absolute diameter by drone photogrammetry or diagram scale,MODEL_COMPARISON_ONLY
CC-2008-06-07-MARLY-LE-ROI-ILE-DE-FRANCE,Marly-le-Roi | Ile-de-France,https://www.cropcirclecenter.com/ccdata/2008/06/07/FR20080607_A.html,750,0.18,NEEDS_SOURCE_DIMENSION,NO_RATIO,COUNT_PRESENT_OTHER_FAMILY,NEEDS_SOURCE_DIMENSION,,6,,NEEDS_SOURCE_DIMENSION,absolute diameter by drone photogrammetry or diagram scale,MODEL_COMPARISON_ONLY
CC-2008-06-15-SUTTON-ESSEX-2,Sutton | Essex,https://www.cropcirclecenter.com/ccdata/2008/06/15/UK20080615_B.html,751,0.18,NEEDS_SOURCE_DIMENSION,NO_RATIO,COUNT_PRESENT_OTHER_FAMILY,NEEDS_SOURCE_DIMENSION,,6,,NEEDS_SOURCE_DIMENSION,absolute diameter by drone photogrammetry or diagram scale,MODEL_COMPARISON_ONLY
CC-2008-06-20-FURZE-KNOLL-WILTSHIRE,Furze Knoll | Wiltshire,https://www.cropcirclecenter.com/ccdata/2008/06/20/UK20080620_A.html,752,0.18,NEEDS_SOURCE_DIMENSION,REJECT,NO_COUNT,NEEDS_SOURCE_DIMENSION,0.107243,,,NEEDS_SOURCE_DIMENSION,absolute diameter by drone photogrammetry or diagram scale,MODEL_COMPARISON_ONLY
CC-2008-06-23-GIFKENDORF-NIEDERSACHSEN-2,Gifkendorf | Niedersachsen,https://www.cropcirclecenter.com/ccdata/2008/06/23/DE20080623_B.html,753,0.18,NEEDS_SOURCE_DIMENSION,REJECT,NO_COUNT,NEEDS_SOURCE_DIMENSION,0.275384,,,NEEDS_SOURCE_DIMENSION,absolute diameter by drone photogrammetry or diagram scale,MODEL_COMPARISON_ONLY
CC-2008-06-23-SECKLENDORF-NIEDERSACHSEN,Secklendorf | Niedersachsen,https://www.cropcirclecenter.com/ccdata/2008/06/23/DE20080623_A.html,754,0.18,NEEDS_SOURCE_DIMENSION,REJECT,NO_COUNT,NEEDS_SOURCE_DIMENSION,0.702348,,,NEEDS_SOURCE_DIMENSION,absolute diameter by drone photogrammetry or diagram scale,MODEL_COMPARISON_ONLY
CC-2008-06-26-COWICHAN-VALLEY-BRITISH-COLUMBIA,Cowichan Valley | British Columbia,https://www.cropcirclecenter.com/ccdata/2008/06/26/CA20080626_A.html,755,0.18,NEEDS_SOURCE_DIMENSION,REJECT,NO_COUNT,NEEDS_SOURCE_DIMENSION,0.085328,,,NEEDS_SOURCE_DIMENSION,absolute diameter by drone photogrammetry or diagram scale,MODEL_COMPARISON_ONLY
CC-2008-06-29-ANCONA-MARCHE,Ancona | Marche,https://www.cropcirclecenter.com/ccdata/2008/06/29/IT20080629_A.html,756,0.18,NEEDS_SOURCE_DIMENSION,NO_RATIO,COUNT_PRESENT_OTHER_FAMILY,NEEDS_SOURCE_DIMENSION,,10,,NEEDS_SOURCE_DIMENSION,absolute diameter by drone photogrammetry or diagram scale,MODEL_COMPARISON_ONLY
CC-2008-06-29-ANSTY-WEST-MIDLANDS,Ansty | West Midlands,https://www.cropcirclecenter.com/ccdata/2008/06/29/UK20080629_A.html,757,0.18,NEEDS_SOURCE_DIMENSION,REJECT,NO_COUNT,NEEDS_SOURCE_DIMENSION,0.07479,,,NEEDS_SOURCE_DIMENSION,absolute diameter by drone photogrammetry or diagram scale,MODEL_COMPARISON_ONLY
CC-2008-06-29-J-HNDE-NIEDERSACHSEN,Jühnde | Niedersachsen,https://www.cropcirclecenter.com/ccdata/2008/06/29/DE20080629_A.html,758,0.18,NEEDS_SOURCE_DIMENSION,REJECT,NO_COUNT,NEEDS_SOURCE_DIMENSION,0.908701,,,NEEDS_SOURCE_DIMENSION,absolute diameter by drone photogrammetry or diagram scale,MODEL_COMPARISON_ONLY
CC-2008-07-01-TAJO-COMUNIDAD-DI-MADRID-2,Tajo | Comunidad di Madrid,https://www.cropcirclecenter.com/ccdata/2008/07/01/ES20080701_B.html,759,0.18,NEEDS_SOURCE_DIMENSION,NO_RATIO,COUNT_PRESENT_OTHER_FAMILY,NEEDS_SOURCE_DIMENSION,,9,,NEEDS_SOURCE_DIMENSION,absolute diameter by drone photogrammetry or diagram scale,MODEL_COMPARISON_ONLY
CC-2008-07-03-TORUN-KUJAWSKO-POMORSKIE,Torun | Kujawsko-Pomorskie,https://www.cropcirclecenter.com/ccdata/2008/07/03/PL20080703_A.html,760,0.18,NEEDS_SOURCE_DIMENSION,NO_RATIO,COUNT_PRESENT_OTHER_FAMILY,NEEDS_SOURCE_DIMENSION,,6,,NEEDS_SOURCE_DIMENSION,absolute diameter by drone photogrammetry or diagram scale,MODEL_COMPARISON_ONLY
CC-2008-07-06-BURDEROP-WILTSHIRE,Burderop | Wiltshire,https://www.cropcirclecenter.com/ccdata/2008/07/06/UK20080706_A.html,761,0.18,NEEDS_SOURCE_DIMENSION,REJECT,NO_COUNT,NEEDS_SOURCE_DIMENSION,0.920983,,,NEEDS_SOURCE_DIMENSION,absolute diameter by drone photogrammetry or diagram scale,MODEL_COMPARISON_ONLY
CC-2008-07-07-PUMLOW-OLOMOUCKY-KRAJ,Pumlow | Olomoucky kraj,https://www.cropcirclecenter.com/ccdata/2008/07/07/CZ20080707_A.html,762,0.18,NEEDS_SOURCE_DIMENSION,REJECT,NO_COUNT,NEEDS_SOURCE_DIMENSION,0.259133,,,NEEDS_SOURCE_DIMENSION,absolute diameter by drone photogrammetry or diagram scale,MODEL_COMPARISON_ONLY
CC-2008-07-09-PUMLOW-OLOMOUCKY-KRAJ,Pumlow | Olomoucky kraj,https://www.cropcirclecenter.com/ccdata/2008/07/09/CZ20080709_A.html,763,0.18,NEEDS_SOURCE_DIMENSION,REJECT,NO_COUNT,NEEDS_SOURCE_DIMENSION,0.360468,,,NEEDS_SOURCE_DIMENSION,absolute diameter by drone photogrammetry or diagram scale,MODEL_COMPARISON_ONLY
CC-2008-07-11-ROUSINOV-JIHOMORAVSKY-KRAJ-2,Rousinov | Jihomoravsky kraj,https://www.cropcirclecenter.com/ccdata/2008/07/11/CZ20080711_B.html,764,0.18,NEEDS_SOURCE_DIMENSION,REJECT,NO_COUNT,NEEDS_SOURCE_DIMENSION,0.317495,,,NEEDS_SOURCE_DIMENSION,absolute diameter by drone photogrammetry or diagram scale,MODEL_COMPARISON_ONLY
CC-2008-07-28-BECKHAMPTON-WILTSHIRE,Beckhampton | Wiltshire,https://www.cropcirclecenter.com/ccdata/2008/07/28/UK20080728_A.html,765,0.18,NEEDS_SOURCE_DIMENSION,REJECT,NO_COUNT,NEEDS_SOURCE_DIMENSION,0.42934,,,NEEDS_SOURCE_DIMENSION,absolute diameter by drone photogrammetry or diagram scale,MODEL_COMPARISON_ONLY
CC-2008-07-29-HIGH-KINGTHORPE-YORKSHIRE,High Kingthorpe | Yorkshire,https://www.cropcirclecenter.com/ccdata/2008/07/29/UK20080729_A.html,766,0.18,NEEDS_SOURCE_DIMENSION,REJECT,NO_COUNT,NEEDS_SOURCE_DIMENSION,0.093346,,,NEEDS_SOURCE_DIMENSION,absolute diameter by drone photogrammetry or diagram scale,MODEL_COMPARISON_ONLY
CC-2008-08-01-SHRIVENHAM-OXFORDSHIRE,Shrivenham | Oxfordshire,https://www.cropcirclecenter.com/ccdata/2008/08/01/UK20080801_A.html,767,0.18,NEEDS_SOURCE_DIMENSION,REJECT,NO_COUNT,NEEDS_SOURCE_DIMENSION,0.529227,,,NEEDS_SOURCE_DIMENSION,absolute diameter by drone photogrammetry or diagram scale,MODEL_COMPARISON_ONLY
CC-2008-08-08-HENS-WOOD-WILTSHIRE-2,Hens Wood | Wiltshire,https://www.cropcirclecenter.com/ccdata/2008/08/08/UK20080808_B.html,768,0.18,NEEDS_SOURCE_DIMENSION,NO_RATIO,COUNT_PRESENT_OTHER_FAMILY,NEEDS_SOURCE_DIMENSION,,6,,NEEDS_SOURCE_DIMENSION,absolute diameter by drone photogrammetry or diagram scale,MODEL_COMPARISON_ONLY
CC-2008-08-09-LONGIROD-WAADT,Longirod | Waadt,https://www.cropcirclecenter.com/ccdata/2008/08/09/CH20080809_A.html,769,0.18,NEEDS_SOURCE_DIMENSION,NO_RATIO,COUNT_PRESENT_OTHER_FAMILY,NEEDS_SOURCE_DIMENSION,,6,,NEEDS_SOURCE_DIMENSION,absolute diameter by drone photogrammetry or diagram scale,MODEL_COMPARISON_ONLY
CC-2008-08-15-ETCHILHAMPTON-WILTSHIRE,Etchilhampton | Wiltshire,https://www.cropcirclecenter.com/ccdata/2008/08/15/UK20080815_A.html,770,0.18,NEEDS_SOURCE_DIMENSION,NO_RATIO,COUNT_PRESENT_OTHER_FAMILY,NEEDS_SOURCE_DIMENSION,,9,,NEEDS_SOURCE_DIMENSION,absolute diameter by drone photogrammetry or diagram scale,MODEL_COMPARISON_ONLY
CC-2008-08-16-OLIVER-S-CASTLE-WILTSHIRE,Oliver's Castle | Wiltshire,https://www.cropcirclecenter.com/ccdata/2008/08/16/UK20080816_A.html,771,0.18,NEEDS_SOURCE_DIMENSION,NO_RATIO,COUNT_PRESENT_OTHER_FAMILY,NEEDS_SOURCE_DIMENSION,,24,,NEEDS_SOURCE_DIMENSION,absolute diameter by drone photogrammetry or diagram scale,MODEL_COMPARISON_ONLY
CC-2008-08-18-CHEESEFOOT-HEAD-HAMPSHIRE,Cheesefoot Head | Hampshire,https://www.cropcirclecenter.com/ccdata/2008/08/18/UK20080818_A.html,772,0.18,NEEDS_SOURCE_DIMENSION,NO_RATIO,COUNT_PRESENT_OTHER_FAMILY,NEEDS_SOURCE_DIMENSION,,6,,NEEDS_SOURCE_DIMENSION,absolute diameter by drone photogrammetry or diagram scale,MODEL_COMPARISON_ONLY
CC-2008-08-22-CHERHILL-WILTSHIRE,Cherhill | Wiltshire,https://www.cropcirclecenter.com/ccdata/2008/08/22/UK20080822_A.html,773,0.18,NEEDS_SOURCE_DIMENSION,REJECT,NO_COUNT,NEEDS_SOURCE_DIMENSION,0.168081,,,NEEDS_SOURCE_DIMENSION,absolute diameter by drone photogrammetry or diagram scale,MODEL_COMPARISON_ONLY
CC-2008-08-24-ALTON-BARNES-WILTSHIRE,Alton Barnes | Wiltshire,https://www.cropcirclecenter.com/ccdata/2008/08/24/UK20080824_A.html,774,0.18,NEEDS_SOURCE_DIMENSION,REJECT,NO_COUNT,NEEDS_SOURCE_DIMENSION,0.272963,,,NEEDS_SOURCE_DIMENSION,absolute diameter by drone photogrammetry or diagram scale,MODEL_COMPARISON_ONLY
CC-2008-08-24-MORGANS-HILL-WILTSHIRE-2,Morgans Hill | Wiltshire,https://www.cropcirclecenter.com/ccdata/2008/08/24/UK20080824_B.html,775,0.18,NEEDS_SOURCE_DIMENSION,REJECT,NO_COUNT,NEEDS_SOURCE_DIMENSION,0.57729,,,NEEDS_SOURCE_DIMENSION,absolute diameter by drone photogrammetry or diagram scale,MODEL_COMPARISON_ONLY
CC-2008-08-26-WEST-OVERTON-WILTSHIRE,West Overton | Wiltshire,https://www.cropcirclecenter.com/ccdata/2008/08/26/UK20080826_A.html,776,0.18,NEEDS_SOURCE_DIMENSION,NO_RATIO,COUNT_PRESENT_OTHER_FAMILY,NEEDS_SOURCE_DIMENSION,,14,,NEEDS_SOURCE_DIMENSION,absolute diameter by drone photogrammetry or diagram scale,MODEL_COMPARISON_ONLY
CC-2008-09-07-ALLINGTON-WILTSHIRE,Allington | Wiltshire,https://www.cropcirclecenter.com/ccdata/2008/09/07/UK20080907_A.html,777,0.18,NEEDS_SOURCE_DIMENSION,REJECT,NO_COUNT,NEEDS_SOURCE_DIMENSION,0.074046,,,NEEDS_SOURCE_DIMENSION,absolute diameter by drone photogrammetry or diagram scale,MODEL_COMPARISON_ONLY
CC-2008-09-28-AVEBURY-DOWN-WILTSHIRE,Avebury Down | Wiltshire,https://www.cropcirclecenter.com/ccdata/2008/09/28/UK20080928_A.html,778,0.18,NEEDS_SOURCE_DIMENSION,NO_RATIO,COUNT_PRESENT_OTHER_FAMILY,NEEDS_SOURCE_DIMENSION,,18,,NEEDS_SOURCE_DIMENSION,absolute diameter by drone photogrammetry or diagram scale,MODEL_COMPARISON_ONLY
CC-2008-11-11-XANXERE-SANTA-CATARINA,Xanxere | Santa Catarina,https://www.cropcirclecenter.com/ccdata/2008/11/11/BR20081111_A.html,779,0.18,NEEDS_SOURCE_DIMENSION,REJECT,NO_COUNT,NEEDS_SOURCE_DIMENSION,0.692371,,,NEEDS_SOURCE_DIMENSION,absolute diameter by drone photogrammetry or diagram scale,MODEL_COMPARISON_ONLY
CC-2008-11-15-IPUACU-RIO-GRANDE-DO-SUL,Ipuacu | Rio Grande do Sul,https://www.cropcirclecenter.com/ccdata/2008/11/15/BR20081115_A.html,780,0.18,NEEDS_SOURCE_DIMENSION,REJECT,NO_COUNT,NEEDS_SOURCE_DIMENSION,0.536909,,,NEEDS_SOURCE_DIMENSION,absolute diameter by drone photogrammetry or diagram scale,MODEL_COMPARISON_ONLY
CC-2008-11-16-OURO-VERDE-SANTA-CATARINA,Ouro Verde | Santa Catarina,https://www.cropcirclecenter.com/ccdata/2008/11/16/BR20081116_A.html,781,0.18,NEEDS_SOURCE_DIMENSION,REJECT,NO_COUNT,NEEDS_SOURCE_DIMENSION,0.692371,,,NEEDS_SOURCE_DIMENSION,absolute diameter by drone photogrammetry or diagram scale,MODEL_COMPARISON_ONLY
CC-2008-11-19-FAXINAL-DOS-GUEDES-SANTA-CATARINA,Faxinal Dos Guedes | Santa Catarina,https://www.cropcirclecenter.com/ccdata/2008/11/19/BR20081119_A.html,782,0.18,NEEDS_SOURCE_DIMENSION,REJECT,NO_COUNT,NEEDS_SOURCE_DIMENSION,0.692371,,,NEEDS_SOURCE_DIMENSION,absolute diameter by drone photogrammetry or diagram scale,MODEL_COMPARISON_ONLY
CC-2008-11-19-FORMOSA-DO-SUL-SANTA-CATARINA-2,Formosa Do Sul | Santa Catarina,https://www.cropcirclecenter.com/ccdata/2008/11/19/BR20081119_B.html,783,0.18,NEEDS_SOURCE_DIMENSION,REJECT,NO_COUNT,NEEDS_SOURCE_DIMENSION,0.742362,,,NEEDS_SOURCE_DIMENSION,absolute diameter by drone photogrammetry or diagram scale,MODEL_COMPARISON_ONLY
CC-2008-11-20-SOBRADINHO-DISTRITO-FEDERAL-DO-BRASIL,Sobradinho | Distrito Federal do Brasil,https://www.cropcirclecenter.com/ccdata/2008/11/20/BR20081120_A.html,784,0.18,NEEDS_SOURCE_DIMENSION,REJECT,NO_COUNT,NEEDS_SOURCE_DIMENSION,0.175209,,,NEEDS_SOURCE_DIMENSION,absolute diameter by drone photogrammetry or diagram scale,MODEL_COMPARISON_ONLY
CC-2009-04-14-AVEBURY-WILTSHIRE,Avebury | Wiltshire,https://www.cropcirclecenter.com/ccdata/2009/04/14/UK20090414_A.html,785,0.18,NEEDS_SOURCE_DIMENSION,REJECT,NO_COUNT,NEEDS_SOURCE_DIMENSION,0.215584,,,NEEDS_SOURCE_DIMENSION,absolute diameter by drone photogrammetry or diagram scale,MODEL_COMPARISON_ONLY
CC-2009-04-23-AVEBURY-WILTSHIRE,Avebury | Wiltshire,https://www.cropcirclecenter.com/ccdata/2009/04/23/UK20090423_A.html,786,0.18,NEEDS_SOURCE_DIMENSION,REJECT,NO_COUNT,NEEDS_SOURCE_DIMENSION,0.830608,,,NEEDS_SOURCE_DIMENSION,absolute diameter by drone photogrammetry or diagram scale,MODEL_COMPARISON_ONLY
CC-2009-04-29-ROUNDWAY-HILL-WILTSHIRE,Roundway Hill | Wiltshire,https://www.cropcirclecenter.com/ccdata/2009/04/29/UK20090429_A.html,787,0.18,NEEDS_SOURCE_DIMENSION,REJECT,NO_COUNT,NEEDS_SOURCE_DIMENSION,0.077571,,,NEEDS_SOURCE_DIMENSION,absolute diameter by drone photogrammetry or diagram scale,MODEL_COMPARISON_ONLY
CC-2009-05-11-ZIERENBERG-HESSEN,Zierenberg | Hessen,https://www.cropcirclecenter.com/ccdata/2009/05/11/DE20090511_A.html,788,0.18,NEEDS_SOURCE_DIMENSION,REJECT,NO_COUNT,NEEDS_SOURCE_DIMENSION,0.43365,,,NEEDS_SOURCE_DIMENSION,absolute diameter by drone photogrammetry or diagram scale,MODEL_COMPARISON_ONLY
CC-2009-05-29-WAYLAND-S-SMITHY-OXFORDSHIRE,Wayland's Smithy | Oxfordshire,https://www.cropcirclecenter.com/ccdata/2009/05/29/UK20090529_A.html,789,0.18,NEEDS_SOURCE_DIMENSION,NO_RATIO,COUNT_PRESENT_OTHER_FAMILY,NEEDS_SOURCE_DIMENSION,,20,,NEEDS_SOURCE_DIMENSION,absolute diameter by drone photogrammetry or diagram scale,MODEL_COMPARISON_ONLY
CC-2009-05-30-EHLEN-HESSEN,Ehlen | Hessen,https://www.cropcirclecenter.com/ccdata/2009/05/30/DE20090530_A.html,790,0.18,NEEDS_SOURCE_DIMENSION,REJECT,NO_COUNT,NEEDS_SOURCE_DIMENSION,0.864023,,,NEEDS_SOURCE_DIMENSION,absolute diameter by drone photogrammetry or diagram scale,MODEL_COMPARISON_ONLY
CC-2009-05-31-KRASNODAR-KRASNODAR-2,Krasnodar | Krasnodar,https://www.cropcirclecenter.com/ccdata/2009/05/31/RU20090531_B.html,791,0.18,NEEDS_SOURCE_DIMENSION,REJECT,NO_COUNT,NEEDS_SOURCE_DIMENSION,0.834581,,,NEEDS_SOURCE_DIMENSION,absolute diameter by drone photogrammetry or diagram scale,MODEL_COMPARISON_ONLY
CC-2009-06-01-BECKHAMPTON-WILTSHIRE,Beckhampton | Wiltshire,https://www.cropcirclecenter.com/ccdata/2009/06/01/UK20090601_A.html,792,0.18,NEEDS_SOURCE_DIMENSION,REJECT,NO_COUNT,NEEDS_SOURCE_DIMENSION,0.143768,,,NEEDS_SOURCE_DIMENSION,absolute diameter by drone photogrammetry or diagram scale,MODEL_COMPARISON_ONLY
CC-2009-06-02-MILK-HILL-WILTSHIRE,Milk Hill | Wiltshire,https://www.cropcirclecenter.com/ccdata/2009/06/02/UK20090602_A.html,793,0.18,NEEDS_SOURCE_DIMENSION,NO_RATIO,COUNT_PRESENT_OTHER_FAMILY,NEEDS_SOURCE_DIMENSION,,6,,NEEDS_SOURCE_DIMENSION,absolute diameter by drone photogrammetry or diagram scale,MODEL_COMPARISON_ONLY
CC-2009-06-03-YATESBURY-WILTSHIRE,Yatesbury | Wiltshire,https://www.cropcirclecenter.com/ccdata/2009/06/03/UK20090603_A.html,794,0.18,NEEDS_SOURCE_DIMENSION,NO_RATIO,COUNT_PRESENT_OTHER_FAMILY,NEEDS_SOURCE_DIMENSION,,10,,NEEDS_SOURCE_DIMENSION,absolute diameter by drone photogrammetry or diagram scale,MODEL_COMPARISON_ONLY
CC-2009-06-05-MONTEIASI-PUGLIA,Monteiasi | Puglia,https://www.cropcirclecenter.com/ccdata/2009/06/05/IT20090605_A.html,795,0.18,NEEDS_SOURCE_DIMENSION,REJECT,NO_COUNT,NEEDS_SOURCE_DIMENSION,0.188961,,,NEEDS_SOURCE_DIMENSION,absolute diameter by drone photogrammetry or diagram scale,MODEL_COMPARISON_ONLY
CC-2009-06-08-BISHOPS-CANNINGS-WILTSHIRE,Bishops Cannings | Wiltshire,https://www.cropcirclecenter.com/ccdata/2009/06/08/UK20090608_A.html,796,0.18,NEEDS_SOURCE_DIMENSION,NO_RATIO,COUNT_PRESENT_OTHER_FAMILY,NEEDS_SOURCE_DIMENSION,,18,,NEEDS_SOURCE_DIMENSION,absolute diameter by drone photogrammetry or diagram scale,MODEL_COMPARISON_ONLY
CC-2009-06-08-BOURGES-CENTRE,Bourges | Centre,https://www.cropcirclecenter.com/ccdata/2009/06/08/FR20090608_A.html,797,0.18,NEEDS_SOURCE_DIMENSION,NO_RATIO,COUNT_PRESENT_OTHER_FAMILY,NEEDS_SOURCE_DIMENSION,,10,,NEEDS_SOURCE_DIMENSION,absolute diameter by drone photogrammetry or diagram scale,MODEL_COMPARISON_ONLY
CC-2009-06-11-MONFORTE-D-ALBA-PIEMONTE,Monforte d'Alba | Piemonte,https://www.cropcirclecenter.com/ccdata/2009/06/11/IT20090611_A.html,798,0.18,NEEDS_SOURCE_DIMENSION,REJECT,NO_COUNT,NEEDS_SOURCE_DIMENSION,0.173159,,,NEEDS_SOURCE_DIMENSION,absolute diameter by drone photogrammetry or diagram scale,MODEL_COMPARISON_ONLY
CC-2009-06-11-TORRECHIARA-EMILIA-ROMAGNA-2,Torrechiara | Emilia-Romagna,https://www.cropcirclecenter.com/ccdata/2009/06/11/IT20090611_B.html,799,0.18,NEEDS_SOURCE_DIMENSION,REJECT,NO_COUNT,NEEDS_SOURCE_DIMENSION,0.852163,,,NEEDS_SOURCE_DIMENSION,absolute diameter by drone photogrammetry or diagram scale,MODEL_COMPARISON_ONLY
CC-2009-06-12-YATESBURY-WILTSHIRE-2,Yatesbury | Wiltshire,https://www.cropcirclecenter.com/ccdata/2009/06/12/UK20090612_B.html,800,0.18,NEEDS_SOURCE_DIMENSION,NO_RATIO,COUNT_PRESENT_OTHER_FAMILY,NEEDS_SOURCE_DIMENSION,,6,,NEEDS_SOURCE_DIMENSION,absolute diameter by drone photogrammetry or diagram scale,MODEL_COMPARISON_ONLY
CC-2009-06-14-BARBURY-CASTLE-WILTSHIRE,Barbury Castle | Wiltshire,https://www.cropcirclecenter.com/ccdata/2009/06/14/UK20090614_A.html,801,0.18,NEEDS_SOURCE_DIMENSION,REJECT,NO_COUNT,NEEDS_SOURCE_DIMENSION,0.240527,,,NEEDS_SOURCE_DIMENSION,absolute diameter by drone photogrammetry or diagram scale,MODEL_COMPARISON_ONLY
CC-2009-06-15-VERJUX-BOURGOGNE,Verjux | Bourgogne,https://www.cropcirclecenter.com/ccdata/2009/06/15/FR20090615_A.html,802,0.18,NEEDS_SOURCE_DIMENSION,REJECT,NO_COUNT,NEEDS_SOURCE_DIMENSION,0.877388,,,NEEDS_SOURCE_DIMENSION,absolute diameter by drone photogrammetry or diagram scale,MODEL_COMPARISON_ONLY
CC-2009-06-21-WEST-KENNETT-WILTSHIRE-2,West Kennett | Wiltshire,https://www.cropcirclecenter.com/ccdata/2009/06/21/UK20090621_B.html,803,0.18,NEEDS_SOURCE_DIMENSION,NO_RATIO,COUNT_PRESENT_OTHER_FAMILY,NEEDS_SOURCE_DIMENSION,,6,,NEEDS_SOURCE_DIMENSION,absolute diameter by drone photogrammetry or diagram scale,MODEL_COMPARISON_ONLY
CC-2009-06-23-MILK-HILL-WILTSHIRE,Milk Hill | Wiltshire,https://www.cropcirclecenter.com/ccdata/2009/06/23/UK20090623_A.html,804,0.18,NEEDS_SOURCE_DIMENSION,NO_RATIO,COUNT_PRESENT_OTHER_FAMILY,NEEDS_SOURCE_DIMENSION,,9,,NEEDS_SOURCE_DIMENSION,absolute diameter by drone photogrammetry or diagram scale,MODEL_COMPARISON_ONLY
CC-2009-06-27-MILK-HILL-WILTSHIRE-3,Milk Hill | Wiltshire,https://www.cropcirclecenter.com/ccdata/2009/06/27/UK20090627_C.html,805,0.18,NEEDS_SOURCE_DIMENSION,NO_RATIO,COUNT_PRESENT_OTHER_FAMILY,NEEDS_SOURCE_DIMENSION,,6,,NEEDS_SOURCE_DIMENSION,absolute diameter by drone photogrammetry or diagram scale,MODEL_COMPARISON_ONLY
CC-2009-07-01-MOMALLE-LI-GE,Momalle | Liège,https://www.cropcirclecenter.com/ccdata/2009/07/01/BE20090701_A.html,806,0.18,NEEDS_SOURCE_DIMENSION,REJECT,NO_COUNT,NEEDS_SOURCE_DIMENSION,0.259708,,,NEEDS_SOURCE_DIMENSION,absolute diameter by drone photogrammetry or diagram scale,MODEL_COMPARISON_ONLY
CC-2009-07-02-BEZDEZ-LIBERECKY-KRAJ,Bezdez | Liberecky kraj,https://www.cropcirclecenter.com/ccdata/2009/07/02/CZ20090702_A.html,807,0.18,NEEDS_SOURCE_DIMENSION,REJECT,NO_COUNT,NEEDS_SOURCE_DIMENSION,0.605588,,,NEEDS_SOURCE_DIMENSION,absolute diameter by drone photogrammetry or diagram scale,MODEL_COMPARISON_ONLY
CC-2009-07-03-AALST-OOST-VLANDEREN,Aalst | Oost-Vlanderen,https://www.cropcirclecenter.com/ccdata/2009/07/33/BE20090733_A.html,808,0.18,NEEDS_SOURCE_DIMENSION,NO_RATIO,COUNT_PRESENT_OTHER_FAMILY,NEEDS_SOURCE_DIMENSION,,28,,NEEDS_SOURCE_DIMENSION,absolute diameter by drone photogrammetry or diagram scale,MODEL_COMPARISON_ONLY
CC-2009-07-04-BECKHAMPTON-WILTSHIRE,Beckhampton | Wiltshire,https://www.cropcirclecenter.com/ccdata/2009/07/04/UK20090704_A.html,809,0.18,NEEDS_SOURCE_DIMENSION,NO_RATIO,COUNT_PRESENT_OTHER_FAMILY,NEEDS_SOURCE_DIMENSION,,30,,NEEDS_SOURCE_DIMENSION,absolute diameter by drone photogrammetry or diagram scale,MODEL_COMPARISON_ONLY
CC-2009-07-04-PEWSEY-WILTSHIRE-2,Pewsey | Wiltshire,https://www.cropcirclecenter.com/ccdata/2009/07/04/UK20090704_B.html,810,0.18,NEEDS_SOURCE_DIMENSION,REJECT,NO_COUNT,NEEDS_SOURCE_DIMENSION,0.71071,,,NEEDS_SOURCE_DIMENSION,absolute diameter by drone photogrammetry or diagram scale,MODEL_COMPARISON_ONLY
CC-2009-07-05-STANTON-ST-BERNARD-WILTSHIRE-3,Stanton St Bernard | Wiltshire,https://www.cropcirclecenter.com/ccdata/2009/07/05/UK20090705_C.html,811,0.18,NEEDS_SOURCE_DIMENSION,REJECT,NO_COUNT,NEEDS_SOURCE_DIMENSION,0.125907,,,NEEDS_SOURCE_DIMENSION,absolute diameter by drone photogrammetry or diagram scale,MODEL_COMPARISON_ONLY
CC-2009-07-07-STANDDAARBUITEN-NOORD-BRABANT,Standdaarbuiten | Noord-Brabant,https://www.cropcirclecenter.com/ccdata/2009/07/07/NL20090707_A.html,812,0.18,NEEDS_SOURCE_DIMENSION,REJECT,NO_COUNT,NEEDS_SOURCE_DIMENSION,0.085071,,,NEEDS_SOURCE_DIMENSION,absolute diameter by drone photogrammetry or diagram scale,MODEL_COMPARISON_ONLY
CC-2009-07-07-STANDDAARBUITEN-NOORD-BRABANT-2,Standdaarbuiten | Noord-Brabant,https://www.cropcirclecenter.com/ccdata/2009/07/07/NL20090707_B.html,813,0.18,NEEDS_SOURCE_DIMENSION,NO_RATIO,COUNT_PRESENT_OTHER_FAMILY,NEEDS_SOURCE_DIMENSION,,9,,NEEDS_SOURCE_DIMENSION,absolute diameter by drone photogrammetry or diagram scale,MODEL_COMPARISON_ONLY
CC-2009-07-08-YATESBURY-WILTSHIRE,Yatesbury | Wiltshire,https://www.cropcirclecenter.com/ccdata/2009/07/08/UK20090708_A.html,814,0.18,NEEDS_SOURCE_DIMENSION,NO_RATIO,COUNT_PRESENT_OTHER_FAMILY,NEEDS_SOURCE_DIMENSION,,10,,NEEDS_SOURCE_DIMENSION,absolute diameter by drone photogrammetry or diagram scale,MODEL_COMPARISON_ONLY
CC-2009-07-09-CHESTERTON-WARWICKSHIRE,Chesterton | Warwickshire,https://www.cropcirclecenter.com/ccdata/2009/07/09/UK20090709_A.html,815,0.18,NEEDS_SOURCE_DIMENSION,REJECT,NO_COUNT,NEEDS_SOURCE_DIMENSION,0.113421,,,NEEDS_SOURCE_DIMENSION,absolute diameter by drone photogrammetry or diagram scale,MODEL_COMPARISON_ONLY
CC-2009-07-12-H-RHAUSEN-THURGAU,Hörhausen | Thurgau,https://www.cropcirclecenter.com/ccdata/2009/07/12/CH20090712_A.html,816,0.18,NEEDS_SOURCE_DIMENSION,NO_RATIO,COUNT_PRESENT_OTHER_FAMILY,NEEDS_SOURCE_DIMENSION,,12,,NEEDS_SOURCE_DIMENSION,absolute diameter by drone photogrammetry or diagram scale,MODEL_COMPARISON_ONLY
CC-2009-07-13-CHILCOMB-DOWN-HAMPSHIRE-2,Chilcomb Down | Hampshire,https://www.cropcirclecenter.com/ccdata/2009/07/13/UK20090713_B.html,817,0.18,NEEDS_SOURCE_DIMENSION,REJECT,NO_COUNT,NEEDS_SOURCE_DIMENSION,0.579536,,,NEEDS_SOURCE_DIMENSION,absolute diameter by drone photogrammetry or diagram scale,MODEL_COMPARISON_ONLY
CC-2009-07-19-BERLIN-MAHLSDORF-BERLIN,Berlin Mahlsdorf | Berlin,https://www.cropcirclecenter.com/ccdata/2009/07/19/DE20090719_A.html,818,0.18,NEEDS_SOURCE_DIMENSION,REJECT,NO_COUNT,NEEDS_SOURCE_DIMENSION,0.114024,,,NEEDS_SOURCE_DIMENSION,absolute diameter by drone photogrammetry or diagram scale,MODEL_COMPARISON_ONLY
CC-2009-07-20-NOVA-GORICA-GORISKA,Nova Gorica | Goriska,https://www.cropcirclecenter.com/ccdata/2009/07/20/SI20090720_A.html,819,0.18,NEEDS_SOURCE_DIMENSION,REJECT,NO_COUNT,NEEDS_SOURCE_DIMENSION,0.240521,,,NEEDS_SOURCE_DIMENSION,absolute diameter by drone photogrammetry or diagram scale,MODEL_COMPARISON_ONLY
CC-2009-07-22-WOODBOROUGH-HILL-WILTSHIRE,Woodborough Hill | Wiltshire,https://www.cropcirclecenter.com/ccdata/2009/07/22/UK20090722_A.html,820,0.18,NEEDS_SOURCE_DIMENSION,NO_RATIO,COUNT_PRESENT_OTHER_FAMILY,NEEDS_SOURCE_DIMENSION,,12,,NEEDS_SOURCE_DIMENSION,absolute diameter by drone photogrammetry or diagram scale,MODEL_COMPARISON_ONLY
CC-2009-07-23-MEENSEN-NIEDERSACHSEN,Meensen | Niedersachsen,https://www.cropcirclecenter.com/ccdata/2009/07/23/DE20090723_A.html,821,0.18,NEEDS_SOURCE_DIMENSION,REJECT,NO_COUNT,NEEDS_SOURCE_DIMENSION,0.969612,,,NEEDS_SOURCE_DIMENSION,absolute diameter by drone photogrammetry or diagram scale,MODEL_COMPARISON_ONLY
CC-2009-07-25-ALTON-PRIORS-WILTSHIRE,Alton Priors | Wiltshire,https://www.cropcirclecenter.com/ccdata/2009/07/25/UK20090725_A.html,822,0.18,NEEDS_SOURCE_DIMENSION,NO_RATIO,COUNT_PRESENT_OTHER_FAMILY,NEEDS_SOURCE_DIMENSION,,6,,NEEDS_SOURCE_DIMENSION,absolute diameter by drone photogrammetry or diagram scale,MODEL_COMPARISON_ONLY
CC-2009-07-25-ZEVENBERGEN-NOORD-BRABANT,Zevenbergen | Noord-Brabant,https://www.cropcirclecenter.com/ccdata/2009/07/25/NL20090725_A.html,823,0.18,NEEDS_SOURCE_DIMENSION,NO_RATIO,COUNT_PRESENT_OTHER_FAMILY,NEEDS_SOURCE_DIMENSION,,25,,NEEDS_SOURCE_DIMENSION,absolute diameter by drone photogrammetry or diagram scale,MODEL_COMPARISON_ONLY
CC-2009-07-28-WINTERBOURNE-BASSETT-WILTSHIRE,Winterbourne Bassett | Wiltshire,https://www.cropcirclecenter.com/ccdata/2009/07/28/UK20090728_A.html,824,0.18,NEEDS_SOURCE_DIMENSION,REJECT,NO_COUNT,NEEDS_SOURCE_DIMENSION,0.568117,,,NEEDS_SOURCE_DIMENSION,absolute diameter by drone photogrammetry or diagram scale,MODEL_COMPARISON_ONLY
CC-2009-07-29-OGBOURNE-ST-ANDREWS-WILTSHIRE,Ogbourne St Andrews | Wiltshire,https://www.cropcirclecenter.com/ccdata/2009/07/29/UK20090729_A.html,825,0.18,NEEDS_SOURCE_DIMENSION,NO_RATIO,COUNT_PRESENT_OTHER_FAMILY,NEEDS_SOURCE_DIMENSION,,14,,NEEDS_SOURCE_DIMENSION,absolute diameter by drone photogrammetry or diagram scale,MODEL_COMPARISON_ONLY
CC-2009-07-31-HACKPEN-HILL-WILTSHIRE,Hackpen Hill | Wiltshire,https://www.cropcirclecenter.com/ccdata/2009/07/31/UK20090731_A.html,826,0.18,NEEDS_SOURCE_DIMENSION,REJECT,NO_COUNT,NEEDS_SOURCE_DIMENSION,0.17172,,,NEEDS_SOURCE_DIMENSION,absolute diameter by drone photogrammetry or diagram scale,MODEL_COMPARISON_ONLY
CC-2009-07-31-WADEN-HILL-WILTSHIRE-2,Waden Hill | Wiltshire,https://www.cropcirclecenter.com/ccdata/2009/07/31/UK20090731_B.html,827,0.18,NEEDS_SOURCE_DIMENSION,REJECT,NO_COUNT,NEEDS_SOURCE_DIMENSION,0.094468,,,NEEDS_SOURCE_DIMENSION,absolute diameter by drone photogrammetry or diagram scale,MODEL_COMPARISON_ONLY
CC-2009-08-02-HOEVEN-NOORD-BRABANT,Hoeven | Noord-Brabant,https://www.cropcirclecenter.com/ccdata/2009/08/02/NL20090802_A.html,828,0.18,NEEDS_SOURCE_DIMENSION,REJECT,NO_COUNT,NEEDS_SOURCE_DIMENSION,0.880262,,,NEEDS_SOURCE_DIMENSION,absolute diameter by drone photogrammetry or diagram scale,MODEL_COMPARISON_ONLY
CC-2009-08-03-OLOMOUC-OLOMOUCKY-KRAJ,Olomouc | Olomoucky kraj,https://www.cropcirclecenter.com/ccdata/2009/08/03/CZ20090803_A.html,829,0.18,NEEDS_SOURCE_DIMENSION,REJECT,NO_COUNT,NEEDS_SOURCE_DIMENSION,0.449586,,,NEEDS_SOURCE_DIMENSION,absolute diameter by drone photogrammetry or diagram scale,MODEL_COMPARISON_ONLY
CC-2009-08-06-YATESBURY-WILTSHIRE-2,Yatesbury | Wiltshire,https://www.cropcirclecenter.com/ccdata/2009/08/06/UK20090806_B.html,830,0.18,NEEDS_SOURCE_DIMENSION,NO_RATIO,COUNT_PRESENT_OTHER_FAMILY,NEEDS_SOURCE_DIMENSION,,14,,NEEDS_SOURCE_DIMENSION,absolute diameter by drone photogrammetry or diagram scale,MODEL_COMPARISON_ONLY
CC-2009-08-08-ALTON-PRIORS-WILTSHIRE,Alton Priors | Wiltshire,https://www.cropcirclecenter.com/ccdata/2009/08/08/UK20090808_A.html,831,0.18,NEEDS_SOURCE_DIMENSION,REJECT,NO_COUNT,NEEDS_SOURCE_DIMENSION,0.339608,,,NEEDS_SOURCE_DIMENSION,absolute diameter by drone photogrammetry or diagram scale,MODEL_COMPARISON_ONLY
CC-2009-08-08-HOEVEN-NOORD-BRABANT,Hoeven | Noord-Brabant,https://www.cropcirclecenter.com/ccdata/2009/08/08/NL20090808_A.html,832,0.18,NEEDS_SOURCE_DIMENSION,REJECT,NO_COUNT,NEEDS_SOURCE_DIMENSION,0.139506,,,NEEDS_SOURCE_DIMENSION,absolute diameter by drone photogrammetry or diagram scale,MODEL_COMPARISON_ONLY
CC-2009-10-05-HOEVEN-NOORD-BRABANT,Hoeven | Noord-Brabant,https://www.cropcirclecenter.com/ccdata/2009/10/05/NL20091005_A.html,833,0.18,NEEDS_SOURCE_DIMENSION,REJECT,NO_COUNT,NEEDS_SOURCE_DIMENSION,0.206932,,,NEEDS_SOURCE_DIMENSION,absolute diameter by drone photogrammetry or diagram scale,MODEL_COMPARISON_ONLY
CC-2009-12-19-HOEVEN-NOORD-BRABANT,Hoeven | Noord-Brabant,https://www.cropcirclecenter.com/ccdata/2009/12/19/NL20091219_A.html,834,0.18,NEEDS_SOURCE_DIMENSION,NO_RATIO,COUNT_PRESENT_OTHER_FAMILY,NEEDS_SOURCE_DIMENSION,,10,,NEEDS_SOURCE_DIMENSION,absolute diameter by drone photogrammetry or diagram scale,MODEL_COMPARISON_ONLY
CC-2010-04-03-TARQUINIA-LAZIO,Tarquinia | Lazio,https://www.cropcirclecenter.com/ccdata/2010/04/32/IT20100432_A.html,835,0.18,NEEDS_SOURCE_DIMENSION,REJECT,NO_COUNT,NEEDS_SOURCE_DIMENSION,0.246449,,,NEEDS_SOURCE_DIMENSION,absolute diameter by drone photogrammetry or diagram scale,MODEL_COMPARISON_ONLY
CC-2010-05-01-RIESI-SICILIA-2,Riesi | Sicilia,https://www.cropcirclecenter.com/ccdata/2010/05/01/IT20100501_B.html,836,0.18,NEEDS_SOURCE_DIMENSION,NO_RATIO,COUNT_PRESENT_OTHER_FAMILY,NEEDS_SOURCE_DIMENSION,,18,,NEEDS_SOURCE_DIMENSION,absolute diameter by drone photogrammetry or diagram scale,MODEL_COMPARISON_ONLY
CC-2010-05-02-BAGNOLO-MELLA-LOMBARDIA,Bagnolo Mella | Lombardia,https://www.cropcirclecenter.com/ccdata/2010/05/02/IT20100502_A.html,837,0.18,NEEDS_SOURCE_DIMENSION,REJECT,NO_COUNT,NEEDS_SOURCE_DIMENSION,0.414888,,,NEEDS_SOURCE_DIMENSION,absolute diameter by drone photogrammetry or diagram scale,MODEL_COMPARISON_ONLY
CC-2010-05-03-RIESI-SICILIA,Riesi | Sicilia,https://www.cropcirclecenter.com/ccdata/2010/05/33/IT20100533_A.html,838,0.18,NEEDS_SOURCE_DIMENSION,REJECT,NO_COUNT,NEEDS_SOURCE_DIMENSION,0.194032,,,NEEDS_SOURCE_DIMENSION,absolute diameter by drone photogrammetry or diagram scale,MODEL_COMPARISON_ONLY
CC-2010-05-14-ZIERENBERG-HESSEN,Zierenberg | Hessen,https://www.cropcirclecenter.com/ccdata/2010/05/14/DE20100514_A.html,839,0.18,NEEDS_SOURCE_DIMENSION,REJECT,NO_COUNT,NEEDS_SOURCE_DIMENSION,0.941197,,,NEEDS_SOURCE_DIMENSION,absolute diameter by drone photogrammetry or diagram scale,MODEL_COMPARISON_ONLY
CC-2010-05-16-YARNBURY-CASTLE-WILTSHIRE,Yarnbury Castle | Wiltshire,https://www.cropcirclecenter.com/ccdata/2010/05/16/UK20100516_A.html,840,0.18,NEEDS_SOURCE_DIMENSION,NO_RATIO,COUNT_PRESENT_OTHER_FAMILY,NEEDS_SOURCE_DIMENSION,,26,,NEEDS_SOURCE_DIMENSION,absolute diameter by drone photogrammetry or diagram scale,MODEL_COMPARISON_ONLY
CC-2010-05-16-YARNBURY-CASTLE-WILTSHIRE-2,Yarnbury Castle | Wiltshire,https://www.cropcirclecenter.com/ccdata/2010/05/16/UK20100516_B.html,841,0.18,NEEDS_SOURCE_DIMENSION,REJECT,NO_COUNT,NEEDS_SOURCE_DIMENSION,0.208588,,,NEEDS_SOURCE_DIMENSION,absolute diameter by drone photogrammetry or diagram scale,MODEL_COMPARISON_ONLY
CC-2010-05-22-SAN-MARCO-ALLE-PALUDI-COSENZA,San Marco alle Paludi | Cosenza,https://www.cropcirclecenter.com/ccdata/2010/05/22/IT20100522_A.html,842,0.18,NEEDS_SOURCE_DIMENSION,REJECT,NO_COUNT,NEEDS_SOURCE_DIMENSION,0.104041,,,NEEDS_SOURCE_DIMENSION,absolute diameter by drone photogrammetry or diagram scale,MODEL_COMPARISON_ONLY
CC-2010-05-23-ZIERENBERG-HESSEN,Zierenberg | Hessen,https://www.cropcirclecenter.com/ccdata/2010/05/23/DE20100523_A.html,843,0.18,NEEDS_SOURCE_DIMENSION,REJECT,NO_COUNT,NEEDS_SOURCE_DIMENSION,0.511523,,,NEEDS_SOURCE_DIMENSION,absolute diameter by drone photogrammetry or diagram scale,MODEL_COMPARISON_ONLY
CC-2010-06-02-FONTEPESCHIARA-MARCHE,Fontepeschiara | Marche,https://www.cropcirclecenter.com/ccdata/2010/06/02/IT20100602_A.html,844,0.18,NEEDS_SOURCE_DIMENSION,REJECT,NO_COUNT,NEEDS_SOURCE_DIMENSION,0.200254,,,NEEDS_SOURCE_DIMENSION,absolute diameter by drone photogrammetry or diagram scale,MODEL_COMPARISON_ONLY
CC-2010-06-03-SANTA-MARIA-D-ADIGE-VENETO,Santa Maria d'Adige | Veneto,https://www.cropcirclecenter.com/ccdata/2010/06/03/IT20100603_A.html,845,0.18,NEEDS_SOURCE_DIMENSION,REJECT,NO_COUNT,NEEDS_SOURCE_DIMENSION,0.516244,,,NEEDS_SOURCE_DIMENSION,absolute diameter by drone photogrammetry or diagram scale,MODEL_COMPARISON_ONLY
CC-2010-06-11-SAN-ANDREA-EMILIA-ROMAGNA,San Andrea | Emilia-Romagna,https://www.cropcirclecenter.com/ccdata/2010/06/11/IT20100611_A.html,846,0.18,NEEDS_SOURCE_DIMENSION,REJECT,NO_COUNT,NEEDS_SOURCE_DIMENSION,0.277622,,,NEEDS_SOURCE_DIMENSION,absolute diameter by drone photogrammetry or diagram scale,MODEL_COMPARISON_ONLY
CC-2010-06-12-WALBURY-HILL-BERKSHIRE,Walbury Hill | Berkshire,https://www.cropcirclecenter.com/ccdata/2010/06/12/UK20100612_A.html,847,0.18,NEEDS_SOURCE_DIMENSION,NO_RATIO,COUNT_PRESENT_OTHER_FAMILY,NEEDS_SOURCE_DIMENSION,,6,,NEEDS_SOURCE_DIMENSION,absolute diameter by drone photogrammetry or diagram scale,MODEL_COMPARISON_ONLY
CC-2010-06-24-CAMPI-BISENZIO-TOSCANA,Campi Bisenzio | Toscana,https://www.cropcirclecenter.com/ccdata/2010/06/24/IT20100624_A.html,848,0.18,NEEDS_SOURCE_DIMENSION,REJECT,NO_COUNT,NEEDS_SOURCE_DIMENSION,0.721614,,,NEEDS_SOURCE_DIMENSION,absolute diameter by drone photogrammetry or diagram scale,MODEL_COMPARISON_ONLY
CC-2010-06-25-MERE-WILTSHIRE,Mere | Wiltshire,https://www.cropcirclecenter.com/ccdata/2010/06/25/UK20100625_A.html,849,0.18,NEEDS_SOURCE_DIMENSION,NO_RATIO,COUNT_PRESENT_OTHER_FAMILY,NEEDS_SOURCE_DIMENSION,,18,,NEEDS_SOURCE_DIMENSION,absolute diameter by drone photogrammetry or diagram scale,MODEL_COMPARISON_ONLY
CC-2010-06-28-ALBEIRATE-LOMBARDIA,Albeirate | Lombardia,https://www.cropcirclecenter.com/ccdata/2010/06/28/IT20100628_A.html,850,0.18,NEEDS_SOURCE_DIMENSION,REJECT,NO_COUNT,NEEDS_SOURCE_DIMENSION,0.721372,,,NEEDS_SOURCE_DIMENSION,absolute diameter by drone photogrammetry or diagram scale,MODEL_COMPARISON_ONLY
CC-2010-06-29-SPIRANO-LOMBARDIA-2,Spirano | Lombardia,https://www.cropcirclecenter.com/ccdata/2010/06/29/IT20100629_B.html,851,0.18,NEEDS_SOURCE_DIMENSION,REJECT,NO_COUNT,NEEDS_SOURCE_DIMENSION,0.463522,,,NEEDS_SOURCE_DIMENSION,absolute diameter by drone photogrammetry or diagram scale,MODEL_COMPARISON_ONLY
CC-2010-06-30-GRO-SCHNEEN-NIEDERSACHSEN-2,Groß Schneen | Niedersachsen,https://www.cropcirclecenter.com/ccdata/2010/06/30/DE20100630_B.html,852,0.18,NEEDS_SOURCE_DIMENSION,REJECT,NO_COUNT,NEEDS_SOURCE_DIMENSION,0.189697,,,NEEDS_SOURCE_DIMENSION,absolute diameter by drone photogrammetry or diagram scale,MODEL_COMPARISON_ONLY
CC-2010-07-01-FOGLIZZO-PIEMONTE,Foglizzo | Piemonte,https://www.cropcirclecenter.com/ccdata/2010/06/30/IT20100630_A.html,853,0.18,NEEDS_SOURCE_DIMENSION,REJECT,NO_COUNT,NEEDS_SOURCE_DIMENSION,0.141489,,,NEEDS_SOURCE_DIMENSION,absolute diameter by drone photogrammetry or diagram scale,MODEL_COMPARISON_ONLY
CC-2010-07-06-DANEBURY-HILL-HAMPSHIRE,Danebury Hill | Hampshire,https://www.cropcirclecenter.com/ccdata/2010/07/05/UK20100705_A.html,854,0.18,NEEDS_SOURCE_DIMENSION,REJECT,NO_COUNT,NEEDS_SOURCE_DIMENSION,0.409836,,,NEEDS_SOURCE_DIMENSION,absolute diameter by drone photogrammetry or diagram scale,MODEL_COMPARISON_ONLY
CC-2010-07-09-STANDDAARBUITEN-NOORD-BRABANT,Standdaarbuiten | Noord-Brabant,https://www.cropcirclecenter.com/ccdata/2010/07/09/NL20100709_A.html,855,0.18,NEEDS_SOURCE_DIMENSION,NO_RATIO,COUNT_PRESENT_OTHER_FAMILY,NEEDS_SOURCE_DIMENSION,,14,,NEEDS_SOURCE_DIMENSION,absolute diameter by drone photogrammetry or diagram scale,MODEL_COMPARISON_ONLY
CC-2010-07-14-RADEJOV-KRAJ-VYSOCINA,Radejov | Kraj Vysocina,https://www.cropcirclecenter.com/ccdata/2010/07/14/CZ20100714_A.html,856,0.18,NEEDS_SOURCE_DIMENSION,REJECT,NO_COUNT,NEEDS_SOURCE_DIMENSION,0.812029,,,NEEDS_SOURCE_DIMENSION,absolute diameter by drone photogrammetry or diagram scale,MODEL_COMPARISON_ONLY
CC-2010-07-17-FARLEY-MOUNT-HAMPSHIRE,Farley Mount | Hampshire,https://www.cropcirclecenter.com/ccdata/2010/07/17/UK20100717_A.html,857,0.18,NEEDS_SOURCE_DIMENSION,REJECT,NO_COUNT,NEEDS_SOURCE_DIMENSION,0.407866,,,NEEDS_SOURCE_DIMENSION,absolute diameter by drone photogrammetry or diagram scale,MODEL_COMPARISON_ONLY
CC-2010-07-17-VERNHAM-DEAN-WILTSHIRE-2,Vernham Dean | Wiltshire,https://www.cropcirclecenter.com/ccdata/2010/07/17/UK20100717_B.html,858,0.18,NEEDS_SOURCE_DIMENSION,REJECT,NO_COUNT,NEEDS_SOURCE_DIMENSION,0.303917,,,NEEDS_SOURCE_DIMENSION,absolute diameter by drone photogrammetry or diagram scale,MODEL_COMPARISON_ONLY
CC-2010-07-18-WOOLASTON-GRANGE-GLOUCESTERSHIRE,Woolaston Grange | Gloucestershire,https://www.cropcirclecenter.com/ccdata/2010/07/18/UK20100718_A.html,859,0.18,NEEDS_SOURCE_DIMENSION,NO_RATIO,COUNT_PRESENT_OTHER_FAMILY,NEEDS_SOURCE_DIMENSION,,10,,NEEDS_SOURCE_DIMENSION,absolute diameter by drone photogrammetry or diagram scale,MODEL_COMPARISON_ONLY
CC-2010-07-21-ZEVENBERG-NOORD-BRABANT,Zevenberg | Noord-Brabant,https://www.cropcirclecenter.com/ccdata/2010/07/21/NL20100721_A.html,860,0.18,NEEDS_SOURCE_DIMENSION,NO_RATIO,COUNT_PRESENT_OTHER_FAMILY,NEEDS_SOURCE_DIMENSION,,18,,NEEDS_SOURCE_DIMENSION,absolute diameter by drone photogrammetry or diagram scale,MODEL_COMPARISON_ONLY
CC-2010-07-25-ALTON-BARNES-WILTSHIRE,Alton Barnes | Wiltshire,https://www.cropcirclecenter.com/ccdata/2010/07/25/UK20100725_A.html,861,0.18,NEEDS_SOURCE_DIMENSION,NO_RATIO,COUNT_PRESENT_OTHER_FAMILY,NEEDS_SOURCE_DIMENSION,,15,,NEEDS_SOURCE_DIMENSION,absolute diameter by drone photogrammetry or diagram scale,MODEL_COMPARISON_ONLY
CC-2010-07-25-ROUNDWAY-HILL-WILTSHIRE-2,Roundway Hill | Wiltshire,https://www.cropcirclecenter.com/ccdata/2010/07/25/UK20100725_B.html,862,0.18,NEEDS_SOURCE_DIMENSION,REJECT,NO_COUNT,NEEDS_SOURCE_DIMENSION,0.49406,,,NEEDS_SOURCE_DIMENSION,absolute diameter by drone photogrammetry or diagram scale,MODEL_COMPARISON_ONLY
CC-2010-07-27-CHALK-PIT-WILTSHIRE,Chalk Pit | Wiltshire,https://www.cropcirclecenter.com/ccdata/2010/07/27/UK20100727_A.html,863,0.18,NEEDS_SOURCE_DIMENSION,NO_RATIO,COUNT_PRESENT_OTHER_FAMILY,NEEDS_SOURCE_DIMENSION,,6,,NEEDS_SOURCE_DIMENSION,absolute diameter by drone photogrammetry or diagram scale,MODEL_COMPARISON_ONLY
CC-2010-07-28-COBERLY-GLOUCESTERSHIRE,Coberly | Gloucestershire,https://www.cropcirclecenter.com/ccdata/2010/07/28/UK20100728_A.html,864,0.18,NEEDS_SOURCE_DIMENSION,REJECT,NO_COUNT,NEEDS_SOURCE_DIMENSION,0.214074,,,NEEDS_SOURCE_DIMENSION,absolute diameter by drone photogrammetry or diagram scale,MODEL_COMPARISON_ONLY
CC-2010-07-30-WICKHAM-GREEN-BUCKINGAMSHIRE,Wickham Green | Buckingamshire,https://www.cropcirclecenter.com/ccdata/2010/07/30/UK20100730_A.html,865,0.18,NEEDS_SOURCE_DIMENSION,NO_RATIO,COUNT_PRESENT_OTHER_FAMILY,NEEDS_SOURCE_DIMENSION,,9,,NEEDS_SOURCE_DIMENSION,absolute diameter by drone photogrammetry or diagram scale,MODEL_COMPARISON_ONLY
CC-2010-07-30-WICKHAM-GREEN-BUCKINGAMSHIRE-2,Wickham Green | Buckingamshire,https://www.cropcirclecenter.com/ccdata/2010/07/30/UK20100730_B.html,866,0.18,NEEDS_SOURCE_DIMENSION,NO_RATIO,COUNT_PRESENT_OTHER_FAMILY,NEEDS_SOURCE_DIMENSION,,10,,NEEDS_SOURCE_DIMENSION,absolute diameter by drone photogrammetry or diagram scale,MODEL_COMPARISON_ONLY
CC-2010-08-03-MITTWEIDA-SACHSEN,Mittweida | Sachsen,https://www.cropcirclecenter.com/ccdata/2010/08/03/DE20100803_A.html,867,0.18,NEEDS_SOURCE_DIMENSION,NO_RATIO,COUNT_PRESENT_OTHER_FAMILY,NEEDS_SOURCE_DIMENSION,,6,,NEEDS_SOURCE_DIMENSION,absolute diameter by drone photogrammetry or diagram scale,MODEL_COMPARISON_ONLY
CC-2010-08-05-G-TTINGEN-NIEDERSACHSEN,Göttingen | Niedersachsen,https://www.cropcirclecenter.com/ccdata/2010/08/05/DE20100805_A.html,868,0.18,NEEDS_SOURCE_DIMENSION,REJECT,NO_COUNT,NEEDS_SOURCE_DIMENSION,0.854916,,,NEEDS_SOURCE_DIMENSION,absolute diameter by drone photogrammetry or diagram scale,MODEL_COMPARISON_ONLY
CC-2010-08-07-ZEVEN-NIEDERSACHSEN,Zeven | Niedersachsen,https://www.cropcirclecenter.com/ccdata/2010/08/07/DE20100807_A.html,869,0.18,NEEDS_SOURCE_DIMENSION,REJECT,NO_COUNT,NEEDS_SOURCE_DIMENSION,0.223403,,,NEEDS_SOURCE_DIMENSION,absolute diameter by drone photogrammetry or diagram scale,MODEL_COMPARISON_ONLY
CC-2010-08-08-LANGTON-LINCOLNSHIRE,Langton | Lincolnshire,https://www.cropcirclecenter.com/ccdata/2010/08/08/UK20100808_A.html,870,0.18,NEEDS_SOURCE_DIMENSION,REJECT,NO_COUNT,NEEDS_SOURCE_DIMENSION,0.143426,,,NEEDS_SOURCE_DIMENSION,absolute diameter by drone photogrammetry or diagram scale,MODEL_COMPARISON_ONLY
CC-2010-08-14-BERWARTSHAUSEN-NIEDERSACHSEN,Berwartshausen | Niedersachsen,https://www.cropcirclecenter.com/ccdata/2010/08/14/DE20100814_A.html,871,0.18,NEEDS_SOURCE_DIMENSION,NO_RATIO,COUNT_PRESENT_OTHER_FAMILY,NEEDS_SOURCE_DIMENSION,,9,,NEEDS_SOURCE_DIMENSION,absolute diameter by drone photogrammetry or diagram scale,MODEL_COMPARISON_ONLY
CC-2010-08-17-LURKELEY-HILL-WILTSHIRE,Lurkeley Hill | Wiltshire,https://www.cropcirclecenter.com/ccdata/2010/08/17/UK20100817_A.html,872,0.18,NEEDS_SOURCE_DIMENSION,REJECT,NO_COUNT,NEEDS_SOURCE_DIMENSION,0.064884,,,NEEDS_SOURCE_DIMENSION,absolute diameter by drone photogrammetry or diagram scale,MODEL_COMPARISON_ONLY
CC-2010-08-23-YATESBURY-WILTSHIRE-2,Yatesbury | Wiltshire,https://www.cropcirclecenter.com/ccdata/2010/08/23/UK20100823_B.html,873,0.18,NEEDS_SOURCE_DIMENSION,NO_RATIO,COUNT_PRESENT_OTHER_FAMILY,NEEDS_SOURCE_DIMENSION,,6,,NEEDS_SOURCE_DIMENSION,absolute diameter by drone photogrammetry or diagram scale,MODEL_COMPARISON_ONLY
CC-2011-05-04-CIKARANG-JAWA-BARAT,Cikarang | Jawa Barat,https://www.cropcirclecenter.com/ccdata/2011/05/04/ID20110504_A.html,874,0.18,NEEDS_SOURCE_DIMENSION,REJECT,NO_COUNT,NEEDS_SOURCE_DIMENSION,0.571727,,,NEEDS_SOURCE_DIMENSION,absolute diameter by drone photogrammetry or diagram scale,MODEL_COMPARISON_ONLY
CC-2011-05-17-EAST-KENNETT-WILTSHIRE,East Kennett | Wiltshire,https://www.cropcirclecenter.com/ccdata/2011/05/17/UK20110517_A.html,875,0.18,NEEDS_SOURCE_DIMENSION,REJECT,NO_COUNT,NEEDS_SOURCE_DIMENSION,0.786149,,,NEEDS_SOURCE_DIMENSION,absolute diameter by drone photogrammetry or diagram scale,MODEL_COMPARISON_ONLY
CC-2011-05-21-BURDEROP-DOWN-WILTSHIRE,Burderop Down | Wiltshire,https://www.cropcirclecenter.com/ccdata/2011/05/21/UK20110521_A.html,876,0.18,NEEDS_SOURCE_DIMENSION,REJECT,NO_COUNT,NEEDS_SOURCE_DIMENSION,0.151115,,,NEEDS_SOURCE_DIMENSION,absolute diameter by drone photogrammetry or diagram scale,MODEL_COMPARISON_ONLY
CC-2011-05-28-AVEBURY-WILTSHIRE,Avebury | Wiltshire,https://www.cropcirclecenter.com/ccdata/2011/05/28/UK20110528_A.html,877,0.18,NEEDS_SOURCE_DIMENSION,NO_RATIO,COUNT_PRESENT_OTHER_FAMILY,NEEDS_SOURCE_DIMENSION,,6,,NEEDS_SOURCE_DIMENSION,absolute diameter by drone photogrammetry or diagram scale,MODEL_COMPARISON_ONLY
CC-2011-06-01-SAVARNA-EMILIA-ROMAGNA-2,Savarna | Emilia-Romagna,https://www.cropcirclecenter.com/ccdata/2011/06/01/IT20110601_B.html,878,0.18,NEEDS_SOURCE_DIMENSION,REJECT,NO_COUNT,NEEDS_SOURCE_DIMENSION,0.609937,,,NEEDS_SOURCE_DIMENSION,absolute diameter by drone photogrammetry or diagram scale,MODEL_COMPARISON_ONLY
CC-2011-06-20-STONEHENGE-WILTSHIRE-2,Stonehenge | Wiltshire,https://www.cropcirclecenter.com/ccdata/2011/06/20/UK20110620_B.html,879,0.18,NEEDS_SOURCE_DIMENSION,REJECT,NO_COUNT,NEEDS_SOURCE_DIMENSION,0.086225,,,NEEDS_SOURCE_DIMENSION,absolute diameter by drone photogrammetry or diagram scale,MODEL_COMPARISON_ONLY
CC-2011-06-26-HONEYSTREET-WILTSHIRE-3,Honeystreet | Wiltshire,https://www.cropcirclecenter.com/ccdata/2011/06/26/UK20110626_C.html,880,0.18,NEEDS_SOURCE_DIMENSION,REJECT,NO_COUNT,NEEDS_SOURCE_DIMENSION,0.740267,,,NEEDS_SOURCE_DIMENSION,absolute diameter by drone photogrammetry or diagram scale,MODEL_COMPARISON_ONLY
CC-2011-06-27-FONTHILL-DOWN-WILTSHIRE,Fonthill Down | Wiltshire,https://www.cropcirclecenter.com/ccdata/2011/06/27/UK20110627_A.html,881,0.18,NEEDS_SOURCE_DIMENSION,NO_RATIO,COUNT_PRESENT_OTHER_FAMILY,NEEDS_SOURCE_DIMENSION,,12,,NEEDS_SOURCE_DIMENSION,absolute diameter by drone photogrammetry or diagram scale,MODEL_COMPARISON_ONLY
CC-2011-06-28-ALLINGTON-WILTSHIRE,Allington | Wiltshire,https://www.cropcirclecenter.com/ccdata/2011/06/28/UK20110628_A.html,882,0.18,NEEDS_SOURCE_DIMENSION,NO_RATIO,COUNT_PRESENT_OTHER_FAMILY,NEEDS_SOURCE_DIMENSION,,15,,NEEDS_SOURCE_DIMENSION,absolute diameter by drone photogrammetry or diagram scale,MODEL_COMPARISON_ONLY
CC-2011-07-03-WALMSGATE-LINCOLNSHIRE,Walmsgate | Lincolnshire,https://www.cropcirclecenter.com/ccdata/2011/07/03/UK20110703_A.html,883,0.18,NEEDS_SOURCE_DIMENSION,NO_RATIO,COUNT_PRESENT_OTHER_FAMILY,NEEDS_SOURCE_DIMENSION,,6,,NEEDS_SOURCE_DIMENSION,absolute diameter by drone photogrammetry or diagram scale,MODEL_COMPARISON_ONLY
CC-2011-07-04-HONEYSTREET-WILTSHIRE,Honeystreet | Wiltshire,https://www.cropcirclecenter.com/ccdata/2011/07/04/UK20110704_A.html,884,0.18,NEEDS_SOURCE_DIMENSION,NO_RATIO,COUNT_PRESENT_OTHER_FAMILY,NEEDS_SOURCE_DIMENSION,,9,,NEEDS_SOURCE_DIMENSION,absolute diameter by drone photogrammetry or diagram scale,MODEL_COMPARISON_ONLY
CC-2011-07-04-STANDDAARBUITEN-NOORD-BRABANT,Standdaarbuiten | Noord-Brabant,https://www.cropcirclecenter.com/ccdata/2011/07/04/NL20110704_A.html,885,0.18,NEEDS_SOURCE_DIMENSION,REJECT,NO_COUNT,NEEDS_SOURCE_DIMENSION,0.227784,,,NEEDS_SOURCE_DIMENSION,absolute diameter by drone photogrammetry or diagram scale,MODEL_COMPARISON_ONLY
CC-2011-07-06-MILK-HILL-WILTSHIRE,Milk Hill | Wiltshire,https://www.cropcirclecenter.com/ccdata/2011/07/06/UK20110706_A.html,886,0.18,NEEDS_SOURCE_DIMENSION,REJECT,NO_COUNT,NEEDS_SOURCE_DIMENSION,0.101154,,,NEEDS_SOURCE_DIMENSION,absolute diameter by drone photogrammetry or diagram scale,MODEL_COMPARISON_ONLY
CC-2011-07-09-MOMALLE-WALLONIE,Momalle | Wallonie,https://www.cropcirclecenter.com/ccdata/2011/07/09/BE20110709_A.html,887,0.18,NEEDS_SOURCE_DIMENSION,REJECT,NO_COUNT,NEEDS_SOURCE_DIMENSION,0.053698,,,NEEDS_SOURCE_DIMENSION,absolute diameter by drone photogrammetry or diagram scale,MODEL_COMPARISON_ONLY
CC-2011-07-10-VELKY-MEZIRICI-KRAJ-VYSOCINA,Velky Mezirici | Kraj Vysocina,https://www.cropcirclecenter.com/ccdata/2011/07/10/CZ20110710_A.html,888,0.18,NEEDS_SOURCE_DIMENSION,NO_RATIO,COUNT_PRESENT_OTHER_FAMILY,NEEDS_SOURCE_DIMENSION,,6,,NEEDS_SOURCE_DIMENSION,absolute diameter by drone photogrammetry or diagram scale,MODEL_COMPARISON_ONLY
CC-2011-07-20-DOVENDALE-LONGBARROW-LINCOLNSHIRE-3,Dovendale Longbarrow | Lincolnshire,https://www.cropcirclecenter.com/ccdata/2011/07/20/UK20110720_C.html,889,0.18,NEEDS_SOURCE_DIMENSION,REJECT,NO_COUNT,NEEDS_SOURCE_DIMENSION,0.063102,,,NEEDS_SOURCE_DIMENSION,absolute diameter by drone photogrammetry or diagram scale,MODEL_COMPARISON_ONLY
CC-2011-07-23-ROUNDWAY-HILL-WILTSHIRE,Roundway Hill | Wiltshire,https://www.cropcirclecenter.com/ccdata/2011/07/23/UK20110723_A.html,890,0.18,NEEDS_SOURCE_DIMENSION,NO_RATIO,COUNT_PRESENT_OTHER_FAMILY,NEEDS_SOURCE_DIMENSION,,15,,NEEDS_SOURCE_DIMENSION,absolute diameter by drone photogrammetry or diagram scale,MODEL_COMPARISON_ONLY
CC-2011-07-25-WEST-KENNETT-WILTSHIRE-3,West Kennett | Wiltshire,https://www.cropcirclecenter.com/ccdata/2011/07/25/UK20110725_C.html,891,0.18,NEEDS_SOURCE_DIMENSION,REJECT,NO_COUNT,NEEDS_SOURCE_DIMENSION,0.383263,,,NEEDS_SOURCE_DIMENSION,absolute diameter by drone photogrammetry or diagram scale,MODEL_COMPARISON_ONLY
CC-2011-07-26-ALTON-BARNES-WILTSHIRE,Alton Barnes | Wiltshire,https://www.cropcirclecenter.com/ccdata/2011/07/26/UK20110726_A.html,892,0.18,NEEDS_SOURCE_DIMENSION,NO_RATIO,COUNT_PRESENT_OTHER_FAMILY,NEEDS_SOURCE_DIMENSION,,20,,NEEDS_SOURCE_DIMENSION,absolute diameter by drone photogrammetry or diagram scale,MODEL_COMPARISON_ONLY
CC-2011-08-02-SILBURY-HILL-WILTSHIRE,Silbury Hill | Wiltshire,https://www.cropcirclecenter.com/ccdata/2011/08/02/UK20110802_A.html,893,0.18,NEEDS_SOURCE_DIMENSION,REJECT,NO_COUNT,NEEDS_SOURCE_DIMENSION,0.249902,,,NEEDS_SOURCE_DIMENSION,absolute diameter by drone photogrammetry or diagram scale,MODEL_COMPARISON_ONLY
CC-2011-08-04-WAYLAND-S-SMITHY-OXFORDSHIRE-2,Wayland's Smithy | Oxfordshire,https://www.cropcirclecenter.com/ccdata/2011/08/04/UK20110804_B.html,894,0.18,NEEDS_SOURCE_DIMENSION,REJECT,NO_COUNT,NEEDS_SOURCE_DIMENSION,0.341895,,,NEEDS_SOURCE_DIMENSION,absolute diameter by drone photogrammetry or diagram scale,MODEL_COMPARISON_ONLY
CC-2011-08-07-ROCKLEY-WILTSHIRE,Rockley | Wiltshire,https://www.cropcirclecenter.com/ccdata/2011/08/07/UK20110807_A.html,895,0.18,NEEDS_SOURCE_DIMENSION,REJECT,NO_COUNT,NEEDS_SOURCE_DIMENSION,0.925098,,,NEEDS_SOURCE_DIMENSION,absolute diameter by drone photogrammetry or diagram scale,MODEL_COMPARISON_ONLY
CC-2011-08-13-BECKHAMPTON-WILTSHIRE,Beckhampton | Wiltshire,https://www.cropcirclecenter.com/ccdata/2011/08/13/UK20110813_A.html,896,0.18,NEEDS_SOURCE_DIMENSION,REJECT,NO_COUNT,NEEDS_SOURCE_DIMENSION,0.686217,,,NEEDS_SOURCE_DIMENSION,absolute diameter by drone photogrammetry or diagram scale,MODEL_COMPARISON_ONLY
CC-2011-08-18-MITTWEIDA-SACHSEN,Mittweida | Sachsen,https://www.cropcirclecenter.com/ccdata/2011/08/18/DE20110818_A.html,897,0.18,NEEDS_SOURCE_DIMENSION,REJECT,NO_COUNT,NEEDS_SOURCE_DIMENSION,0.215359,,,NEEDS_SOURCE_DIMENSION,absolute diameter by drone photogrammetry or diagram scale,MODEL_COMPARISON_ONLY
CC-2011-10-03-ALTON-BARNES-WILTSHIRE,Alton Barnes | Wiltshire,https://www.cropcirclecenter.com/ccdata/2011/10/03/UK20111003_A.html,898,0.18,NEEDS_SOURCE_DIMENSION,REJECT,NO_COUNT,NEEDS_SOURCE_DIMENSION,0.798622,,,NEEDS_SOURCE_DIMENSION,absolute diameter by drone photogrammetry or diagram scale,MODEL_COMPARISON_ONLY
CC-2011-11-04-OURO-VERDE-SANTA-CATARINA-STATE,Ouro Verde | Santa Catarina State,https://www.cropcirclecenter.com/ccdata/2011/11/04/BR20111104_A.html,899,0.18,NEEDS_SOURCE_DIMENSION,REJECT,NO_COUNT,NEEDS_SOURCE_DIMENSION,0.525111,,,NEEDS_SOURCE_DIMENSION,absolute diameter by drone photogrammetry or diagram scale,MODEL_COMPARISON_ONLY
CC-2012-04-01-UNKNOWN-KANSAS,unknown | Kansas,https://www.cropcirclecenter.com/ccdata/2012/04/01/US20120401_A.html,900,0.18,NEEDS_SOURCE_DIMENSION,NO_RATIO,COUNT_PRESENT_OTHER_FAMILY,NEEDS_SOURCE_DIMENSION,,21,,NEEDS_SOURCE_DIMENSION,absolute diameter by drone photogrammetry or diagram scale,MODEL_COMPARISON_ONLY
CC-2012-04-24-BOOSCHENHOOFD-NOORD-BRABANT,Booschenhoofd | Noord Brabant,https://www.cropcirclecenter.com/ccdata/2012/04/24/NL20120424_A.html,901,0.18,NEEDS_SOURCE_DIMENSION,NO_RATIO,COUNT_PRESENT_OTHER_FAMILY,NEEDS_SOURCE_DIMENSION,,6,,NEEDS_SOURCE_DIMENSION,absolute diameter by drone photogrammetry or diagram scale,MODEL_COMPARISON_ONLY
CC-2012-05-12-SETTIMO-SAN-PEDRO-SARDEGNA,Settimo San Pedro | Sardegna,https://www.cropcirclecenter.com/ccdata/2012/05/12/IT20120512_A.html,902,0.18,NEEDS_SOURCE_DIMENSION,NO_RATIO,COUNT_PRESENT_OTHER_FAMILY,NEEDS_SOURCE_DIMENSION,,6,,NEEDS_SOURCE_DIMENSION,absolute diameter by drone photogrammetry or diagram scale,MODEL_COMPARISON_ONLY
CC-2012-05-13-HANNINGTON-WILTSHIRE,Hannington | Wiltshire,https://www.cropcirclecenter.com/ccdata/2012/05/13/UK20120513_A.html,903,0.18,NEEDS_SOURCE_DIMENSION,REJECT,NO_COUNT,NEEDS_SOURCE_DIMENSION,0.175007,,,NEEDS_SOURCE_DIMENSION,absolute diameter by drone photogrammetry or diagram scale,MODEL_COMPARISON_ONLY
CC-2012-05-13-HANNINGTON-WILTSHIRE-2,Hannington | Wiltshire,https://www.cropcirclecenter.com/ccdata/2012/05/13/UK20120513_B.html,904,0.18,NEEDS_SOURCE_DIMENSION,REJECT,NO_COUNT,NEEDS_SOURCE_DIMENSION,0.826002,,,NEEDS_SOURCE_DIMENSION,absolute diameter by drone photogrammetry or diagram scale,MODEL_COMPARISON_ONLY
CC-2012-05-14-UHRICE-JIHOMORAVSKY-KRAJ,Uhrice | Jihomoravsky kraj,https://www.cropcirclecenter.com/ccdata/2012/05/14/CZ20120514_A.html,905,0.18,NEEDS_SOURCE_DIMENSION,NO_RATIO,COUNT_PRESENT_OTHER_FAMILY,NEEDS_SOURCE_DIMENSION,,6,,NEEDS_SOURCE_DIMENSION,absolute diameter by drone photogrammetry or diagram scale,MODEL_COMPARISON_ONLY
CC-2012-05-20-BRACCIANO-BERTINORO-EMILIA-ROMAGNA,Bracciano Bertinoro | Emilia-Romagna,https://www.cropcirclecenter.com/ccdata/2012/05/20/IT20120520_A.html,906,0.18,NEEDS_SOURCE_DIMENSION,NO_RATIO,COUNT_PRESENT_OTHER_FAMILY,NEEDS_SOURCE_DIMENSION,,39,,NEEDS_SOURCE_DIMENSION,absolute diameter by drone photogrammetry or diagram scale,MODEL_COMPARISON_ONLY
CC-2012-06-06-ORCHOWO-KUJAWSKO-POMORSKIE,Orchowo | Kujawsko-Pomorskie,https://www.cropcirclecenter.com/ccdata/2012/06/06/PL20120606_A.html,907,0.18,NEEDS_SOURCE_DIMENSION,NO_RATIO,COUNT_PRESENT_OTHER_FAMILY,NEEDS_SOURCE_DIMENSION,,6,,NEEDS_SOURCE_DIMENSION,absolute diameter by drone photogrammetry or diagram scale,MODEL_COMPARISON_ONLY
CC-2012-06-06-ROSWELL-NEW-MEXICO,Roswell | New Mexico,https://www.cropcirclecenter.com/ccdata/2012/06/06/US20120606_A.html,908,0.18,NEEDS_SOURCE_DIMENSION,REJECT,NO_COUNT,NEEDS_SOURCE_DIMENSION,0.423695,,,NEEDS_SOURCE_DIMENSION,absolute diameter by drone photogrammetry or diagram scale,MODEL_COMPARISON_ONLY
CC-2012-06-12-SARVESTAN-FARS,Sarvestan | Fars,https://www.cropcirclecenter.com/ccdata/2012/06/12/IR20120612_A.html,909,0.18,NEEDS_SOURCE_DIMENSION,REJECT,NO_COUNT,NEEDS_SOURCE_DIMENSION,0.164988,,,NEEDS_SOURCE_DIMENSION,absolute diameter by drone photogrammetry or diagram scale,MODEL_COMPARISON_ONLY
CC-2012-06-14-CAMPONOGARA-VENETO,Camponogara | Veneto,https://www.cropcirclecenter.com/ccdata/2012/06/14/IT20120614_A.html,910,0.18,NEEDS_SOURCE_DIMENSION,REJECT,NO_COUNT,NEEDS_SOURCE_DIMENSION,0.099881,,,NEEDS_SOURCE_DIMENSION,absolute diameter by drone photogrammetry or diagram scale,MODEL_COMPARISON_ONLY
CC-2012-06-20-GOLDEN-BALL-HILL-WILTSHIRE,Golden Ball Hill | Wiltshire,https://www.cropcirclecenter.com/ccdata/2012/06/20/UK20120620_A.html,911,0.18,NEEDS_SOURCE_DIMENSION,NO_RATIO,COUNT_PRESENT_OTHER_FAMILY,NEEDS_SOURCE_DIMENSION,,6,,NEEDS_SOURCE_DIMENSION,absolute diameter by drone photogrammetry or diagram scale,MODEL_COMPARISON_ONLY
CC-2012-06-20-HUISH-WILTSHIRE-2,Huish | Wiltshire,https://www.cropcirclecenter.com/ccdata/2012/06/20/UK20120620_B.html,912,0.18,NEEDS_SOURCE_DIMENSION,REJECT,NO_COUNT,NEEDS_SOURCE_DIMENSION,0.269123,,,NEEDS_SOURCE_DIMENSION,absolute diameter by drone photogrammetry or diagram scale,MODEL_COMPARISON_ONLY
CC-2012-06-21-HUL-NITRIANSKY-KRAJ,Hul | Nitriansky kraj,https://www.cropcirclecenter.com/ccdata/2012/06/21/SK20120621_A.html,913,0.18,NEEDS_SOURCE_DIMENSION,NO_RATIO,COUNT_PRESENT_OTHER_FAMILY,NEEDS_SOURCE_DIMENSION,,14,,NEEDS_SOURCE_DIMENSION,absolute diameter by drone photogrammetry or diagram scale,MODEL_COMPARISON_ONLY
CC-2012-06-25-CHERHILL-WILTSHIRE,Cherhill | Wiltshire,https://www.cropcirclecenter.com/ccdata/2012/06/25/UK20120625_A.html,914,0.18,NEEDS_SOURCE_DIMENSION,REJECT,NO_COUNT,NEEDS_SOURCE_DIMENSION,0.290218,,,NEEDS_SOURCE_DIMENSION,absolute diameter by drone photogrammetry or diagram scale,MODEL_COMPARISON_ONLY
CC-2012-06-25-FABBRICO-EMILIA-ROMAGNA,Fabbrico | Emilia-Romagna,https://www.cropcirclecenter.com/ccdata/2012/06/25/IT20120625_A.html,915,0.18,NEEDS_SOURCE_DIMENSION,NO_RATIO,COUNT_PRESENT_OTHER_FAMILY,NEEDS_SOURCE_DIMENSION,,14,,NEEDS_SOURCE_DIMENSION,absolute diameter by drone photogrammetry or diagram scale,MODEL_COMPARISON_ONLY
CC-2012-06-30-SALT-DI-POVOLETTO-FRIULI-VENEZIA-GIULIA,Salt di Povoletto | Friuli Venezia Giulia,https://www.cropcirclecenter.com/ccdata/2012/06/30/IT20120630_A.html,916,0.18,NEEDS_SOURCE_DIMENSION,REJECT,NO_COUNT,NEEDS_SOURCE_DIMENSION,0.299937,,,NEEDS_SOURCE_DIMENSION,absolute diameter by drone photogrammetry or diagram scale,MODEL_COMPARISON_ONLY
CC-2012-07-01-CHILCOMB-DOWN-HAMPSHIRE,Chilcomb Down | Hampshire,https://www.cropcirclecenter.com/ccdata/2012/07/01/UK20120701_A.html,917,0.18,NEEDS_SOURCE_DIMENSION,REJECT,NO_COUNT,NEEDS_SOURCE_DIMENSION,0.214224,,,NEEDS_SOURCE_DIMENSION,absolute diameter by drone photogrammetry or diagram scale,MODEL_COMPARISON_ONLY
CC-2012-07-01-VILLAROSA-SICILIA,Villarosa | Sicilia,https://www.cropcirclecenter.com/ccdata/2012/07/01/IT20120701_A.html,918,0.18,NEEDS_SOURCE_DIMENSION,REJECT,NO_COUNT,NEEDS_SOURCE_DIMENSION,0.412936,,,NEEDS_SOURCE_DIMENSION,absolute diameter by drone photogrammetry or diagram scale,MODEL_COMPARISON_ONLY
CC-2012-07-05-BOREHAM-WOODS-WILTSHIRE,Boreham Woods | Wiltshire,https://www.cropcirclecenter.com/ccdata/2012/07/05/UK20120705_A.html,919,0.18,NEEDS_SOURCE_DIMENSION,NO_RATIO,COUNT_PRESENT_OTHER_FAMILY,NEEDS_SOURCE_DIMENSION,,24,,NEEDS_SOURCE_DIMENSION,absolute diameter by drone photogrammetry or diagram scale,MODEL_COMPARISON_ONLY
CC-2012-07-12-L-HNINGEN-SCHAFFHAUSEN,Löhningen | Schaffhausen,https://www.cropcirclecenter.com/ccdata/2012/07/12/CH20120712_A.html,920,0.18,NEEDS_SOURCE_DIMENSION,NO_RATIO,COUNT_PRESENT_OTHER_FAMILY,NEEDS_SOURCE_DIMENSION,,6,,NEEDS_SOURCE_DIMENSION,absolute diameter by drone photogrammetry or diagram scale,MODEL_COMPARISON_ONLY
CC-2012-07-16-BOSSCHENHOOFD-NOORD-BRABANT,Bosschenhoofd | Noord Brabant,https://www.cropcirclecenter.com/ccdata/2012/07/16/NL20120716_A.html,921,0.18,NEEDS_SOURCE_DIMENSION,NO_RATIO,COUNT_PRESENT_OTHER_FAMILY,NEEDS_SOURCE_DIMENSION,,14,,NEEDS_SOURCE_DIMENSION,absolute diameter by drone photogrammetry or diagram scale,MODEL_COMPARISON_ONLY
CC-2012-07-17-YATESBURY-WILTSHIRE,Yatesbury | Wiltshire,https://www.cropcirclecenter.com/ccdata/2012/07/17/UK20120717_A.html,922,0.18,NEEDS_SOURCE_DIMENSION,REJECT,NO_COUNT,NEEDS_SOURCE_DIMENSION,0.93131,,,NEEDS_SOURCE_DIMENSION,absolute diameter by drone photogrammetry or diagram scale,MODEL_COMPARISON_ONLY
CC-2012-07-24-BISHOPS-CANNINGS-WILTSHIRE-2,Bishops Cannings | Wiltshire,https://www.cropcirclecenter.com/ccdata/2012/07/24/UK20120724_B.html,923,0.18,NEEDS_SOURCE_DIMENSION,REJECT,NO_COUNT,NEEDS_SOURCE_DIMENSION,0.084663,,,NEEDS_SOURCE_DIMENSION,absolute diameter by drone photogrammetry or diagram scale,MODEL_COMPARISON_ONLY
CC-2012-07-25-HINTON-PARVA-WILTSHIRE,Hinton Parva | Wiltshire,https://www.cropcirclecenter.com/ccdata/2012/07/25/UK20120725_A.html,924,0.18,NEEDS_SOURCE_DIMENSION,REJECT,NO_COUNT,NEEDS_SOURCE_DIMENSION,0.162331,,,NEEDS_SOURCE_DIMENSION,absolute diameter by drone photogrammetry or diagram scale,MODEL_COMPARISON_ONLY
CC-2012-07-28-ETCHILHAMPTON-WILTSHIRE,Etchilhampton | Wiltshire,https://www.cropcirclecenter.com/ccdata/2012/07/28/UK20120728_A.html,925,0.18,NEEDS_SOURCE_DIMENSION,REJECT,NO_COUNT,NEEDS_SOURCE_DIMENSION,0.546885,,,NEEDS_SOURCE_DIMENSION,absolute diameter by drone photogrammetry or diagram scale,MODEL_COMPARISON_ONLY
CC-2012-07-29-OWLESBURY-HAMPSHIRE-3,Owlesbury | Hampshire,https://www.cropcirclecenter.com/ccdata/2012/07/29/UK20120729_C.html,926,0.18,NEEDS_SOURCE_DIMENSION,REJECT,NO_COUNT,NEEDS_SOURCE_DIMENSION,0.548092,,,NEEDS_SOURCE_DIMENSION,absolute diameter by drone photogrammetry or diagram scale,MODEL_COMPARISON_ONLY
CC-2012-08-05-MILK-HILL-WILTSHIRE,Milk Hill | Wiltshire,https://www.cropcirclecenter.com/ccdata/2012/08/05/UK20120805_A.html,927,0.18,NEEDS_SOURCE_DIMENSION,REJECT,NO_COUNT,NEEDS_SOURCE_DIMENSION,0.587888,,,NEEDS_SOURCE_DIMENSION,absolute diameter by drone photogrammetry or diagram scale,MODEL_COMPARISON_ONLY
CC-2012-08-12-BISHOP-CANNINGS-WILTSHIRE,Bishop Cannings | Wiltshire,https://www.cropcirclecenter.com/ccdata/2012/08/12/UK20120812_A.html,928,0.18,NEEDS_SOURCE_DIMENSION,REJECT,NO_COUNT,NEEDS_SOURCE_DIMENSION,0.035525,,,NEEDS_SOURCE_DIMENSION,absolute diameter by drone photogrammetry or diagram scale,MODEL_COMPARISON_ONLY
CC-2012-08-19-LURKELEY-HILL-WILTSHIRE,Lurkeley Hill | Wiltshire,https://www.cropcirclecenter.com/ccdata/2012/08/19/UK20120819_A.html,929,0.18,NEEDS_SOURCE_DIMENSION,NO_RATIO,COUNT_PRESENT_OTHER_FAMILY,NEEDS_SOURCE_DIMENSION,,45,,NEEDS_SOURCE_DIMENSION,absolute diameter by drone photogrammetry or diagram scale,MODEL_COMPARISON_ONLY
CC-2012-08-21-HACKPEN-HILL-WILTSHIRE-3,Hackpen Hill | Wiltshire,https://www.cropcirclecenter.com/ccdata/2012/08/21/UK20120821_C.html,930,0.18,NEEDS_SOURCE_DIMENSION,REJECT,NO_COUNT,NEEDS_SOURCE_DIMENSION,0.352805,,,NEEDS_SOURCE_DIMENSION,absolute diameter by drone photogrammetry or diagram scale,MODEL_COMPARISON_ONLY
CC-2012-08-23-STITCHCOMBE-WILTSHIRE,Stitchcombe | Wiltshire,https://www.cropcirclecenter.com/ccdata/2012/08/23/UK20120823_A.html,931,0.18,NEEDS_SOURCE_DIMENSION,NO_RATIO,COUNT_PRESENT_OTHER_FAMILY,NEEDS_SOURCE_DIMENSION,,6,,NEEDS_SOURCE_DIMENSION,absolute diameter by drone photogrammetry or diagram scale,MODEL_COMPARISON_ONLY
CC-2012-09-07-ROCHFORD-ESSEX,Rochford | Essex,https://www.cropcirclecenter.com/ccdata/2012/09/07/UK20120907_A.html,932,0.18,NEEDS_SOURCE_DIMENSION,REJECT,NO_COUNT,NEEDS_SOURCE_DIMENSION,0.143251,,,NEEDS_SOURCE_DIMENSION,absolute diameter by drone photogrammetry or diagram scale,MODEL_COMPARISON_ONLY
CC-2012-11-28-PROMYSCHLENNAJA-KEMEROWO,Promyschlennaja | Kemerowo,https://www.cropcirclecenter.com/ccdata/2012/11/28/RU20121128_A.html,933,0.18,NEEDS_SOURCE_DIMENSION,NO_RATIO,COUNT_PRESENT_OTHER_FAMILY,NEEDS_SOURCE_DIMENSION,,12,,NEEDS_SOURCE_DIMENSION,absolute diameter by drone photogrammetry or diagram scale,MODEL_COMPARISON_ONLY
CC-2013-06-06-BARBIANO-LUGO-EMILIA-ROMAGNA,Barbiano Lugo | Emilia-Romagna,https://www.cropcirclecenter.com/ccdata/2013/06/06/IT20130606_A.html,934,0.18,NEEDS_SOURCE_DIMENSION,REJECT,NO_COUNT,NEEDS_SOURCE_DIMENSION,0.755871,,,NEEDS_SOURCE_DIMENSION,absolute diameter by drone photogrammetry or diagram scale,MODEL_COMPARISON_ONLY
CC-2013-06-12-ENNA-SICILIA,Enna | Sicilia,https://www.cropcirclecenter.com/ccdata/2013/06/12/IT20130612_A.html,935,0.18,NEEDS_SOURCE_DIMENSION,REJECT,NO_COUNT,NEEDS_SOURCE_DIMENSION,0.524303,,,NEEDS_SOURCE_DIMENSION,absolute diameter by drone photogrammetry or diagram scale,MODEL_COMPARISON_ONLY
CC-2013-06-20-CISTERNA-LAZIO,Cisterna | Lazio,https://www.cropcirclecenter.com/ccdata/2013/06/20/IT20130620_A.html,936,0.18,NEEDS_SOURCE_DIMENSION,REJECT,NO_COUNT,NEEDS_SOURCE_DIMENSION,0.800059,,,NEEDS_SOURCE_DIMENSION,absolute diameter by drone photogrammetry or diagram scale,MODEL_COMPARISON_ONLY
CC-2013-06-21-STANTON-ST-BERNARD-WILTSHIRE,Stanton St Bernard | Wiltshire,https://www.cropcirclecenter.com/ccdata/2013/06/21/UK20130621_A.html,937,0.18,NEEDS_SOURCE_DIMENSION,REJECT,NO_COUNT,NEEDS_SOURCE_DIMENSION,0.070458,,,NEEDS_SOURCE_DIMENSION,absolute diameter by drone photogrammetry or diagram scale,MODEL_COMPARISON_ONLY
CC-2013-06-21-YATESBURY-WILTSHIRE-2,Yatesbury | Wiltshire,https://www.cropcirclecenter.com/ccdata/2013/06/21/UK20130621_B.html,938,0.18,NEEDS_SOURCE_DIMENSION,REJECT,NO_COUNT,NEEDS_SOURCE_DIMENSION,0.217715,,,NEEDS_SOURCE_DIMENSION,absolute diameter by drone photogrammetry or diagram scale,MODEL_COMPARISON_ONLY
CC-2013-06-23-DEVIZES-WILTSHIRE,Devizes | Wiltshire,https://www.cropcirclecenter.com/ccdata/2013/06/23/UK20130623_A.html,939,0.18,NEEDS_SOURCE_DIMENSION,REJECT,NO_COUNT,NEEDS_SOURCE_DIMENSION,0.569429,,,NEEDS_SOURCE_DIMENSION,absolute diameter by drone photogrammetry or diagram scale,MODEL_COMPARISON_ONLY
CC-2013-06-28-BISHIL-TSCHELJABINSK,Bishil | Tscheljabinsk,https://www.cropcirclecenter.com/ccdata/2013/06/28/RU20130628_A.html,940,0.18,NEEDS_SOURCE_DIMENSION,REJECT,NO_COUNT,NEEDS_SOURCE_DIMENSION,0.568978,,,NEEDS_SOURCE_DIMENSION,absolute diameter by drone photogrammetry or diagram scale,MODEL_COMPARISON_ONLY
CC-2013-07-01-BRIGNANO-LOMBARDIA,Brignano | Lombardia,https://www.cropcirclecenter.com/ccdata/2013/07/01/IT20130701_A.html,941,0.18,NEEDS_SOURCE_DIMENSION,NO_RATIO,COUNT_PRESENT_OTHER_FAMILY,NEEDS_SOURCE_DIMENSION,,12,,NEEDS_SOURCE_DIMENSION,absolute diameter by drone photogrammetry or diagram scale,MODEL_COMPARISON_ONLY
CC-2013-07-06-AVEBURY-WILTSHIRE,Avebury | Wiltshire,https://www.cropcirclecenter.com/ccdata/2013/07/06/UK20130706_A.html,942,0.18,NEEDS_SOURCE_DIMENSION,REJECT,NO_COUNT,NEEDS_SOURCE_DIMENSION,0.075809,,,NEEDS_SOURCE_DIMENSION,absolute diameter by drone photogrammetry or diagram scale,MODEL_COMPARISON_ONLY
CC-2013-07-06-BROAD-HINTON-WILTSHIRE-2,Broad HInton | Wiltshire,https://www.cropcirclecenter.com/ccdata/2013/07/06/UK20130706_B.html,943,0.18,NEEDS_SOURCE_DIMENSION,REJECT,NO_COUNT,NEEDS_SOURCE_DIMENSION,0.048985,,,NEEDS_SOURCE_DIMENSION,absolute diameter by drone photogrammetry or diagram scale,MODEL_COMPARISON_ONLY
CC-2013-07-07-AVEBURY-TRUSLOE-WILTSHIRE-2,Avebury Trusloe | Wiltshire,https://www.cropcirclecenter.com/ccdata/2013/07/07/UK20130707_B.html,944,0.18,NEEDS_SOURCE_DIMENSION,NO_RATIO,COUNT_PRESENT_OTHER_FAMILY,NEEDS_SOURCE_DIMENSION,,15,,NEEDS_SOURCE_DIMENSION,absolute diameter by drone photogrammetry or diagram scale,MODEL_COMPARISON_ONLY
CC-2013-07-15-HACKPEN-HILL-WILTSHIRE-2,Hackpen Hill | Wiltshire,https://www.cropcirclecenter.com/ccdata/2013/07/15/UK20130715_B.html,945,0.18,NEEDS_SOURCE_DIMENSION,NO_RATIO,COUNT_PRESENT_OTHER_FAMILY,NEEDS_SOURCE_DIMENSION,,40,,NEEDS_SOURCE_DIMENSION,absolute diameter by drone photogrammetry or diagram scale,MODEL_COMPARISON_ONLY
CC-2013-07-16-PECAROVCI-POMURSKA,Pecarovci | Pomurska,https://www.cropcirclecenter.com/ccdata/2013/07/16/SI20130716_A.html,946,0.18,NEEDS_SOURCE_DIMENSION,REJECT,NO_COUNT,NEEDS_SOURCE_DIMENSION,0.130191,,,NEEDS_SOURCE_DIMENSION,absolute diameter by drone photogrammetry or diagram scale,MODEL_COMPARISON_ONLY
CC-2013-07-22-ROZSEC-NAD-KUNSTATEM-JIHOMORAVSKY-KRAJ,Rozsec nad Kunstatem | Jihomoravsky kraj,https://www.cropcirclecenter.com/ccdata/2013/07/22/CZ20130722_A.html,947,0.18,NEEDS_SOURCE_DIMENSION,REJECT,NO_COUNT,NEEDS_SOURCE_DIMENSION,0.527593,,,NEEDS_SOURCE_DIMENSION,absolute diameter by drone photogrammetry or diagram scale,MODEL_COMPARISON_ONLY
CC-2013-07-24-ROUNDWAY-WILTSHIRE,Roundway | Wiltshire,https://www.cropcirclecenter.com/ccdata/2013/07/24/UK20130724_A.html,948,0.18,NEEDS_SOURCE_DIMENSION,REJECT,NO_COUNT,NEEDS_SOURCE_DIMENSION,0.122187,,,NEEDS_SOURCE_DIMENSION,absolute diameter by drone photogrammetry or diagram scale,MODEL_COMPARISON_ONLY
CC-2013-07-28-BENESOV-STREDOCESKY-KRAJ,Benesov | Stredocesky kraj,https://www.cropcirclecenter.com/ccdata/2013/07/28/CZ20130728_A.html,949,0.18,NEEDS_SOURCE_DIMENSION,NO_RATIO,COUNT_PRESENT_OTHER_FAMILY,NEEDS_SOURCE_DIMENSION,,6,,NEEDS_SOURCE_DIMENSION,absolute diameter by drone photogrammetry or diagram scale,MODEL_COMPARISON_ONLY
CC-2013-08-01-MILK-HILL-WILTSHIRE-2,Milk Hill | Wiltshire,https://www.cropcirclecenter.com/ccdata/2013/08/01/UK20130801_B.html,950,0.18,NEEDS_SOURCE_DIMENSION,NO_RATIO,COUNT_PRESENT_OTHER_FAMILY,NEEDS_SOURCE_DIMENSION,,12,,NEEDS_SOURCE_DIMENSION,absolute diameter by drone photogrammetry or diagram scale,MODEL_COMPARISON_ONLY
CC-2013-08-01-STONEHENGE-3,Stonehenge,https://www.cropcirclecenter.com/ccdata/2013/08/01/UK20130801_C.html,951,0.18,NEEDS_SOURCE_DIMENSION,REJECT,NO_COUNT,NEEDS_SOURCE_DIMENSION,0.053586,,,NEEDS_SOURCE_DIMENSION,absolute diameter by drone photogrammetry or diagram scale,MODEL_COMPARISON_ONLY
CC-2013-08-04-CROP-CIRCLE-CENTER,crop circle center,https://www.cropcirclecenter.com/ccdata/2013/08/04/SK20130804_A.html,952,0.18,NEEDS_SOURCE_DIMENSION,NO_RATIO,COUNT_PRESENT_OTHER_FAMILY,NEEDS_SOURCE_DIMENSION,,9,,NEEDS_SOURCE_DIMENSION,absolute diameter by drone photogrammetry or diagram scale,MODEL_COMPARISON_ONLY
CC-2013-08-08-SILBURY-HILL-WILTSHIRE,Silbury Hill | Wiltshire,https://www.cropcirclecenter.com/ccdata/2013/08/08/UK20130808_A.html,953,0.18,NEEDS_SOURCE_DIMENSION,REJECT,NO_COUNT,NEEDS_SOURCE_DIMENSION,0.515335,,,NEEDS_SOURCE_DIMENSION,absolute diameter by drone photogrammetry or diagram scale,MODEL_COMPARISON_ONLY
CC-2013-08-11-HACKPEN-HILL-WILTSHIRE,Hackpen Hill | Wiltshire,https://www.cropcirclecenter.com/ccdata/2013/08/11/UK20130811_A.html,954,0.18,NEEDS_SOURCE_DIMENSION,REJECT,NO_COUNT,NEEDS_SOURCE_DIMENSION,0.82079,,,NEEDS_SOURCE_DIMENSION,absolute diameter by drone photogrammetry or diagram scale,MODEL_COMPARISON_ONLY
CC-2013-08-12-BESFORD-WORCESTERSHIRE,Besford | Worcestershire,https://www.cropcirclecenter.com/ccdata/2013/08/12/UK20130812_A.html,955,0.18,NEEDS_SOURCE_DIMENSION,REJECT,NO_COUNT,NEEDS_SOURCE_DIMENSION,0.190399,,,NEEDS_SOURCE_DIMENSION,absolute diameter by drone photogrammetry or diagram scale,MODEL_COMPARISON_ONLY
CC-2013-08-12-TARLTON-GAUTENG,Tarlton | Gauteng,https://www.cropcirclecenter.com/ccdata/2013/08/12/SZ20130812_A.html,956,0.18,NEEDS_SOURCE_DIMENSION,REJECT,NO_COUNT,NEEDS_SOURCE_DIMENSION,0.917869,,,NEEDS_SOURCE_DIMENSION,absolute diameter by drone photogrammetry or diagram scale,MODEL_COMPARISON_ONLY
CC-2013-08-23-BECKHAMPTON-WILTSHIRE,Beckhampton | Wiltshire,https://www.cropcirclecenter.com/ccdata/2013/08/23/UK20130823_A.html,957,0.18,NEEDS_SOURCE_DIMENSION,NO_RATIO,COUNT_PRESENT_OTHER_FAMILY,NEEDS_SOURCE_DIMENSION,,22,,NEEDS_SOURCE_DIMENSION,absolute diameter by drone photogrammetry or diagram scale,MODEL_COMPARISON_ONLY
CC-2013-08-23-MARDEN-HENGE-WILTSHIRE-2,Marden Henge | Wiltshire,https://www.cropcirclecenter.com/ccdata/2013/08/23/UK20130823_B.html,958,0.18,NEEDS_SOURCE_DIMENSION,REJECT,NO_COUNT,NEEDS_SOURCE_DIMENSION,0.705273,,,NEEDS_SOURCE_DIMENSION,absolute diameter by drone photogrammetry or diagram scale,MODEL_COMPARISON_ONLY
CC-2013-11-02-IPUACU-SANTA-CATARINA-2,Ipuacu | Santa Catarina,https://www.cropcirclecenter.com/ccdata/2013/11/02/BR20131102_B.html,959,0.18,NEEDS_SOURCE_DIMENSION,REJECT,NO_COUNT,NEEDS_SOURCE_DIMENSION,0.772065,,,NEEDS_SOURCE_DIMENSION,absolute diameter by drone photogrammetry or diagram scale,MODEL_COMPARISON_ONLY
CC-2013-12-29-SALINAS-VALLEY-CALIFORNIA,Salinas Valley | California,https://www.cropcirclecenter.com/ccdata/2013/12/29/US20131229_A.html,960,0.18,NEEDS_SOURCE_DIMENSION,NO_RATIO,COUNT_PRESENT_OTHER_FAMILY,NEEDS_SOURCE_DIMENSION,,27,,NEEDS_SOURCE_DIMENSION,absolute diameter by drone photogrammetry or diagram scale,MODEL_COMPARISON_ONLY
CC-2014-04-19-HOEVEN-NOORD-BRABANT,Hoeven | Noord Brabant,https://www.cropcirclecenter.com/ccdata/2014/04/19/NL20140419_A.html,961,0.18,NEEDS_SOURCE_DIMENSION,NO_RATIO,COUNT_PRESENT_OTHER_FAMILY,NEEDS_SOURCE_DIMENSION,,6,,NEEDS_SOURCE_DIMENSION,absolute diameter by drone photogrammetry or diagram scale,MODEL_COMPARISON_ONLY
CC-2014-05-08-ETTEN-LEUR-NOORD-BRABANT,Etten-Leur | Noord Brabant,https://www.cropcirclecenter.com/ccdata/2014/05/08/NL20140508_A.html,962,0.18,NEEDS_SOURCE_DIMENSION,REJECT,NO_COUNT,NEEDS_SOURCE_DIMENSION,0.356547,,,NEEDS_SOURCE_DIMENSION,absolute diameter by drone photogrammetry or diagram scale,MODEL_COMPARISON_ONLY
CC-2014-05-17-MARSCIANO-UMBRIA,Marsciano | Umbria,https://www.cropcirclecenter.com/ccdata/2014/05/17/IT20140517.html,963,0.18,NEEDS_SOURCE_DIMENSION,NO_RATIO,COUNT_PRESENT_OTHER_FAMILY,NEEDS_SOURCE_DIMENSION,,6,,NEEDS_SOURCE_DIMENSION,absolute diameter by drone photogrammetry or diagram scale,MODEL_COMPARISON_ONLY
CC-2014-05-26-PEDWORTH-WORCESTERSHIRE,Pedworth | Worcestershire,https://www.cropcirclecenter.com/ccdata/2014/05/26/UK20140526_A.html,964,0.18,NEEDS_SOURCE_DIMENSION,REJECT,NO_COUNT,NEEDS_SOURCE_DIMENSION,0.115029,,,NEEDS_SOURCE_DIMENSION,absolute diameter by drone photogrammetry or diagram scale,MODEL_COMPARISON_ONLY
CC-2014-06-06-CHILCOMB-HAMPSHIRE,Chilcomb | Hampshire,https://www.cropcirclecenter.com/ccdata/2014/06/06/UK20140606_A.html,965,0.18,NEEDS_SOURCE_DIMENSION,REJECT,NO_COUNT,NEEDS_SOURCE_DIMENSION,0.611126,,,NEEDS_SOURCE_DIMENSION,absolute diameter by drone photogrammetry or diagram scale,MODEL_COMPARISON_ONLY
CC-2014-06-18-CHERHILL-WILTSHIRE,Cherhill | Wiltshire,https://www.cropcirclecenter.com/ccdata/2014/06/18/UK20140618_A.html,966,0.18,NEEDS_SOURCE_DIMENSION,REJECT,NO_COUNT,NEEDS_SOURCE_DIMENSION,0.128958,,,NEEDS_SOURCE_DIMENSION,absolute diameter by drone photogrammetry or diagram scale,MODEL_COMPARISON_ONLY
CC-2014-06-22-WEST-KENNETT-WILTSHIRE,West Kennett | Wiltshire,https://www.cropcirclecenter.com/ccdata/2014/06/22/UK20140622_A.html,967,0.18,NEEDS_SOURCE_DIMENSION,REJECT,NO_COUNT,NEEDS_SOURCE_DIMENSION,0.413513,,,NEEDS_SOURCE_DIMENSION,absolute diameter by drone photogrammetry or diagram scale,MODEL_COMPARISON_ONLY
CC-2014-06-24-WEST-KENNETT-WILTSHIRE-2,West Kennett | Wiltshire,https://www.cropcirclecenter.com/ccdata/2014/06/24/UK20140624_B.html,968,0.18,NEEDS_SOURCE_DIMENSION,REJECT,NO_COUNT,NEEDS_SOURCE_DIMENSION,0.36437,,,NEEDS_SOURCE_DIMENSION,absolute diameter by drone photogrammetry or diagram scale,MODEL_COMPARISON_ONLY
CC-2014-06-26-NOORDHOEK-NOORD-BRABANT,Noordhoek | Noord Brabant,https://www.cropcirclecenter.com/ccdata/2014/06/26/NL20140626_A.html,969,0.18,NEEDS_SOURCE_DIMENSION,NO_RATIO,COUNT_PRESENT_OTHER_FAMILY,NEEDS_SOURCE_DIMENSION,,9,,NEEDS_SOURCE_DIMENSION,absolute diameter by drone photogrammetry or diagram scale,MODEL_COMPARISON_ONLY
CC-2014-06-29-LOCATION-WITHHELD-WILTSHIRE-3,location withheld | Wiltshire,https://www.cropcirclecenter.com/ccdata/2014/06/29/UK20140629_C.html,970,0.18,NEEDS_SOURCE_DIMENSION,REJECT,NO_COUNT,NEEDS_SOURCE_DIMENSION,0.824921,,,NEEDS_SOURCE_DIMENSION,absolute diameter by drone photogrammetry or diagram scale,MODEL_COMPARISON_ONLY
CC-2014-07-06-P-V-TICE-PLZE-SK-KRAJ,Přívětice | Plzeňský kraj,https://www.cropcirclecenter.com/ccdata/2014/07/06/CZ20140706_A.html,971,0.18,NEEDS_SOURCE_DIMENSION,REJECT,NO_COUNT,NEEDS_SOURCE_DIMENSION,0.083869,,,NEEDS_SOURCE_DIMENSION,absolute diameter by drone photogrammetry or diagram scale,MODEL_COMPARISON_ONLY
CC-2014-07-09-HOEVEN-NOORD-BRABANT,Hoeven | Noord Brabant,https://www.cropcirclecenter.com/ccdata/2014/07/09/NL20140709_A.html,972,0.18,NEEDS_SOURCE_DIMENSION,REJECT,NO_COUNT,NEEDS_SOURCE_DIMENSION,0.784415,,,NEEDS_SOURCE_DIMENSION,absolute diameter by drone photogrammetry or diagram scale,MODEL_COMPARISON_ONLY
CC-2014-07-13-WEST-KENNETT-WILTSHIRE,West Kennett | Wiltshire,https://www.cropcirclecenter.com/ccdata/2014/07/13/UK20140713_A.html,973,0.18,NEEDS_SOURCE_DIMENSION,REJECT,NO_COUNT,NEEDS_SOURCE_DIMENSION,0.501176,,,NEEDS_SOURCE_DIMENSION,absolute diameter by drone photogrammetry or diagram scale,MODEL_COMPARISON_ONLY
CC-2014-07-16-MARLBOROUGH-WILTSHIRE,Marlborough | Wiltshire,https://www.cropcirclecenter.com/ccdata/2014/07/16/UK20140716_A.html,974,0.18,NEEDS_SOURCE_DIMENSION,NO_RATIO,COUNT_PRESENT_OTHER_FAMILY,NEEDS_SOURCE_DIMENSION,,24,,NEEDS_SOURCE_DIMENSION,absolute diameter by drone photogrammetry or diagram scale,MODEL_COMPARISON_ONLY
CC-2014-07-16-ROOSENDAAL-NOORD-BRABANT-2,Roosendaal | Noord Brabant,https://www.cropcirclecenter.com/ccdata/2014/07/16/NL20140716_B.html,975,0.18,NEEDS_SOURCE_DIMENSION,REJECT,NO_COUNT,NEEDS_SOURCE_DIMENSION,0.714974,,,NEEDS_SOURCE_DIMENSION,absolute diameter by drone photogrammetry or diagram scale,MODEL_COMPARISON_ONLY
CC-2014-07-16-ZEVENBERGEN-NOORD-BRABANT-3,Zevenbergen | Noord Brabant,https://www.cropcirclecenter.com/ccdata/2014/07/16/NL20140716_C.html,976,0.18,NEEDS_SOURCE_DIMENSION,REJECT,NO_COUNT,NEEDS_SOURCE_DIMENSION,0.037057,,,NEEDS_SOURCE_DIMENSION,absolute diameter by drone photogrammetry or diagram scale,MODEL_COMPARISON_ONLY
CC-2014-07-16-ZIERENBERG-HESSEN,Zierenberg | Hessen,https://www.cropcirclecenter.com/ccdata/2014/07/16/DE20140716_A.html,977,0.18,NEEDS_SOURCE_DIMENSION,NO_RATIO,COUNT_PRESENT_OTHER_FAMILY,NEEDS_SOURCE_DIMENSION,,10,,NEEDS_SOURCE_DIMENSION,absolute diameter by drone photogrammetry or diagram scale,MODEL_COMPARISON_ONLY
CC-2014-07-24-SUTTON-HALL-ESSEX,Sutton Hall | Essex,https://www.cropcirclecenter.com/ccdata/2014/07/24/UK20140724_A.html,978,0.18,NEEDS_SOURCE_DIMENSION,REJECT,NO_COUNT,NEEDS_SOURCE_DIMENSION,0.172287,,,NEEDS_SOURCE_DIMENSION,absolute diameter by drone photogrammetry or diagram scale,MODEL_COMPARISON_ONLY
CC-2014-07-25-MOMALLE-WALLONIE,Momalle | Wallonie,https://www.cropcirclecenter.com/ccdata/2014/07/25/BE20140725_A.html,979,0.18,NEEDS_SOURCE_DIMENSION,REJECT,NO_COUNT,NEEDS_SOURCE_DIMENSION,0.048546,,,NEEDS_SOURCE_DIMENSION,absolute diameter by drone photogrammetry or diagram scale,MODEL_COMPARISON_ONLY
CC-2014-07-27-CHERINGTON-GLOUCESTERSHIRE,"Cherington, Gloucestershire",https://www.cropcirclecenter.com/ccdata/2014/07/26/UK20140726_A.html,980,0.18,NEEDS_SOURCE_DIMENSION,REJECT,NO_COUNT,NEEDS_SOURCE_DIMENSION,0.577477,,,NEEDS_SOURCE_DIMENSION,absolute diameter by drone photogrammetry or diagram scale,MODEL_COMPARISON_ONLY
CC-2014-07-27-LONG-MAN-OF-WILMINGTON-EAST-SUSSEX-3,Long Man of Wilmington | East Sussex,https://www.cropcirclecenter.com/ccdata/2014/07/27/UK20140727_C.html,981,0.18,NEEDS_SOURCE_DIMENSION,REJECT,NO_COUNT,NEEDS_SOURCE_DIMENSION,0.436123,,,NEEDS_SOURCE_DIMENSION,absolute diameter by drone photogrammetry or diagram scale,MODEL_COMPARISON_ONLY
CC-2014-07-30-ROUNDWAY-HILL-2014,Roundway Hill 2014,https://temporarytemples.co.uk/project/roundway-hill-2014-30th-july-2014,982,0.18,NEEDS_SOURCE_DIMENSION,NO_RATIO,COUNT_PRESENT_OTHER_FAMILY,NEEDS_SOURCE_DIMENSION,,6,,NEEDS_SOURCE_DIMENSION,absolute diameter by drone photogrammetry or diagram scale,MODEL_COMPARISON_ONLY
CC-2014-08-03-LUND-SK-NE-L-N,Lund | Skåne län,https://www.cropcirclecenter.com/ccdata/2014/08/03/SE20140803_A.html,983,0.18,NEEDS_SOURCE_DIMENSION,NO_RATIO,COUNT_PRESENT_OTHER_FAMILY,NEEDS_SOURCE_DIMENSION,,6,,NEEDS_SOURCE_DIMENSION,absolute diameter by drone photogrammetry or diagram scale,MODEL_COMPARISON_ONLY
CC-2014-08-05-TICHBOURNE-HAMPSHIRE,Tichbourne | Hampshire,https://www.cropcirclecenter.com/ccdata/2014/08/05/UK20140805_A.html,984,0.18,NEEDS_SOURCE_DIMENSION,REJECT,NO_COUNT,NEEDS_SOURCE_DIMENSION,0.459474,,,NEEDS_SOURCE_DIMENSION,absolute diameter by drone photogrammetry or diagram scale,MODEL_COMPARISON_ONLY
CC-2014-08-06-HACKPEN-HILL-WILTSHIRE-2,Hackpen Hill | Wiltshire,https://www.cropcirclecenter.com/ccdata/2014/08/06/UK20140806_B.html,985,0.18,NEEDS_SOURCE_DIMENSION,REJECT,NO_COUNT,NEEDS_SOURCE_DIMENSION,0.507723,,,NEEDS_SOURCE_DIMENSION,absolute diameter by drone photogrammetry or diagram scale,MODEL_COMPARISON_ONLY
CC-2014-08-08-AVEBURY-WILTSHIRE,Avebury | Wiltshire,https://www.cropcirclecenter.com/ccdata/2014/08/08/UK20140808_A.html,986,0.18,NEEDS_SOURCE_DIMENSION,REJECT,NO_COUNT,NEEDS_SOURCE_DIMENSION,0.149282,,,NEEDS_SOURCE_DIMENSION,absolute diameter by drone photogrammetry or diagram scale,MODEL_COMPARISON_ONLY
CC-2014-08-12-ETCHILHAMPTON-WILTSHIRE,Etchilhampton | Wiltshire,https://www.cropcirclecenter.com/ccdata/2014/08/12/UK20140812_A.html,987,0.18,NEEDS_SOURCE_DIMENSION,REJECT,NO_COUNT,NEEDS_SOURCE_DIMENSION,0.09938,,,NEEDS_SOURCE_DIMENSION,absolute diameter by drone photogrammetry or diagram scale,MODEL_COMPARISON_ONLY
CC-2014-08-24-STROUD-GREEN-ESSEX,Stroud Green | Essex,https://www.cropcirclecenter.com/ccdata/2014/08/24/UK20140824_A.html,988,0.18,NEEDS_SOURCE_DIMENSION,REJECT,NO_COUNT,NEEDS_SOURCE_DIMENSION,0.268354,,,NEEDS_SOURCE_DIMENSION,absolute diameter by drone photogrammetry or diagram scale,MODEL_COMPARISON_ONLY
CC-2014-09-05-SUNNY-KRASNODAR,Sunny | Krasnodar,https://www.cropcirclecenter.com/ccdata/2014/09/05/RU20140905_A.html,989,0.18,NEEDS_SOURCE_DIMENSION,NO_RATIO,COUNT_PRESENT_OTHER_FAMILY,NEEDS_SOURCE_DIMENSION,,20,,NEEDS_SOURCE_DIMENSION,absolute diameter by drone photogrammetry or diagram scale,MODEL_COMPARISON_ONLY
CC-2014-11-06-HOEVEN-NOORD-BRABANT,Hoeven | Noord Brabant,https://www.cropcirclecenter.com/ccdata/2014/11/06/NL20141106_A.html,990,0.18,NEEDS_SOURCE_DIMENSION,NO_RATIO,COUNT_PRESENT_OTHER_FAMILY,NEEDS_SOURCE_DIMENSION,,6,,NEEDS_SOURCE_DIMENSION,absolute diameter by drone photogrammetry or diagram scale,MODEL_COMPARISON_ONLY
CC-2014-UNKNOWN-LANDAU-RHEINLAND-PFALZ,Landau | Rheinland-Pfalz,https://www.cropcirclecenter.com/ccdata/2014/06/20/DE20140620_A.html,991,0.18,NEEDS_SOURCE_DIMENSION,NO_RATIO,COUNT_PRESENT_OTHER_FAMILY,NEEDS_SOURCE_DIMENSION,,6,,NEEDS_SOURCE_DIMENSION,absolute diameter by drone photogrammetry or diagram scale,MODEL_COMPARISON_ONLY
CC-2014-UNKNOWN-ZWETTL-NIEDER-STERREICH,Zwettl | Niederösterreich,https://www.cropcirclecenter.com/ccdata/2014/07/25/AT20140725_A.html,992,0.18,NEEDS_SOURCE_DIMENSION,REJECT,NO_COUNT,NEEDS_SOURCE_DIMENSION,0.872124,,,NEEDS_SOURCE_DIMENSION,absolute diameter by drone photogrammetry or diagram scale,MODEL_COMPARISON_ONLY
CC-2015-04-19-TARLTON-GLOUCESTERSHIRE,Tarlton | Gloucestershire,https://www.cropcirclecenter.com/ccdata/2015/04/19/UK20150419_A.html,993,0.18,NEEDS_SOURCE_DIMENSION,NO_RATIO,COUNT_PRESENT_OTHER_FAMILY,NEEDS_SOURCE_DIMENSION,,14,,NEEDS_SOURCE_DIMENSION,absolute diameter by drone photogrammetry or diagram scale,MODEL_COMPARISON_ONLY
CC-2015-05-12-YATESBURY-WILTSHIRE,Yatesbury | Wiltshire,https://www.cropcirclecenter.com/ccdata/2015/05/12/UK20150512_A.html,994,0.18,NEEDS_SOURCE_DIMENSION,REJECT,NO_COUNT,NEEDS_SOURCE_DIMENSION,0.176113,,,NEEDS_SOURCE_DIMENSION,absolute diameter by drone photogrammetry or diagram scale,MODEL_COMPARISON_ONLY
CC-2015-06-02-CASTELNUOVO-BERARDENGA-TOSCANA,Castelnuovo Berardenga | Toscana,https://www.cropcirclecenter.com/ccdata/2015/06/02/IT20150602_A.html,995,0.18,NEEDS_SOURCE_DIMENSION,REJECT,NO_COUNT,NEEDS_SOURCE_DIMENSION,0.104895,,,NEEDS_SOURCE_DIMENSION,absolute diameter by drone photogrammetry or diagram scale,MODEL_COMPARISON_ONLY
CC-2015-06-07-PONTECURONE,Pontecurone,https://www.cropcirclecenter.com/ccdata/2015/06/07/IT20150607_A.HTML,996,0.18,NEEDS_SOURCE_DIMENSION,REJECT,NO_COUNT,NEEDS_SOURCE_DIMENSION,0.084599,,,NEEDS_SOURCE_DIMENSION,absolute diameter by drone photogrammetry or diagram scale,MODEL_COMPARISON_ONLY
CC-2015-06-22-UFFCOTT-WILTSHIRE-3,Uffcott | Wiltshire,https://www.cropcirclecenter.com/ccdata/2015/06/22/UK20150622_C.html,997,0.18,NEEDS_SOURCE_DIMENSION,REJECT,NO_COUNT,NEEDS_SOURCE_DIMENSION,0.232923,,,NEEDS_SOURCE_DIMENSION,absolute diameter by drone photogrammetry or diagram scale,MODEL_COMPARISON_ONLY
CC-2015-07-07-GRO-ZIETHEN-BRANDENBURG,Großziethen | Brandenburg,https://www.cropcirclecenter.com/ccdata/2015/07/07/DE20150707_A.html,998,0.18,NEEDS_SOURCE_DIMENSION,REJECT,NO_COUNT,NEEDS_SOURCE_DIMENSION,0.08896,,,NEEDS_SOURCE_DIMENSION,absolute diameter by drone photogrammetry or diagram scale,MODEL_COMPARISON_ONLY
CC-2015-07-09-DEVIL-S-DEN-WILTSHIRE,Devil's Den | Wiltshire,https://www.cropcirclecenter.com/ccdata/2015/07/09/UK20150709_A.html,999,0.18,NEEDS_SOURCE_DIMENSION,REJECT,NO_COUNT,NEEDS_SOURCE_DIMENSION,0.514846,,,NEEDS_SOURCE_DIMENSION,absolute diameter by drone photogrammetry or diagram scale,MODEL_COMPARISON_ONLY
CC-2015-07-12-KLICNOV-LIBERECKY-KRAJ,Klicnov | Liberecky kraj,https://www.cropcirclecenter.com/ccdata/2015/07/12/CZ20150712_A.html,1000,0.18,NEEDS_SOURCE_DIMENSION,NO_RATIO,COUNT_PRESENT_OTHER_FAMILY,NEEDS_SOURCE_DIMENSION,,18,,NEEDS_SOURCE_DIMENSION,absolute diameter by drone photogrammetry or diagram scale,MODEL_COMPARISON_ONLY
CC-2015-07-12-SKALICE-MORAVIAN-2,Skalice | Moravian,https://www.cropcirclecenter.com/ccdata/2015/07/12/CZ20150712_B.html,1001,0.18,NEEDS_SOURCE_DIMENSION,REJECT,NO_COUNT,NEEDS_SOURCE_DIMENSION,0.403792,,,NEEDS_SOURCE_DIMENSION,absolute diameter by drone photogrammetry or diagram scale,MODEL_COMPARISON_ONLY
CC-2015-07-13-LICHTENRADE-BERLIN,Lichtenrade | Berlin,https://www.cropcirclecenter.com/ccdata/2015/07/13/DE20150713_A.html,1002,0.18,NEEDS_SOURCE_DIMENSION,REJECT,NO_COUNT,NEEDS_SOURCE_DIMENSION,0.398796,,,NEEDS_SOURCE_DIMENSION,absolute diameter by drone photogrammetry or diagram scale,MODEL_COMPARISON_ONLY
CC-2015-07-18-STUPAVA-BRATISLAVSKY-KRAY,Stupava | Bratislavsky kray,https://www.cropcirclecenter.com/ccdata/2015/07/18/SK20150718_A.html,1003,0.18,NEEDS_SOURCE_DIMENSION,NO_RATIO,COUNT_PRESENT_OTHER_FAMILY,NEEDS_SOURCE_DIMENSION,,6,,NEEDS_SOURCE_DIMENSION,absolute diameter by drone photogrammetry or diagram scale,MODEL_COMPARISON_ONLY
CC-2015-07-19-MERSTHAM-SURREY-2,Merstham | Surrey,https://www.cropcirclecenter.com/ccdata/2015/07/19/UK20150719_B.html,1004,0.18,NEEDS_SOURCE_DIMENSION,NO_RATIO,COUNT_PRESENT_OTHER_FAMILY,NEEDS_SOURCE_DIMENSION,,9,,NEEDS_SOURCE_DIMENSION,absolute diameter by drone photogrammetry or diagram scale,MODEL_COMPARISON_ONLY
CC-2015-07-20-CHOPINZINHO-PARANA,Chopinzinho | Parana,https://www.cropcirclecenter.com/ccdata/2015/07/20/BR20150720_A.html,1005,0.18,NEEDS_SOURCE_DIMENSION,NO_RATIO,COUNT_PRESENT_OTHER_FAMILY,NEEDS_SOURCE_DIMENSION,,6,,NEEDS_SOURCE_DIMENSION,absolute diameter by drone photogrammetry or diagram scale,MODEL_COMPARISON_ONLY
CC-2015-07-24-CLEY-HILL-WILTSHIRE,Cley Hill | Wiltshire,https://www.cropcirclecenter.com/ccdata/2015/07/24/UK20150724_A.html,1006,0.18,NEEDS_SOURCE_DIMENSION,REJECT,NO_COUNT,NEEDS_SOURCE_DIMENSION,0.05115,,,NEEDS_SOURCE_DIMENSION,absolute diameter by drone photogrammetry or diagram scale,MODEL_COMPARISON_ONLY
CC-2015-07-26-MAIDEN-CASTLE-DORSET,"Maiden Castle, Dorset",https://temporarytemples.co.uk/project/maiden-castle-dorset-26th-july-2015,1007,0.18,NEEDS_SOURCE_DIMENSION,REJECT,NO_COUNT,NEEDS_SOURCE_DIMENSION,0.174989,,,NEEDS_SOURCE_DIMENSION,absolute diameter by drone photogrammetry or diagram scale,MODEL_COMPARISON_ONLY
CC-2015-07-29-MERSTHAM-SURREY,Merstham | Surrey,https://www.cropcirclecenter.com/ccdata/2015/07/29/UK20150729_A.html,1008,0.18,NEEDS_SOURCE_DIMENSION,REJECT,NO_COUNT,NEEDS_SOURCE_DIMENSION,0.202547,,,NEEDS_SOURCE_DIMENSION,absolute diameter by drone photogrammetry or diagram scale,MODEL_COMPARISON_ONLY
CC-2015-08-01-GRO-ZIETHEN-BERLIN,Großziethen | Berlin,https://www.cropcirclecenter.com/ccdata/2015/08/01/DE20150801_A.html,1009,0.18,NEEDS_SOURCE_DIMENSION,NO_RATIO,COUNT_PRESENT_OTHER_FAMILY,NEEDS_SOURCE_DIMENSION,,12,,NEEDS_SOURCE_DIMENSION,absolute diameter by drone photogrammetry or diagram scale,MODEL_COMPARISON_ONLY
CC-2015-08-08-BOWERCHALKE-WILTSHIRE,"Bowerchalke, Wiltshire",https://temporarytemples.co.uk/project/bowerchalke-wiltshire-8th-august-2015,1010,0.18,NEEDS_SOURCE_DIMENSION,NO_RATIO,COUNT_PRESENT_OTHER_FAMILY,NEEDS_SOURCE_DIMENSION,,12,,NEEDS_SOURCE_DIMENSION,absolute diameter by drone photogrammetry or diagram scale,MODEL_COMPARISON_ONLY
CC-2015-08-09-VESTBY-AKERSHUR,Vestby | Akershur,https://www.cropcirclecenter.com/ccdata/2015/08/09/NO20150809_A.html,1011,0.18,NEEDS_SOURCE_DIMENSION,REJECT,NO_COUNT,NEEDS_SOURCE_DIMENSION,0.302283,,,NEEDS_SOURCE_DIMENSION,absolute diameter by drone photogrammetry or diagram scale,MODEL_COMPARISON_ONLY
CC-2016-05-06-HILL-BARN-WILTSHIRE,Hill Barn | Wiltshire,https://www.cropcirclecenter.com/ccdata/2016/05/06/UK20160506_A.html,1012,0.18,NEEDS_SOURCE_DIMENSION,REJECT,NO_COUNT,NEEDS_SOURCE_DIMENSION,0.750479,,,NEEDS_SOURCE_DIMENSION,absolute diameter by drone photogrammetry or diagram scale,MODEL_COMPARISON_ONLY
CC-2016-05-11-ALTON-BARNES-WILTSHIRE,Alton Barnes | Wiltshire,https://www.cropcirclecenter.com/ccdata/2016/05/11/UK20160511_A.html,1013,0.18,NEEDS_SOURCE_DIMENSION,REJECT,NO_COUNT,NEEDS_SOURCE_DIMENSION,0.938321,,,NEEDS_SOURCE_DIMENSION,absolute diameter by drone photogrammetry or diagram scale,MODEL_COMPARISON_ONLY
CC-2016-05-16-AVEBURY-WILTSHIRE,Avebury | Wiltshire,https://www.cropcirclecenter.com/ccdata/2016/05/16/UK20160516_A.html,1014,0.18,NEEDS_SOURCE_DIMENSION,REJECT,NO_COUNT,NEEDS_SOURCE_DIMENSION,0.280238,,,NEEDS_SOURCE_DIMENSION,absolute diameter by drone photogrammetry or diagram scale,MODEL_COMPARISON_ONLY
CC-2016-05-28-SILBURY-HILL-WILTSHIRE,Silbury Hill | Wiltshire,https://www.cropcirclecenter.com/ccdata/2016/05/28/UK20160528_A.html,1015,0.18,NEEDS_SOURCE_DIMENSION,REJECT,NO_COUNT,NEEDS_SOURCE_DIMENSION,0.177945,,,NEEDS_SOURCE_DIMENSION,absolute diameter by drone photogrammetry or diagram scale,MODEL_COMPARISON_ONLY
CC-2016-06-06-HOEVEN-NOORD-BRABANT,Hoeven | Noord-Brabant,https://www.cropcirclecenter.com/ccdata/2016/06/06/NL20160606_A.html,1016,0.18,NEEDS_SOURCE_DIMENSION,NO_RATIO,COUNT_PRESENT_OTHER_FAMILY,NEEDS_SOURCE_DIMENSION,,6,,NEEDS_SOURCE_DIMENSION,absolute diameter by drone photogrammetry or diagram scale,MODEL_COMPARISON_ONLY
CC-2016-06-08-VANZAGHELLO-LOMBARDIA,Vanzaghello | Lombardia,https://www.cropcirclecenter.com/ccdata/2016/06/08/IT20160608_A.html,1017,0.18,NEEDS_SOURCE_DIMENSION,NO_RATIO,COUNT_PRESENT_OTHER_FAMILY,NEEDS_SOURCE_DIMENSION,,18,,NEEDS_SOURCE_DIMENSION,absolute diameter by drone photogrammetry or diagram scale,MODEL_COMPARISON_ONLY
CC-2016-06-24-TICHBORNE-HAMPSHIRE,Tichborne | Hampshire,https://www.cropcirclecenter.com/ccdata/2016/06/24/UK20160624_A.html,1018,0.18,NEEDS_SOURCE_DIMENSION,REJECT,NO_COUNT,NEEDS_SOURCE_DIMENSION,0.755868,,,NEEDS_SOURCE_DIMENSION,absolute diameter by drone photogrammetry or diagram scale,MODEL_COMPARISON_ONLY
CC-2016-06-29-STOURTON-WILTSHIRE,Stourton | Wiltshire,https://www.cropcirclecenter.com/ccdata/2016/06/29/UK20160629_A.html,1019,0.18,NEEDS_SOURCE_DIMENSION,REJECT,NO_COUNT,NEEDS_SOURCE_DIMENSION,0.084769,,,NEEDS_SOURCE_DIMENSION,absolute diameter by drone photogrammetry or diagram scale,MODEL_COMPARISON_ONLY
CC-2016-07-04-NOORDHOEK-NOORD-BRABANT,Noordhoek | Noord Brabant,https://www.cropcirclecenter.com/ccdata/2016/07/04/NL20160704_A.html,1020,0.18,NEEDS_SOURCE_DIMENSION,REJECT,NO_COUNT,NEEDS_SOURCE_DIMENSION,0.935035,,,NEEDS_SOURCE_DIMENSION,absolute diameter by drone photogrammetry or diagram scale,MODEL_COMPARISON_ONLY
CC-2016-07-07-KEMMENTAL-THURGAU,Kemmental | Thurgau,https://www.cropcirclecenter.com/ccdata/2016/07/07/CH20160707_A.html,1021,0.18,NEEDS_SOURCE_DIMENSION,REJECT,NO_COUNT,NEEDS_SOURCE_DIMENSION,0.730162,,,NEEDS_SOURCE_DIMENSION,absolute diameter by drone photogrammetry or diagram scale,MODEL_COMPARISON_ONLY
CC-2016-07-07-WIDNES-CHESHIRE,Widnes | Cheshire,https://www.cropcirclecenter.com/ccdata/2016/07/07/UK20160707_A.html,1022,0.18,NEEDS_SOURCE_DIMENSION,REJECT,NO_COUNT,NEEDS_SOURCE_DIMENSION,0.086508,,,NEEDS_SOURCE_DIMENSION,absolute diameter by drone photogrammetry or diagram scale,MODEL_COMPARISON_ONLY
CC-2016-07-08-STONEHENGE-WILTSHIRE-2,Stonehenge | Wiltshire,https://www.cropcirclecenter.com/ccdata/2016/07/08/UK20160708_B.html,1023,0.18,NEEDS_SOURCE_DIMENSION,REJECT,NO_COUNT,NEEDS_SOURCE_DIMENSION,0.075168,,,NEEDS_SOURCE_DIMENSION,absolute diameter by drone photogrammetry or diagram scale,MODEL_COMPARISON_ONLY
CC-2016-07-16-DEVIZES-WILTS,"Devizes, Wilts",https://temporarytemples.co.uk/project/devizes-wilts-16th-july-2016,1024,0.18,NEEDS_SOURCE_DIMENSION,REJECT,NO_COUNT,NEEDS_SOURCE_DIMENSION,0.237104,,,NEEDS_SOURCE_DIMENSION,absolute diameter by drone photogrammetry or diagram scale,MODEL_COMPARISON_ONLY
CC-2016-07-22-ALTON-BARNES-WILTSHIRE,Alton Barnes | Wiltshire,https://www.cropcirclecenter.com/ccdata/2016/07/22/UK20160722_A.html,1025,0.18,NEEDS_SOURCE_DIMENSION,NO_RATIO,COUNT_PRESENT_OTHER_FAMILY,NEEDS_SOURCE_DIMENSION,,6,,NEEDS_SOURCE_DIMENSION,absolute diameter by drone photogrammetry or diagram scale,MODEL_COMPARISON_ONLY
CC-2016-07-24-SUTTON-ESSEX-2,Sutton | Essex,https://www.cropcirclecenter.com/ccdata/2016/07/24/UK20160724_B.html,1026,0.18,NEEDS_SOURCE_DIMENSION,NO_RATIO,COUNT_PRESENT_OTHER_FAMILY,NEEDS_SOURCE_DIMENSION,,10,,NEEDS_SOURCE_DIMENSION,absolute diameter by drone photogrammetry or diagram scale,MODEL_COMPARISON_ONLY
CC-2016-07-30-CLEY-HILL-WILTS,"Cley Hill, Wilts",https://temporarytemples.co.uk/project/cley-hill-wilts-30th-july-2016,1027,0.18,NEEDS_SOURCE_DIMENSION,REJECT,NO_COUNT,NEEDS_SOURCE_DIMENSION,0.549278,,,NEEDS_SOURCE_DIMENSION,absolute diameter by drone photogrammetry or diagram scale,MODEL_COMPARISON_ONLY
CC-2016-08-03-SPARTICLES-WOOD-2,Sparticles Wood,https://www.cropcirclecenter.com/ccdata/2016/08/03/UK20160803_B.html,1028,0.18,NEEDS_SOURCE_DIMENSION,REJECT,NO_COUNT,NEEDS_SOURCE_DIMENSION,0.080732,,,NEEDS_SOURCE_DIMENSION,absolute diameter by drone photogrammetry or diagram scale,MODEL_COMPARISON_ONLY
CC-2016-08-04-WESTBURY,Westbury,https://www.cropcirclecenter.com/ccdata/2016/08/04/UK20160804_A.html,1029,0.18,NEEDS_SOURCE_DIMENSION,REJECT,NO_COUNT,NEEDS_SOURCE_DIMENSION,0.152674,,,NEEDS_SOURCE_DIMENSION,absolute diameter by drone photogrammetry or diagram scale,MODEL_COMPARISON_ONLY
CC-2016-08-08-ETCHILHAMPTON-HILL-WILTS,"Etchilhampton Hill, Wilts",https://www.cropcirclecenter.com/ccdata/2016/08/08/UK20160808_A.html,1030,0.18,NEEDS_SOURCE_DIMENSION,REJECT,NO_COUNT,NEEDS_SOURCE_DIMENSION,0.056082,,,NEEDS_SOURCE_DIMENSION,absolute diameter by drone photogrammetry or diagram scale,MODEL_COMPARISON_ONLY
CC-2016-08-12-ANSTY-WILTS,"Ansty, Wilts",https://www.cropcirclecenter.com/ccdata/2016/08/12/UK20160812_A.html,1031,0.18,NEEDS_SOURCE_DIMENSION,REJECT,NO_COUNT,NEEDS_SOURCE_DIMENSION,0.969758,,,NEEDS_SOURCE_DIMENSION,absolute diameter by drone photogrammetry or diagram scale,MODEL_COMPARISON_ONLY
CC-2016-08-27-EAST-KENNETT-2,East Kennett,https://www.cropcirclecenter.com/ccdata/2016/08/27/UK20160827_B.html,1032,0.18,NEEDS_SOURCE_DIMENSION,REJECT,NO_COUNT,NEEDS_SOURCE_DIMENSION,0.123219,,,NEEDS_SOURCE_DIMENSION,absolute diameter by drone photogrammetry or diagram scale,MODEL_COMPARISON_ONLY
CC-2016-09-27-PRUDENT-POLIS-PARAN,Prudentópolis | Paraná,https://www.cropcirclecenter.com/ccdata/2016/09/27/BR20160927_A.html,1033,0.18,NEEDS_SOURCE_DIMENSION,REJECT,NO_COUNT,NEEDS_SOURCE_DIMENSION,0.587289,,,NEEDS_SOURCE_DIMENSION,absolute diameter by drone photogrammetry or diagram scale,MODEL_COMPARISON_ONLY
CC-2016-11-04-IPUA-U-SANTA-CATARINA,Ipuaçu | Santa Catarina,https://www.cropcirclecenter.com/ccdata/2016/11/04/BR20161104_A.html,1034,0.18,NEEDS_SOURCE_DIMENSION,REJECT,NO_COUNT,NEEDS_SOURCE_DIMENSION,0.135813,,,NEEDS_SOURCE_DIMENSION,absolute diameter by drone photogrammetry or diagram scale,MODEL_COMPARISON_ONLY
CC-2017-04-22-WADEN-HILL-WILTS,"Waden Hill, Wilts",https://www.cropcirclecenter.com/ccdata/2017/04/22/UK20170422_A.html,1035,0.18,NEEDS_SOURCE_DIMENSION,REJECT,NO_COUNT,NEEDS_SOURCE_DIMENSION,0.253835,,,NEEDS_SOURCE_DIMENSION,absolute diameter by drone photogrammetry or diagram scale,MODEL_COMPARISON_ONLY
CC-2017-04-24-OLIVER-S-CASTLE-WILTS,"Oliver's Castle, Wilts",https://www.cropcirclecenter.com/ccdata/2017/04/24/UK20170424_A.html,1036,0.18,NEEDS_SOURCE_DIMENSION,NO_RATIO,COUNT_PRESENT_OTHER_FAMILY,NEEDS_SOURCE_DIMENSION,,27,,NEEDS_SOURCE_DIMENSION,absolute diameter by drone photogrammetry or diagram scale,MODEL_COMPARISON_ONLY
CC-2017-05-04-WILLOUGHBY-HEDGE-WILTS,"Willoughby Hedge, Wilts",https://www.cropcirclecenter.com/ccdata/2017/05/04/UK20170504_A.html,1037,0.18,NEEDS_SOURCE_DIMENSION,NO_RATIO,COUNT_PRESENT_OTHER_FAMILY,NEEDS_SOURCE_DIMENSION,,9,,NEEDS_SOURCE_DIMENSION,absolute diameter by drone photogrammetry or diagram scale,MODEL_COMPARISON_ONLY
CC-2017-05-18-HOEVEN-NOORD-BRABANT,Hoeven | Noord Brabant,https://www.cropcirclecenter.com/ccdata/2017/05/18/NL20170518_A.html,1038,0.18,NEEDS_SOURCE_DIMENSION,NO_RATIO,COUNT_PRESENT_OTHER_FAMILY,NEEDS_SOURCE_DIMENSION,,9,,NEEDS_SOURCE_DIMENSION,absolute diameter by drone photogrammetry or diagram scale,MODEL_COMPARISON_ONLY
CC-2017-05-21-STITCHCOMBE-WILTS,"Stitchcombe, Wilts",https://www.cropcirclecenter.com/ccdata/2017/05/21/UK20170521_A.html,1039,0.18,NEEDS_SOURCE_DIMENSION,NO_RATIO,COUNT_PRESENT_OTHER_FAMILY,NEEDS_SOURCE_DIMENSION,,15,,NEEDS_SOURCE_DIMENSION,absolute diameter by drone photogrammetry or diagram scale,MODEL_COMPARISON_ONLY
CC-2017-05-24-MARAZION-CORNWALL,Marazion | Cornwall,https://www.cropcirclecenter.com/ccdata/2017/05/24/UK20170524_A.html,1040,0.18,NEEDS_SOURCE_DIMENSION,NO_RATIO,COUNT_PRESENT_OTHER_FAMILY,NEEDS_SOURCE_DIMENSION,,9,,NEEDS_SOURCE_DIMENSION,absolute diameter by drone photogrammetry or diagram scale,MODEL_COMPARISON_ONLY
CC-2017-05-30-CHICKLADE-WILTS,"Chicklade, Wilts",https://www.cropcirclecenter.com/ccdata/2017/05/30/UK20170530_A.html,1041,0.18,NEEDS_SOURCE_DIMENSION,NO_RATIO,COUNT_PRESENT_OTHER_FAMILY,NEEDS_SOURCE_DIMENSION,,6,,NEEDS_SOURCE_DIMENSION,absolute diameter by drone photogrammetry or diagram scale,MODEL_COMPARISON_ONLY
CC-2017-06-03-AVEBURY-WILTSHIRE,Avebury | Wiltshire,https://www.cropcirclecenter.com/ccdata/2017/06/03/UK20170603_A.html,1042,0.18,NEEDS_SOURCE_DIMENSION,REJECT,NO_COUNT,NEEDS_SOURCE_DIMENSION,0.356617,,,NEEDS_SOURCE_DIMENSION,absolute diameter by drone photogrammetry or diagram scale,MODEL_COMPARISON_ONLY
CC-2017-06-04-ASHWAY-OXFORDSHIRE,Ashway | Oxfordshire,https://www.cropcirclecenter.com/ccdata/2017/06/04/UK20170604_A.html,1043,0.18,NEEDS_SOURCE_DIMENSION,NO_RATIO,COUNT_PRESENT_OTHER_FAMILY,NEEDS_SOURCE_DIMENSION,,12,,NEEDS_SOURCE_DIMENSION,absolute diameter by drone photogrammetry or diagram scale,MODEL_COMPARISON_ONLY
CC-2017-06-16-BADBURY-RINGS-DORSET,"Badbury Rings, Dorset",https://www.cropcirclecenter.com/ccdata/2017/06/16/UK20170616_A.html,1044,0.18,NEEDS_SOURCE_DIMENSION,NO_RATIO,COUNT_PRESENT_OTHER_FAMILY,NEEDS_SOURCE_DIMENSION,,22,,NEEDS_SOURCE_DIMENSION,absolute diameter by drone photogrammetry or diagram scale,MODEL_COMPARISON_ONLY
CC-2017-06-17-CHEESFOOT-HEAD-HAMPSHIRE,Cheesfoot Head | Hampshire,https://www.cropcirclecenter.com/ccdata/2017/06/17/UK20170617_A.html,1045,0.18,NEEDS_SOURCE_DIMENSION,NO_RATIO,COUNT_PRESENT_OTHER_FAMILY,NEEDS_SOURCE_DIMENSION,,9,,NEEDS_SOURCE_DIMENSION,absolute diameter by drone photogrammetry or diagram scale,MODEL_COMPARISON_ONLY
CC-2017-06-18-VIEUX-LIXHEIM-MOSELLE,Vieux Lixheim | Moselle,https://www.cropcirclecenter.com/ccdata/2017/06/18/FR20170618_A.html,1046,0.18,NEEDS_SOURCE_DIMENSION,REJECT,NO_COUNT,NEEDS_SOURCE_DIMENSION,0.291313,,,NEEDS_SOURCE_DIMENSION,absolute diameter by drone photogrammetry or diagram scale,MODEL_COMPARISON_ONLY
CC-2017-07-01-BOREHAM-WOOD-WILTSHIRE,"Boreham Wood, Wiltshire",https://www.cropcirclecenter.com/ccdata/2017/07/01/UK20170701_A.html,1047,0.18,NEEDS_SOURCE_DIMENSION,REJECT,NO_COUNT,NEEDS_SOURCE_DIMENSION,0.213818,,,NEEDS_SOURCE_DIMENSION,absolute diameter by drone photogrammetry or diagram scale,MODEL_COMPARISON_ONLY
CC-2017-07-01-BOREHAM-WOOD-WILTSHIRE-2,Boreham Wood | Wiltshire,https://www.cropcirclecenter.com/ccdata/2017/07/01/UK20170701_B.html,1048,0.18,NEEDS_SOURCE_DIMENSION,REJECT,NO_COUNT,NEEDS_SOURCE_DIMENSION,0.058461,,,NEEDS_SOURCE_DIMENSION,absolute diameter by drone photogrammetry or diagram scale,MODEL_COMPARISON_ONLY
CC-2017-07-03-UNKNOWN-NOORD-BRABANT,unknown | Noord-Brabant,https://www.cropcirclecenter.com/ccdata/2017/07/03/NL20170703_A.html,1049,0.18,NEEDS_SOURCE_DIMENSION,NO_RATIO,COUNT_PRESENT_OTHER_FAMILY,NEEDS_SOURCE_DIMENSION,,10,,NEEDS_SOURCE_DIMENSION,absolute diameter by drone photogrammetry or diagram scale,MODEL_COMPARISON_ONLY
CC-2017-07-18-CLEY-HILL-WILTSHIRE,"Cley Hill, Wiltshire",https://www.cropcirclecenter.com/ccdata/2017/07/18/UK20170718_A.html,1050,0.18,NEEDS_SOURCE_DIMENSION,NO_RATIO,COUNT_PRESENT_OTHER_FAMILY,NEEDS_SOURCE_DIMENSION,,12,,NEEDS_SOURCE_DIMENSION,absolute diameter by drone photogrammetry or diagram scale,MODEL_COMPARISON_ONLY
CC-2017-07-19-ATHERINGTON-W-SUSSEX,"Atherington, W. Sussex",https://www.cropcirclecenter.com/ccdata/2017/07/19/UK20170719_A.html,1051,0.18,NEEDS_SOURCE_DIMENSION,NO_RATIO,COUNT_PRESENT_OTHER_FAMILY,NEEDS_SOURCE_DIMENSION,,20,,NEEDS_SOURCE_DIMENSION,absolute diameter by drone photogrammetry or diagram scale,MODEL_COMPARISON_ONLY
CC-2017-07-29-BIALYSTOK,Bialystok,https://www.cropcirclecenter.com/ccdata/2017/07/29/PL20170729_A.html,1052,0.18,NEEDS_SOURCE_DIMENSION,REJECT,NO_COUNT,NEEDS_SOURCE_DIMENSION,0.287023,,,NEEDS_SOURCE_DIMENSION,absolute diameter by drone photogrammetry or diagram scale,MODEL_COMPARISON_ONLY
CC-2017-08-04-HIGHWORTH-WILTSHIRE,Highworth | Wiltshire,https://www.cropcirclecenter.com/ccdata/2017/08/04/UK20170804_A.html,1053,0.18,NEEDS_SOURCE_DIMENSION,REJECT,NO_COUNT,NEEDS_SOURCE_DIMENSION,0.867178,,,NEEDS_SOURCE_DIMENSION,absolute diameter by drone photogrammetry or diagram scale,MODEL_COMPARISON_ONLY
CC-2017-09-09-BOOSCHENHOOFD-NOORD-BRABANT,Booschenhoofd | Noord Brabant,https://www.cropcirclecenter.com/ccdata/2017/09/09/NL20170909_A.html,1054,0.18,NEEDS_SOURCE_DIMENSION,NO_RATIO,COUNT_PRESENT_OTHER_FAMILY,NEEDS_SOURCE_DIMENSION,,9,,NEEDS_SOURCE_DIMENSION,absolute diameter by drone photogrammetry or diagram scale,MODEL_COMPARISON_ONLY
CC-2017-09-24-BOOSCHENHOOFD-NOORD-BRABANT,Booschenhoofd | Noord Brabant,https://www.cropcirclecenter.com/ccdata/2017/09/24/NL20170924_A.html,1055,0.18,NEEDS_SOURCE_DIMENSION,NO_RATIO,COUNT_PRESENT_OTHER_FAMILY,NEEDS_SOURCE_DIMENSION,,14,,NEEDS_SOURCE_DIMENSION,absolute diameter by drone photogrammetry or diagram scale,MODEL_COMPARISON_ONLY
CC-2017-10-18-IPUA-U-SANTA-CATARINA,Ipuaçu | Santa Catarina,https://www.cropcirclecenter.com/ccdata/2017/10/18/BR20171018_A.html,1056,0.18,NEEDS_SOURCE_DIMENSION,REJECT,NO_COUNT,NEEDS_SOURCE_DIMENSION,0.930574,,,NEEDS_SOURCE_DIMENSION,absolute diameter by drone photogrammetry or diagram scale,MODEL_COMPARISON_ONLY
CC-2018-05-16-BOSSCHENHOOFD-NOORD-BRABANT,Bosschenhoofd | Noord Brabant,https://www.cropcirclecenter.com/ccdata/2018/05/16/NL20180516_A.html,1057,0.18,NEEDS_SOURCE_DIMENSION,NO_RATIO,COUNT_PRESENT_OTHER_FAMILY,NEEDS_SOURCE_DIMENSION,,6,,NEEDS_SOURCE_DIMENSION,absolute diameter by drone photogrammetry or diagram scale,MODEL_COMPARISON_ONLY
CC-2018-06-02-WHITE-WAY-GLOUCESTERSHIRE,White Way | Gloucestershire,https://www.cropcirclecenter.com/ccdata/2018/06/02/UK20180602_A.html,1058,0.18,NEEDS_SOURCE_DIMENSION,REJECT,NO_COUNT,NEEDS_SOURCE_DIMENSION,0.25953,,,NEEDS_SOURCE_DIMENSION,absolute diameter by drone photogrammetry or diagram scale,MODEL_COMPARISON_ONLY
CC-2018-06-03-BISHOP-S-CANNINGS-DOWN-WILTSHIRE,Bishop's Cannings Down | Wiltshire,https://www.cropcirclecenter.com/ccdata/2018/06/03/UK20180603_A.html,1059,0.18,NEEDS_SOURCE_DIMENSION,REJECT,NO_COUNT,NEEDS_SOURCE_DIMENSION,0.087729,,,NEEDS_SOURCE_DIMENSION,absolute diameter by drone photogrammetry or diagram scale,MODEL_COMPARISON_ONLY
CC-2018-06-09-HOEVEN-NOORD-BRABANT,Hoeven | Noord Brabant,https://www.cropcirclecenter.com/ccdata/2018/06/09/NL20180609_A.html,1060,0.18,NEEDS_SOURCE_DIMENSION,NO_RATIO,COUNT_PRESENT_OTHER_FAMILY,NEEDS_SOURCE_DIMENSION,,10,,NEEDS_SOURCE_DIMENSION,absolute diameter by drone photogrammetry or diagram scale,MODEL_COMPARISON_ONLY
CC-2018-06-17-HOEVEN,Hoeven,https://www.cropcirclecenter.com/ccdata/2018/06/17/NL20180617_A.html,1061,0.18,NEEDS_SOURCE_DIMENSION,NO_RATIO,COUNT_PRESENT_OTHER_FAMILY,NEEDS_SOURCE_DIMENSION,,9,,NEEDS_SOURCE_DIMENSION,absolute diameter by drone photogrammetry or diagram scale,MODEL_COMPARISON_ONLY
CC-2018-06-20-DEVIL-S-DEN-WILTS,"Devil's Den, Wilts",https://www.cropcirclecenter.com/ccdata/2018/06/20/UK20180620_A.html,1062,0.18,NEEDS_SOURCE_DIMENSION,REJECT,NO_COUNT,NEEDS_SOURCE_DIMENSION,0.153285,,,NEEDS_SOURCE_DIMENSION,absolute diameter by drone photogrammetry or diagram scale,MODEL_COMPARISON_ONLY
CC-2018-07-01-ALTON-HAMPSHIRE,Alton | Hampshire,https://www.cropcirclecenter.com/ccdata/2018/07/01/UK20180701_A.html,1063,0.18,NEEDS_SOURCE_DIMENSION,REJECT,NO_COUNT,NEEDS_SOURCE_DIMENSION,0.094619,,,NEEDS_SOURCE_DIMENSION,absolute diameter by drone photogrammetry or diagram scale,MODEL_COMPARISON_ONLY
CC-2018-07-05-BIERBEEK-FLEMISH-BRABANT,Bierbeek | Flemish Brabant,https://www.cropcirclecenter.com/ccdata/2018/07/05/BE20180705_A.html,1064,0.18,NEEDS_SOURCE_DIMENSION,REJECT,NO_COUNT,NEEDS_SOURCE_DIMENSION,0.053089,,,NEEDS_SOURCE_DIMENSION,absolute diameter by drone photogrammetry or diagram scale,MODEL_COMPARISON_ONLY
CC-2018-07-06-MARTINSELL-HILL-WILTSHIRE-2,Martinsell Hill | Wiltshire,https://www.cropcirclecenter.com/ccdata/2018/07/06/UK20180706_B.html,1065,0.18,NEEDS_SOURCE_DIMENSION,REJECT,NO_COUNT,NEEDS_SOURCE_DIMENSION,0.038025,,,NEEDS_SOURCE_DIMENSION,absolute diameter by drone photogrammetry or diagram scale,MODEL_COMPARISON_ONLY
CC-2018-07-10-LONGWOOD-WARREN-HANTS,"Longwood Warren, Hants",https://www.cropcirclecenter.com/ccdata/2018/07/10/UK20180710_A.html,1066,0.18,NEEDS_SOURCE_DIMENSION,REJECT,NO_COUNT,NEEDS_SOURCE_DIMENSION,0.216309,,,NEEDS_SOURCE_DIMENSION,absolute diameter by drone photogrammetry or diagram scale,MODEL_COMPARISON_ONLY
CC-2018-07-14-DYFFRYN,Dyffryn,https://www.cropcirclecenter.com/ccdata/2018/07/14/UK20180714_A.html,1067,0.18,NEEDS_SOURCE_DIMENSION,REJECT,NO_COUNT,NEEDS_SOURCE_DIMENSION,0.317395,,,NEEDS_SOURCE_DIMENSION,absolute diameter by drone photogrammetry or diagram scale,MODEL_COMPARISON_ONLY
CC-2018-07-21-CLIFFORD,Clifford,https://www.cropcirclecenter.com/ccdata/2018/07/21/UK20180721_A.html,1068,0.18,NEEDS_SOURCE_DIMENSION,REJECT,NO_COUNT,NEEDS_SOURCE_DIMENSION,0.100659,,,NEEDS_SOURCE_DIMENSION,absolute diameter by drone photogrammetry or diagram scale,MODEL_COMPARISON_ONLY
CC-2018-07-23-GURSTON-ASHES,Gurston Ashes,https://www.cropcirclecenter.com/ccdata/2018/07/23/UK20180723_A.html,1069,0.18,NEEDS_SOURCE_DIMENSION,REJECT,NO_COUNT,NEEDS_SOURCE_DIMENSION,0.112134,,,NEEDS_SOURCE_DIMENSION,absolute diameter by drone photogrammetry or diagram scale,MODEL_COMPARISON_ONLY
CC-2018-07-27-WYKE-LANE,Wyke Lane,https://www.cropcirclecenter.com/ccdata/2018/07/27/UK20180727_A.html,1070,0.18,NEEDS_SOURCE_DIMENSION,REJECT,NO_COUNT,NEEDS_SOURCE_DIMENSION,0.146595,,,NEEDS_SOURCE_DIMENSION,absolute diameter by drone photogrammetry or diagram scale,MODEL_COMPARISON_ONLY
CC-2018-08-14-NORRIDGE-WOOD,Norridge Wood,https://www.cropcirclecenter.com/ccdata/2018/08/14/UK20180814_A.html,1071,0.18,NEEDS_SOURCE_DIMENSION,REJECT,NO_COUNT,NEEDS_SOURCE_DIMENSION,0.130721,,,NEEDS_SOURCE_DIMENSION,absolute diameter by drone photogrammetry or diagram scale,MODEL_COMPARISON_ONLY
CC-2019-02-01-BOSSCHENHOOFD-NOORD-BRABANT,Bosschenhoofd | Noord Brabant,https://www.cropcirclecenter.com/ccdata/2019/02/01/NL20190201_A.html,1072,0.18,NEEDS_SOURCE_DIMENSION,NO_RATIO,COUNT_PRESENT_OTHER_FAMILY,NEEDS_SOURCE_DIMENSION,,12,,NEEDS_SOURCE_DIMENSION,absolute diameter by drone photogrammetry or diagram scale,MODEL_COMPARISON_ONLY
CC-2019-02-02-ROUNDWAY-HILL-WILTSHIRE,Roundway Hill | Wiltshire,https://www.cropcirclecenter.com/ccdata/2019/02/02/UK20190202_A.html,1073,0.18,NEEDS_SOURCE_DIMENSION,NO_RATIO,COUNT_PRESENT_OTHER_FAMILY,NEEDS_SOURCE_DIMENSION,,44,,NEEDS_SOURCE_DIMENSION,absolute diameter by drone photogrammetry or diagram scale,MODEL_COMPARISON_ONLY
CC-2019-04-17-SINT-WILLERBRORD-NORD-BRABANT,Sint Willerbrord | Nord Brabant,https://www.cropcirclecenter.com/ccdata/2019/04/17/NL20190417_A.html,1074,0.18,NEEDS_SOURCE_DIMENSION,NO_RATIO,COUNT_PRESENT_OTHER_FAMILY,NEEDS_SOURCE_DIMENSION,,10,,NEEDS_SOURCE_DIMENSION,absolute diameter by drone photogrammetry or diagram scale,MODEL_COMPARISON_ONLY
CC-2019-05-22-NORRIDGE-WOOD-WILTSHIRE,Norridge Wood | Wiltshire,https://www.cropcirclecenter.com/ccdata/2019/05/22/UK20190522_A.html,1075,0.18,NEEDS_SOURCE_DIMENSION,REJECT,NO_COUNT,NEEDS_SOURCE_DIMENSION,0.191907,,,NEEDS_SOURCE_DIMENSION,absolute diameter by drone photogrammetry or diagram scale,MODEL_COMPARISON_ONLY
CC-2019-06-26-BOSSCHENHOOFD-NOORD-BRABANT,Bosschenhoofd | Noord Brabant,https://www.cropcirclecenter.com/ccdata/2019/06/26/NL20190626_A.html,1076,0.18,NEEDS_SOURCE_DIMENSION,NO_RATIO,COUNT_PRESENT_OTHER_FAMILY,NEEDS_SOURCE_DIMENSION,,15,,NEEDS_SOURCE_DIMENSION,absolute diameter by drone photogrammetry or diagram scale,MODEL_COMPARISON_ONLY
CC-2019-06-29-BISHOPS-SUTTON-HANTS,"Bishops Sutton, Hants",https://www.cropcirclecenter.com/ccdata/2019/06/29/UK20190629_A.html,1077,0.18,NEEDS_SOURCE_DIMENSION,REJECT,NO_COUNT,NEEDS_SOURCE_DIMENSION,0.338469,,,NEEDS_SOURCE_DIMENSION,absolute diameter by drone photogrammetry or diagram scale,MODEL_COMPARISON_ONLY
CC-2019-06-29-SAULX-MARCHAIS,Saulx-Marchais,https://www.cropcirclecenter.com/ccdata/2019/06/29/FR20190629_A.html,1078,0.18,NEEDS_SOURCE_DIMENSION,NO_RATIO,COUNT_PRESENT_OTHER_FAMILY,NEEDS_SOURCE_DIMENSION,,10,,NEEDS_SOURCE_DIMENSION,absolute diameter by drone photogrammetry or diagram scale,MODEL_COMPARISON_ONLY
CC-2019-06-30-POIRINO,Poirino,https://www.cropcirclecenter.com/ccdata/2019/06/30/IT20190630_A.html,1079,0.18,NEEDS_SOURCE_DIMENSION,REJECT,NO_COUNT,NEEDS_SOURCE_DIMENSION,0.126412,,,NEEDS_SOURCE_DIMENSION,absolute diameter by drone photogrammetry or diagram scale,MODEL_COMPARISON_ONLY
CC-2019-07-01-B-REN-AN-DER-AARE-BERN,Büren an der Aare | Bern,https://www.cropcirclecenter.com/ccdata/2019/07/01/CH20190701_A.html,1080,0.18,NEEDS_SOURCE_DIMENSION,NO_RATIO,COUNT_PRESENT_OTHER_FAMILY,NEEDS_SOURCE_DIMENSION,,18,,NEEDS_SOURCE_DIMENSION,absolute diameter by drone photogrammetry or diagram scale,MODEL_COMPARISON_ONLY
CC-2019-07-05-B-EZINA,Březina,https://www.cropcirclecenter.com/ccdata/2019/07/05/CZ20190705_A.html,1081,0.18,NEEDS_SOURCE_DIMENSION,NO_RATIO,COUNT_PRESENT_OTHER_FAMILY,NEEDS_SOURCE_DIMENSION,,10,,NEEDS_SOURCE_DIMENSION,absolute diameter by drone photogrammetry or diagram scale,MODEL_COMPARISON_ONLY
CC-2019-07-16-TICHBORNE,Tichborne,https://www.cropcirclecenter.com/ccdata/2019/07/16/UK20190716_A.html,1082,0.18,NEEDS_SOURCE_DIMENSION,REJECT,NO_COUNT,NEEDS_SOURCE_DIMENSION,0.876574,,,NEEDS_SOURCE_DIMENSION,absolute diameter by drone photogrammetry or diagram scale,MODEL_COMPARISON_ONLY
CC-2019-07-23-PEPPERBOX-HILL-WILTS,"Pepperbox Hill, Wilts",https://www.cropcirclecenter.com/ccdata/2019/07/23/UK20190723_A.html,1083,0.18,NEEDS_SOURCE_DIMENSION,NO_RATIO,COUNT_PRESENT_OTHER_FAMILY,NEEDS_SOURCE_DIMENSION,,6,,NEEDS_SOURCE_DIMENSION,absolute diameter by drone photogrammetry or diagram scale,MODEL_COMPARISON_ONLY
CC-2019-07-28-CLEY-HILL-2,Cley Hill,https://www.cropcirclecenter.com/ccdata/2019/07/28/UK20190728_B.html,1084,0.18,NEEDS_SOURCE_DIMENSION,REJECT,NO_COUNT,NEEDS_SOURCE_DIMENSION,0.314312,,,NEEDS_SOURCE_DIMENSION,absolute diameter by drone photogrammetry or diagram scale,MODEL_COMPARISON_ONLY
CC-2019-08-04-TUFTON-HANTS,"Tufton, Hants",https://www.cropcirclecenter.com/ccdata/2019/08/04/UK20190804_A.html,1085,0.18,NEEDS_SOURCE_DIMENSION,NO_RATIO,COUNT_PRESENT_OTHER_FAMILY,NEEDS_SOURCE_DIMENSION,,18,,NEEDS_SOURCE_DIMENSION,absolute diameter by drone photogrammetry or diagram scale,MODEL_COMPARISON_ONLY
CC-2019-08-18-UFFINGTON,Uffington,https://www.cropcirclecenter.com/ccdata/2019/08/18/UK20190818_A.html,1086,0.18,NEEDS_SOURCE_DIMENSION,NO_RATIO,COUNT_PRESENT_OTHER_FAMILY,NEEDS_SOURCE_DIMENSION,,28,,NEEDS_SOURCE_DIMENSION,absolute diameter by drone photogrammetry or diagram scale,MODEL_COMPARISON_ONLY
CC-2019-08-20-ETCHILHAMPTON-WILTS,"Etchilhampton, Wilts",https://www.cropcirclecenter.com/ccdata/2019/08/20/UK20190820_A.html,1087,0.18,NEEDS_SOURCE_DIMENSION,REJECT,NO_COUNT,NEEDS_SOURCE_DIMENSION,0.156435,,,NEEDS_SOURCE_DIMENSION,absolute diameter by drone photogrammetry or diagram scale,MODEL_COMPARISON_ONLY
CC-2019-08-24-STANTON-ST-BERNARD-WILTS,"Stanton St. Bernard, Wilts",https://www.cropcirclecenter.com/ccdata/2019/08/24/UK20190824_A.html,1088,0.18,NEEDS_SOURCE_DIMENSION,REJECT,NO_COUNT,NEEDS_SOURCE_DIMENSION,0.10671,,,NEEDS_SOURCE_DIMENSION,absolute diameter by drone photogrammetry or diagram scale,MODEL_COMPARISON_ONLY
UK-2011-07-13-STONEHENGE,Stonehenge,https://temporarytemples.co.uk/crop-circles/2011-crop-circles,1089,0.175,CROP_REJECTED_WITH_REASON,NO_RATIO,NO_COUNT,FIELD_188M_REJECT,,,60.96,FIELD_188M_REJECT,inner ring diameter to fix the inner/outer ratio,MODEL_COMPARISON_ONLY
