formation_id,name,date_reported,location,source_url,satellite_count,inner_outer_ratio,outer_diameter_m,inner_diameter_m,raw_measurement_text,provenance
CC-1978-07-01-HEADBOURNE-WORTHY-HAMPSHIRE,Headbourne Worthy | Hampshire,1978-07-01,Headbourne Worthy | Hampshire,https://www.cropcirclecenter.com/ccdata/1978/07/01/UK19780701_A.html,4,,,,absolute dimensions unavailable; calculate scale-free ratios from imagery,COOKBOOK_EXTRACTED_ALL_IMAGES
CC-1984-07-07-CRADLE-HILL-SEAFORD-ALFRESTON-WEST-SUSSEX-REPORTED-7TH-,"Cradle Hill, Seaford, Alfreston, West Sussex, Reported 7th July",1984-07-07,"Cradle Hill, Seaford, Alfreston, West Sussex, Reported 7th July",https://www.cropcirclearchives.co.uk/archives/1984/CradleHill84.html,7,,,,absolute dimensions unavailable; calculate scale-free ratios from imagery,COOKBOOK_EXTRACTED_ALL_IMAGES
CC-1989-06-30-SILBURY-HILL-AVEBURY-WILTSHIRE,"Silbury Hill, Avebury, Wiltshire",1989-06-30,"Silbury Hill, Avebury, Wiltshire",https://www.cropcirclearchives.co.uk/archives/1989/Beckhampton89.html,6,,,,absolute dimensions unavailable; calculate scale-free ratios from imagery,COOKBOOK_EXTRACTED_ALL_IMAGES
CC-1991-06-19-THE-1ST-INSECTOGRAM-AT-CHEESEFOOT-HEAD-WINCHESTER-HAMPS,"The 1st Insectogram at Cheesefoot Head, Winchester, Hampshire. Formed Mid June 1991",1991-06-19,"The 1st Insectogram at Cheesefoot Head, Winchester, Hampshire. Formed Mid June 1991",https://www.cropcirclearchives.co.uk/archives/1991/cheese1991b.html,8,,,,absolute dimensions unavailable; calculate scale-free ratios from imagery,COOKBOOK_EXTRACTED_ALL_IMAGES
CC-1991-06-30-NEWTON-ST-LOE-BATH-AVON-FORMED-30TH-JUNE,"Newton St Loe, Bath, Avon. Formed 30th June",1991-06-30,"Newton St Loe, Bath, Avon. Formed 30th June",https://www.cropcirclearchives.co.uk/archives/1991/newton.html,7,,,,absolute dimensions unavailable; calculate scale-free ratios from imagery,COOKBOOK_EXTRACTED_ALL_IMAGES
CC-1991-UNKNOWN-AVEBURY-TRUSLOE-AVEBURY-WILTSHIRE,"Avebury Trusloe, Avebury, Wiltshire",1991-unknown,"Avebury Trusloe, Avebury, Wiltshire",https://www.cropcirclearchives.co.uk/archives/1991/beck91.html,8,,,,absolute dimensions unavailable; calculate scale-free ratios from imagery,COOKBOOK_EXTRACTED_ALL_IMAGES
CC-1991-UNKNOWN-LITCHFIELD-NEWBURY-HAMPSHIRE-FORMED-LATE-JUNE,"Litchfield, Newbury, Hampshire. Formed Late June",1991-unknown,"Litchfield, Newbury, Hampshire. Formed Late June",https://www.cropcirclearchives.co.uk/archives/1991/firs2d.html,22,,,,absolute dimensions unavailable; calculate scale-free ratios from imagery,COOKBOOK_EXTRACTED_ALL_IMAGES
CC-1992-06-19-BRIGHTON-SUSSEX,"Brighton, Sussex",1992-06-19,"Brighton, Sussex",https://www.cropcirclearchives.co.uk/archives/1992/Brighton1992b.html,8,,,,absolute dimensions unavailable; calculate scale-free ratios from imagery,COOKBOOK_EXTRACTED_ALL_IMAGES
CC-1992-06-22-NORRIDGE-COMMON-WARMINSTER-WILTSHIRE-FORMED-22ND-JUNE,"Norridge Common, Warminster, Wiltshire. Formed 22nd June",1992-06-22,"Norridge Common, Warminster, Wiltshire. Formed 22nd June",https://www.cropcirclearchives.co.uk/archives/1992/scud92.html,25,,,,absolute dimensions unavailable; calculate scale-free ratios from imagery,COOKBOOK_EXTRACTED_ALL_IMAGES
CC-1992-UNKNOWN-AVEBURY-TRUSLOE-BECKHAMPTON-WILTSHIRE-FORMED-20TH-MAY-1,"Avebury Trusloe, Beckhampton, Wiltshire. Formed 20th May 1992",1992-unknown,"Avebury Trusloe, Beckhampton, Wiltshire. Formed 20th May 1992",https://www.cropcirclearchives.co.uk/archives/1992/cherhill1992a.html,15,,,,absolute dimensions unavailable; calculate scale-free ratios from imagery,COOKBOOK_EXTRACTED_ALL_IMAGES
CC-1993-06-24-SOMPTING-BRIGHTON-SUSSEX-FORMED-24TH-JUNE,"Sompting, Brighton, Sussex.Formed 24th June",1993-06-24,"Sompting, Brighton, Sussex.Formed 24th June",https://www.cropcirclearchives.co.uk/archives/1993/somptingb93.html,5,,,,absolute dimensions unavailable; calculate scale-free ratios from imagery,COOKBOOK_EXTRACTED_ALL_IMAGES
CC-1993-06-29-GOODWORTH-CLATFORD-ANDOVER-HAMPSHIRE-FORMED-29TH-JUNE,"Goodworth Clatford, Andover, Hampshire. Formed 29th June",1993-06-29,"Goodworth Clatford, Andover, Hampshire. Formed 29th June",https://www.cropcirclearchives.co.uk/archives/1993/danbury93.html,48,,,,absolute dimensions unavailable; calculate scale-free ratios from imagery,COOKBOOK_EXTRACTED_ALL_IMAGES
CC-1994-05-25-SILBURY-HILL-AVEBURY-WILTSHIRE,"Silbury Hill, Avebury, Wiltshire",1994-05-25,"Silbury Hill, Avebury, Wiltshire",https://www.cropcirclearchives.co.uk/archives/1994/silbury94.html,9,,,,absolute dimensions unavailable; calculate scale-free ratios from imagery,COOKBOOK_EXTRACTED_ALL_IMAGES
CC-1994-UNKNOWN-SANCTUARY-AVEBURY-WILTS-FORMED-EARLY-MAY,"Sanctuary, Avebury, Wilts. Formed early May",1994-unknown,"Sanctuary, Avebury, Wilts. Formed early May",https://www.cropcirclearchives.co.uk/archives/1994/sanctuaryB94.html,7,,,,absolute dimensions unavailable; calculate scale-free ratios from imagery,COOKBOOK_EXTRACTED_ALL_IMAGES
CC-1996-06-04-DENTON-CUDDESDON-OXFORDSHIRE-REPORTED-4TH-JUNE,"Denton, Cuddesdon, Oxfordshire reported 4th June",1996-06-04,"Denton, Cuddesdon, Oxfordshire reported 4th June",https://www.cropcirclearchives.co.uk/archives/1996/denton96.html,18,,,,absolute dimensions unavailable; calculate scale-free ratios from imagery,COOKBOOK_EXTRACTED_ALL_IMAGES
CC-1998-08-06-OLD-SARUM-SAILSBURY-WILTSHIRE,"Old Sarum, Sailsbury, Wiltshire",1998-08-06,"Old Sarum, Sailsbury, Wiltshire",https://www.cropcirclearchives.co.uk/archives/1998/oldsarum.html,25,,,,absolute dimensions unavailable; calculate scale-free ratios from imagery,COOKBOOK_EXTRACTED_ALL_IMAGES
CC-1998-09-17-WOOD-LANE-ESTATE-ROTHWELL-LEEDS-YORKSHIRE,"Wood Lane Estate, Rothwell, Leeds. Yorkshire",1998-09-17,"Wood Lane Estate, Rothwell, Leeds. Yorkshire",https://www.cropcirclearchives.co.uk/archives/1998/rothwell98.html,46,,,,absolute dimensions unavailable; calculate scale-free ratios from imagery,COOKBOOK_EXTRACTED_ALL_IMAGES
CC-2005-04-17-BOURNEMOUTH-HAMPSHIRE,Bournemouth | Hampshire,2005-04-17,Bournemouth | Hampshire,https://www.cropcirclecenter.com/ccdata/2005/04/17/UK20050417_A.html,19,,,,absolute dimensions unavailable; calculate scale-free ratios from imagery,COOKBOOK_EXTRACTED_ALL_IMAGES
CC-2005-04-19-DONCASTER-YORKSHIRE,Doncaster | Yorkshire,2005-04-19,Doncaster | Yorkshire,https://www.cropcirclecenter.com/ccdata/2005/04/19/UK20050419_A.html,13,,,,absolute dimensions unavailable; calculate scale-free ratios from imagery,COOKBOOK_EXTRACTED_ALL_IMAGES
CC-2005-04-21-GOTHAM-OXFORDSHIRE,Gotham | Oxfordshire,2005-04-21,Gotham | Oxfordshire,https://www.cropcirclecenter.com/ccdata/2005/04/21/UK20050421_A.html,31,,,,absolute dimensions unavailable; calculate scale-free ratios from imagery,COOKBOOK_EXTRACTED_ALL_IMAGES
CC-2005-04-26-KANSAS-CITY-MISSOURI,Kansas City | Missouri,2005-04-26,Kansas City | Missouri,https://www.cropcirclecenter.com/ccdata/2005/04/26/US20050426_A.html,18,,,,absolute dimensions unavailable; calculate scale-free ratios from imagery,COOKBOOK_EXTRACTED_ALL_IMAGES
CC-2005-04-28-LIMASSOL-LIMASSOL,Limassol | Limassol,2005-04-28,Limassol | Limassol,https://www.cropcirclecenter.com/ccdata/2005/04/28/CY20050428_A.html,3,,,,absolute dimensions unavailable; calculate scale-free ratios from imagery,COOKBOOK_EXTRACTED_ALL_IMAGES
CC-2005-05-01-ALTON-BARNES-WILTSHIRE,Alton Barnes | Wiltshire,2005-05-01,Alton Barnes | Wiltshire,https://www.cropcirclecenter.com/ccdata/2005/05/01/UK20050501_A.html,21,,,,absolute dimensions unavailable; calculate scale-free ratios from imagery,COOKBOOK_EXTRACTED_ALL_IMAGES
CC-2005-05-03-GARSINGTON-OXFORDSHIRE,Garsington | Oxfordshire,2005-05-03,Garsington | Oxfordshire,https://www.cropcirclecenter.com/ccdata/2005/05/03/UK20050503_A.html,41,,,,absolute dimensions unavailable; calculate scale-free ratios from imagery,COOKBOOK_EXTRACTED_ALL_IMAGES
CC-2005-05-09-BISHOP-SUTTON-HAMPSHIRE,Bishop Sutton | Hampshire,2005-05-09,Bishop Sutton | Hampshire,https://www.cropcirclecenter.com/ccdata/2005/05/09/UK20050509_A.html,,0.751479,,,absolute dimensions unavailable; calculate scale-free ratios from imagery,COOKBOOK_EXTRACTED_ALL_IMAGES
CC-2005-05-10-CHERHILL-WILTSHIRE,Cherhill | Wiltshire,2005-05-10,Cherhill | Wiltshire,https://www.cropcirclecenter.com/ccdata/2005/05/10/UK20050510_A.html,,0.146667,,,absolute dimensions unavailable; calculate scale-free ratios from imagery,COOKBOOK_EXTRACTED_ALL_IMAGES
CC-2005-05-22-DOETINCHEM-GELDERLAND,Doetinchem | Gelderland,2005-05-22,Doetinchem | Gelderland,https://www.cropcirclecenter.com/ccdata/2005/05/22/NL20050522_A.html,,0.954286,,,absolute dimensions unavailable; calculate scale-free ratios from imagery,COOKBOOK_EXTRACTED_ALL_IMAGES
CC-2005-05-28-GARSINGTON-OXFORDSHIRE,Garsington | Oxfordshire,2005-05-28,Garsington | Oxfordshire,https://www.cropcirclecenter.com/ccdata/2005/05/28/UK20050528_A.html,4,,,,absolute dimensions unavailable; calculate scale-free ratios from imagery,COOKBOOK_EXTRACTED_ALL_IMAGES
CC-2005-06-03-FARNBOROUGH-BERKSHIRE,Farnborough | Berkshire,2005-06-03,Farnborough | Berkshire,https://www.cropcirclecenter.com/ccdata/2005/06/33/UK20050633_A.html,,0.874286,,,absolute dimensions unavailable; calculate scale-free ratios from imagery,COOKBOOK_EXTRACTED_ALL_IMAGES
CC-2005-06-11-MILK-HILL-WILTSHIRE-2,Milk Hill | Wiltshire,2005-06-11,Milk Hill | Wiltshire,https://www.cropcirclecenter.com/ccdata/2005/06/11/UK20050611_B.html,5,,,,absolute dimensions unavailable; calculate scale-free ratios from imagery,COOKBOOK_EXTRACTED_ALL_IMAGES
CC-2005-06-20-SHREWTON-WILTSHIRE-2,Shrewton | Wiltshire,2005-06-20,Shrewton | Wiltshire,https://www.cropcirclecenter.com/ccdata/2005/06/20/UK20050620_B.html,11,0.943662,,,absolute dimensions unavailable; calculate scale-free ratios from imagery,COOKBOOK_EXTRACTED_ALL_IMAGES
CC-2005-06-21-TOOT-BALDON-OXFORDSHIRE,Toot Baldon | Oxfordshire,2005-06-21,Toot Baldon | Oxfordshire,https://www.cropcirclecenter.com/ccdata/2005/06/21/UK20050621_A.html,21,,,,absolute dimensions unavailable; calculate scale-free ratios from imagery,COOKBOOK_EXTRACTED_ALL_IMAGES
CC-2005-06-23-AVEBURY-TRUSLOE-WILTSHIRE,Avebury Trusloe | Wiltshire,2005-06-23,Avebury Trusloe | Wiltshire,https://www.cropcirclecenter.com/ccdata/2005/06/23/UK20050623_A.html,,0.528736,,,absolute dimensions unavailable; calculate scale-free ratios from imagery,COOKBOOK_EXTRACTED_ALL_IMAGES
CC-2005-06-24-TELEGRAPH-HILL-HAMPSHIRE,Telegraph Hill | Hampshire,2005-06-24,Telegraph Hill | Hampshire,https://www.cropcirclecenter.com/ccdata/2005/06/24/UK20050624_A.html,13,0.946309,,,absolute dimensions unavailable; calculate scale-free ratios from imagery,COOKBOOK_EXTRACTED_ALL_IMAGES
CC-2005-06-26-SILBURY-HILL-WILTSHIRE,Silbury Hill | Wiltshire,2005-06-26,Silbury Hill | Wiltshire,https://www.cropcirclecenter.com/ccdata/2005/06/26/UK20050626_A.html,9,0.330882,,,absolute dimensions unavailable; calculate scale-free ratios from imagery,COOKBOOK_EXTRACTED_ALL_IMAGES
CC-2005-06-30-HOEVEN-NOORD-BRABANT,Hoeven | Noord Brabant,2005-06-30,Hoeven | Noord Brabant,https://www.cropcirclecenter.com/ccdata/2005/06/30/NL20050630_A.html,44,,,,absolute dimensions unavailable; calculate scale-free ratios from imagery,COOKBOOK_EXTRACTED_ALL_IMAGES
CC-2005-07-03-ALTON-BARNES-WILTSHIRE,Alton Barnes | Wiltshire,2005-07-03,Alton Barnes | Wiltshire,https://www.cropcirclecenter.com/ccdata/2005/07/03/UK20050703_A.html,,0.92,,,absolute dimensions unavailable; calculate scale-free ratios from imagery,COOKBOOK_EXTRACTED_ALL_IMAGES
CC-2005-07-03-AMERSHAM-BUCKINGHAMSHIRE-2,Amersham | Buckinghamshire,2005-07-03,Amersham | Buckinghamshire,https://www.cropcirclecenter.com/ccdata/2005/07/03/UK20050703_B.html,35,0.885714,,,absolute dimensions unavailable; calculate scale-free ratios from imagery,COOKBOOK_EXTRACTED_ALL_IMAGES
CC-2005-07-03-AYLESBURY-BUCKINGHAMSHIRE,Aylesbury | Buckinghamshire,2005-07-03,Aylesbury | Buckinghamshire,https://www.cropcirclecenter.com/ccdata/2005/07/32/UK20050732_A.html,18,,,,absolute dimensions unavailable; calculate scale-free ratios from imagery,COOKBOOK_EXTRACTED_ALL_IMAGES
CC-2005-07-03-DEVIZES-WILTSHIRE-3,Devizes | Wiltshire,2005-07-03,Devizes | Wiltshire,https://www.cropcirclecenter.com/ccdata/2005/07/03/UK20050703_C.html,7,,,,absolute dimensions unavailable; calculate scale-free ratios from imagery,COOKBOOK_EXTRACTED_ALL_IMAGES
CC-2005-07-06-MEOPHAM-KENT,Meopham | Kent,2005-07-06,Meopham | Kent,https://www.cropcirclecenter.com/ccdata/2005/07/06/UK20050706_A.html,3,0.952381,,,absolute dimensions unavailable; calculate scale-free ratios from imagery,COOKBOOK_EXTRACTED_ALL_IMAGES
CC-2005-07-09-SILBURY-HILL-WILTSHIRE,Silbury Hill | Wiltshire,2005-07-09,Silbury Hill | Wiltshire,https://www.cropcirclecenter.com/ccdata/2005/07/09/UK20050709_A.html,,0.222857,,,absolute dimensions unavailable; calculate scale-free ratios from imagery,COOKBOOK_EXTRACTED_ALL_IMAGES
CC-2005-07-10-LANE-END-DOWN-HAMPSHIRE-3,Lane End Down | Hampshire,2005-07-10,Lane End Down | Hampshire,https://www.cropcirclecenter.com/ccdata/2005/07/10/UK20050710_C.html,,0.631206,,,absolute dimensions unavailable; calculate scale-free ratios from imagery,COOKBOOK_EXTRACTED_ALL_IMAGES
CC-2005-07-15-GARSINGTON-OXFORDSHIRE,Garsington | Oxfordshire,2005-07-15,Garsington | Oxfordshire,https://www.cropcirclecenter.com/ccdata/2005/07/15/UK20050715_A.html,38,,,,absolute dimensions unavailable; calculate scale-free ratios from imagery,COOKBOOK_EXTRACTED_ALL_IMAGES
CC-2005-07-17-BOXLEY-KENT,Boxley | Kent,2005-07-17,Boxley | Kent,https://www.cropcirclearchives.co.uk/archives/2005/Boxley/boxley2005a.html,,0.560811,,,approximately 10 m,COOKBOOK_EXTRACTED_ALL_IMAGES
CC-2005-07-17-DROXFORD-HAMPSHIRE-2,Droxford | Hampshire,2005-07-17,Droxford | Hampshire,https://www.cropcirclecenter.com/ccdata/2005/07/17/UK20050717_B.html,11,,,,absolute dimensions unavailable; calculate scale-free ratios from imagery,COOKBOOK_EXTRACTED_ALL_IMAGES
CC-2005-07-17-VEENENDAAL-UTRECHT,Veenendaal | Utrecht,2005-07-17,Veenendaal | Utrecht,https://www.cropcirclecenter.com/ccdata/2005/07/17/NL20050717_A.html,11,,,,absolute dimensions unavailable; calculate scale-free ratios from imagery,COOKBOOK_EXTRACTED_ALL_IMAGES
CC-2005-07-18-ALTON-BARNES-WILTSHIRE,Alton Barnes | Wiltshire,2005-07-18,Alton Barnes | Wiltshire,https://www.cropcirclecenter.com/ccdata/2005/07/18/UK20050718_A.html,15,,,,absolute dimensions unavailable; calculate scale-free ratios from imagery,COOKBOOK_EXTRACTED_ALL_IMAGES
CC-2005-07-19-SOUTHEND-ON-SEA-ESSEX-2,Southend-on-Sea | Essex,2005-07-19,Southend-on-Sea | Essex,https://www.cropcirclecenter.com/ccdata/2005/07/19/UK20050719_B.html,17,,,,absolute dimensions unavailable; calculate scale-free ratios from imagery,COOKBOOK_EXTRACTED_ALL_IMAGES
CC-2005-07-20-KINGS-WORTHY-HAMPSHIRE,Kings Worthy | Hampshire,2005-07-20,Kings Worthy | Hampshire,https://www.cropcirclecenter.com/ccdata/2005/07/20/UK20050720_A.html,4,0.691176,,,absolute dimensions unavailable; calculate scale-free ratios from imagery,COOKBOOK_EXTRACTED_ALL_IMAGES
CC-2005-07-24-ALDBOURNE-WILTSHIRE-2,Aldbourne | Wiltshire,2005-07-24,Aldbourne | Wiltshire,https://www.cropcirclecenter.com/ccdata/2005/07/24/UK20050724_B.html,,0.502857,,,absolute dimensions unavailable; calculate scale-free ratios from imagery,COOKBOOK_EXTRACTED_ALL_IMAGES
CC-2005-07-24-AVEBURY-WILTSHIRE-3,Avebury | Wiltshire,2005-07-24,Avebury | Wiltshire,https://www.cropcirclecenter.com/ccdata/2005/07/24/UK20050724_C.html,,0.474286,,,absolute dimensions unavailable; calculate scale-free ratios from imagery,COOKBOOK_EXTRACTED_ALL_IMAGES
CC-2005-07-24-EAST-KENNETT-WILTSHIRE,East Kennett | Wiltshire,2005-07-24,East Kennett | Wiltshire,https://www.cropcirclecenter.com/ccdata/2005/07/24/UK20050724_D.html,,0.611429,,,absolute dimensions unavailable; calculate scale-free ratios from imagery,COOKBOOK_EXTRACTED_ALL_IMAGES
CC-2005-07-26-HOUNDEAN-BOTTOM-EAST-SUSSEX,Houndean Bottom | East Sussex,2005-07-26,Houndean Bottom | East Sussex,https://www.cropcirclecenter.com/ccdata/2005/07/26/UK20050726_A.html,5,,,,absolute dimensions unavailable; calculate scale-free ratios from imagery,COOKBOOK_EXTRACTED_ALL_IMAGES
CC-2005-08-03-SAVERNAKE-FOREST-WILTSHIRE-2,Savernake Forest | Wiltshire,2005-08-03,Savernake Forest | Wiltshire,https://www.cropcirclecenter.com/ccdata/2005/08/03/UK20050803_B.html,16,0.946667,,,absolute dimensions unavailable; calculate scale-free ratios from imagery,COOKBOOK_EXTRACTED_ALL_IMAGES
CC-2005-08-07-SHELBOURNE-WILTSHIRE,Shelbourne | Wiltshire,2005-08-07,Shelbourne | Wiltshire,https://www.cropcirclecenter.com/ccdata/2005/08/07/UK20050807_A.html,,0.302857,,,absolute dimensions unavailable; calculate scale-free ratios from imagery,COOKBOOK_EXTRACTED_ALL_IMAGES
CC-2005-08-09-WAYLAND-S-SMITHY-OXFORDSHIRE-3,Wayland's Smithy | Oxfordshire,2005-08-09,Wayland's Smithy | Oxfordshire,https://www.cropcirclecenter.com/ccdata/2005/08/09/UK20050809_C.html,,0.942857,,,absolute dimensions unavailable; calculate scale-free ratios from imagery,COOKBOOK_EXTRACTED_ALL_IMAGES
CC-2005-08-11-TAWESMEAD-COPSE-WILTSHIRE,Tawesmead Copse | Wiltshire,2005-08-11,Tawesmead Copse | Wiltshire,https://www.cropcirclecenter.com/ccdata/2005/08/11/UK20050811_A.html,12,0.930636,,,absolute dimensions unavailable; calculate scale-free ratios from imagery,COOKBOOK_EXTRACTED_ALL_IMAGES
CC-2005-08-13-UFFINGTON-OXFORDSHIRE,Uffington | Oxfordshire,2005-08-13,Uffington | Oxfordshire,https://www.cropcirclecenter.com/ccdata/2005/08/13/UK20050813_A.html,,0.685714,,,absolute dimensions unavailable; calculate scale-free ratios from imagery,COOKBOOK_EXTRACTED_ALL_IMAGES
CC-2005-08-14-LUTHRIE-FIFE,Luthrie | Fife,2005-08-14,Luthrie | Fife,https://www.cropcirclecenter.com/ccdata/2005/08/14/UK20050814_A.html,5,0.945946,,,absolute dimensions unavailable; calculate scale-free ratios from imagery,COOKBOOK_EXTRACTED_ALL_IMAGES
CC-2005-08-20-MEOPHAM-KENT-2,Meopham | Kent,2005-08-20,Meopham | Kent,https://www.cropcirclecenter.com/ccdata/2005/08/20/UK20050820_B.html,,0.81875,,,absolute dimensions unavailable; calculate scale-free ratios from imagery,COOKBOOK_EXTRACTED_ALL_IMAGES
CC-2005-08-21-ALTON-PRIORS-WILTSHIRE,Alton Priors | Wiltshire,2005-08-21,Alton Priors | Wiltshire,https://www.cropcirclecenter.com/ccdata/2005/08/21/UK20050821_A.html,,0.88,,,absolute dimensions unavailable; calculate scale-free ratios from imagery,COOKBOOK_EXTRACTED_ALL_IMAGES
CC-2005-08-28-CHERHILL-WILTSHIRE,Cherhill | Wiltshire,2005-08-28,Cherhill | Wiltshire,https://www.cropcirclecenter.com/ccdata/2005/08/28/UK20050828_A.html,20,,,,absolute dimensions unavailable; calculate scale-free ratios from imagery,COOKBOOK_EXTRACTED_ALL_IMAGES
CC-2006-05-19-ROCHETTA-BELBO-PIEMONTE,Rochetta Belbo | Piemonte,2006-05-19,Rochetta Belbo | Piemonte,https://www.cropcirclecenter.com/ccdata/2006/05/19/IT20060519_A.html,9,,,,absolute dimensions unavailable; calculate scale-free ratios from imagery,COOKBOOK_EXTRACTED_ALL_IMAGES
CC-2006-05-21-RHO-LOMBARDIA,Rho | Lombardia,2006-05-21,Rho | Lombardia,https://www.cropcirclecenter.com/ccdata/2006/05/21/IT20060521_A.html,3,,,,absolute dimensions unavailable; calculate scale-free ratios from imagery,COOKBOOK_EXTRACTED_ALL_IMAGES
CC-2006-05-26-GALLO-LOMBARDIA,Gallo | Lombardia,2006-05-26,Gallo | Lombardia,https://www.cropcirclecenter.com/ccdata/2006/05/26/IT20060526_A.html,,0.89441,,,absolute dimensions unavailable; calculate scale-free ratios from imagery,COOKBOOK_EXTRACTED_ALL_IMAGES
CC-2006-05-29-LA-COURADE-POITOU-CHARENTES,La Courade | Poitou-Charentes,2006-05-29,La Courade | Poitou-Charentes,https://www.cropcirclecenter.com/ccdata/2006/05/29/FR20060529_A.html,6,,,,absolute dimensions unavailable; calculate scale-free ratios from imagery,COOKBOOK_EXTRACTED_ALL_IMAGES
CC-2006-05-30-BOTLEY-OXFORDSHIRE,Botley | Oxfordshire,2006-05-30,Botley | Oxfordshire,https://www.cropcirclecenter.com/ccdata/2006/05/30/UK20060530_A.html,3,,,,absolute dimensions unavailable; calculate scale-free ratios from imagery,COOKBOOK_EXTRACTED_ALL_IMAGES
CC-2006-05-30-BOTLEY-OXFORDSHIRE-2,Botley | Oxfordshire,2006-05-30,Botley | Oxfordshire,https://www.cropcirclecenter.com/ccdata/2006/05/30/UK20060530_B.html,39,,,,absolute dimensions unavailable; calculate scale-free ratios from imagery,COOKBOOK_EXTRACTED_ALL_IMAGES
CC-2006-06-03-AMILIY-CENTRE,Amiliy | Centre,2006-06-03,Amiliy | Centre,https://www.cropcirclecenter.com/ccdata/2006/06/03/FR20060603_A.html,19,,,,absolute dimensions unavailable; calculate scale-free ratios from imagery,COOKBOOK_EXTRACTED_ALL_IMAGES
CC-2006-06-03-FONTANAFREDDA-FRIULI-VENEZIA-GIULIA,Fontanafredda | Friuli-Venezia Giulia,2006-06-03,Fontanafredda | Friuli-Venezia Giulia,https://www.cropcirclecenter.com/ccdata/2006/06/33/IT20060633_A.html,7,,,,absolute dimensions unavailable; calculate scale-free ratios from imagery,COOKBOOK_EXTRACTED_ALL_IMAGES
CC-2006-06-06-LA-MOTHE-SAIN-H-RAY-POITOU-CHARENTES,La Mothe-Sain-Héray | Poitou-Charentes,2006-06-06,La Mothe-Sain-Héray | Poitou-Charentes,https://www.cropcirclecenter.com/ccdata/2006/06/06/FR20060606_A.html,12,,,,absolute dimensions unavailable; calculate scale-free ratios from imagery,COOKBOOK_EXTRACTED_ALL_IMAGES
CC-2006-06-08-GAVELLO-DI-MIRANDOLA-EMILIA-ROMAGNA,Gavello di Mirandola | Emilia-Romagna,2006-06-08,Gavello di Mirandola | Emilia-Romagna,https://www.cropcirclecenter.com/ccdata/2006/06/08/IT20060608_A.html,11,,,,absolute dimensions unavailable; calculate scale-free ratios from imagery,COOKBOOK_EXTRACTED_ALL_IMAGES
CC-2006-06-10-CARTOCETO-MARCHE,Cartoceto | Marche,2006-06-10,Cartoceto | Marche,https://www.cropcirclecenter.com/ccdata/2006/06/10/IT20060610_A.html,10,,,,absolute dimensions unavailable; calculate scale-free ratios from imagery,COOKBOOK_EXTRACTED_ALL_IMAGES
CC-2006-06-10-HUNTINGBURG-INDIANA,Huntingburg | Indiana,2006-06-10,Huntingburg | Indiana,https://www.cropcirclecenter.com/ccdata/2006/06/10/US20060610_A.html,17,,,,absolute dimensions unavailable; calculate scale-free ratios from imagery,COOKBOOK_EXTRACTED_ALL_IMAGES
CC-2006-06-11-CHRISTCHURCH-DORSET,Christchurch | Dorset,2006-06-11,Christchurch | Dorset,https://www.cropcirclecenter.com/ccdata/2006/06/11/UK20060611_A.html,22,,,,absolute dimensions unavailable; calculate scale-free ratios from imagery,COOKBOOK_EXTRACTED_ALL_IMAGES
CC-2006-06-12-MARLBOROUGH-WILTSHIRE,Marlborough | Wiltshire,2006-06-12,Marlborough | Wiltshire,https://www.cropcirclecenter.com/ccdata/2006/06/12/UK20060612_A.html,6,,,,absolute dimensions unavailable; calculate scale-free ratios from imagery,COOKBOOK_EXTRACTED_ALL_IMAGES
CC-2006-06-15-BRETOVA-KRAPINSKO-ZAGORSKA-ZUPANIJA,Bretova | Krapinsko-zagorska Zupanija,2006-06-15,Bretova | Krapinsko-zagorska Zupanija,https://www.cropcirclecenter.com/ccdata/2006/06/15/HR20060615_A.html,4,,,,absolute dimensions unavailable; calculate scale-free ratios from imagery,COOKBOOK_EXTRACTED_ALL_IMAGES
CC-2006-06-15-FINLAND,Finland,2006-06-15,Finland,https://www.cropcirclecenter.com/ccdata/2006/06/15/FI20060615_A.html,13,,,,absolute dimensions unavailable; calculate scale-free ratios from imagery,COOKBOOK_EXTRACTED_ALL_IMAGES
CC-2006-06-16-SANTA-LUCIA-MARCHE,Santa Lucia | Marche,2006-06-16,Santa Lucia | Marche,https://www.cropcirclecenter.com/ccdata/2006/06/16/IT20060616_A.html,8,,,,absolute dimensions unavailable; calculate scale-free ratios from imagery,COOKBOOK_EXTRACTED_ALL_IMAGES
CC-2006-06-17-WATERLOO-BRABANT,Waterloo | Brabant,2006-06-17,Waterloo | Brabant,https://www.cropcirclecenter.com/ccdata/2006/06/17/BE20060617_A.html,40,,,,absolute dimensions unavailable; calculate scale-free ratios from imagery,COOKBOOK_EXTRACTED_ALL_IMAGES
CC-2006-06-19-CERESOLE-ALBA-PIEMONTE-2,Ceresole Alba | Piemonte,2006-06-19,Ceresole Alba | Piemonte,https://www.cropcirclecenter.com/ccdata/2006/06/19/IT20060619_B.html,18,0.509434,,,absolute dimensions unavailable; calculate scale-free ratios from imagery,COOKBOOK_EXTRACTED_ALL_IMAGES
CC-2006-06-19-WATTON-ROAD-HERTFORDSHIRE-2,Watton Road | Hertfordshire,2006-06-19,Watton Road | Hertfordshire,https://www.cropcirclecenter.com/ccdata/2006/06/19/UK20060619_B.html,6,,,,absolute dimensions unavailable; calculate scale-free ratios from imagery,COOKBOOK_EXTRACTED_ALL_IMAGES
CC-2006-06-21-MARTHAM-NORFOLK-2,Martham | Norfolk,2006-06-21,Martham | Norfolk,https://www.cropcirclecenter.com/ccdata/2006/06/21/UK20060621_B.html,12,,,,absolute dimensions unavailable; calculate scale-free ratios from imagery,COOKBOOK_EXTRACTED_ALL_IMAGES
CC-2006-06-21-SOMERTON-NORFOLK,Somerton | Norfolk,2006-06-21,Somerton | Norfolk,https://www.cropcirclecenter.com/ccdata/2006/06/21/UK20060621_A.html,3,0.748466,,,absolute dimensions unavailable; calculate scale-free ratios from imagery,COOKBOOK_EXTRACTED_ALL_IMAGES
CC-2006-06-23-LIZZANO-VENETO,Lizzano | Veneto,2006-06-23,Lizzano | Veneto,https://www.cropcirclecenter.com/ccdata/2006/06/23/IT20060623_A.html,8,,,,absolute dimensions unavailable; calculate scale-free ratios from imagery,COOKBOOK_EXTRACTED_ALL_IMAGES
CC-2006-06-24-MONTEGRANARO-MARCHE-2,Montegranaro | Marche,2006-06-24,Montegranaro | Marche,https://www.cropcirclecenter.com/ccdata/2006/06/24/IT20060624_B.html,31,,,,absolute dimensions unavailable; calculate scale-free ratios from imagery,COOKBOOK_EXTRACTED_ALL_IMAGES
CC-2006-06-25-MEMMELSDORF-BAYERN,Memmelsdorf | Bayern,2006-06-25,Memmelsdorf | Bayern,https://www.cropcirclecenter.com/ccdata/2006/06/25/DE20060625_A.html,26,,,,absolute dimensions unavailable; calculate scale-free ratios from imagery,COOKBOOK_EXTRACTED_ALL_IMAGES
CC-2006-06-29-MARTHAM-NORFOLK,Martham | Norfolk,2006-06-29,Martham | Norfolk,https://www.cropcirclecenter.com/ccdata/2006/06/29/UK20060629_A.html,6,0.851852,,,absolute dimensions unavailable; calculate scale-free ratios from imagery,COOKBOOK_EXTRACTED_ALL_IMAGES
CC-2006-06-29-PRALORMO-PIEMONTE,Pralormo | Piemonte,2006-06-29,Pralormo | Piemonte,https://www.cropcirclecenter.com/ccdata/2006/06/28/IT20060628_A.html,47,,,,absolute dimensions unavailable; calculate scale-free ratios from imagery,COOKBOOK_EXTRACTED_ALL_IMAGES
CC-2006-07-02-NIEDERBIEGEN-BADEN-W-RTTEMBERG,Niederbiegen | Baden-Württemberg,2006-07-02,Niederbiegen | Baden-Württemberg,https://www.cropcirclecenter.com/ccdata/2006/07/02/DE20060702_A.html,3,,,,absolute dimensions unavailable; calculate scale-free ratios from imagery,COOKBOOK_EXTRACTED_ALL_IMAGES
CC-2006-07-03-BERG-EN-DAL-GELDERLAND,Berg En Dal | Gelderland,2006-07-03,Berg En Dal | Gelderland,https://www.cropcirclecenter.com/ccdata/2006/07/03/NL20060703_A.html,12,,,,absolute dimensions unavailable; calculate scale-free ratios from imagery,COOKBOOK_EXTRACTED_ALL_IMAGES
CC-2006-07-03-SARRALTROFF-LORRAINE-2,Sarraltroff | Lorraine,2006-07-03,Sarraltroff | Lorraine,https://www.cropcirclecenter.com/ccdata/2006/07/32/FR20060732_B.html,8,,,,absolute dimensions unavailable; calculate scale-free ratios from imagery,COOKBOOK_EXTRACTED_ALL_IMAGES
CC-2006-07-03-STETTEN-AARGAU,Stetten | Aargau,2006-07-03,Stetten | Aargau,https://www.cropcirclecenter.com/ccdata/2006/07/03/CH20060703_A.html,16,,,,absolute dimensions unavailable; calculate scale-free ratios from imagery,COOKBOOK_EXTRACTED_ALL_IMAGES
CC-2006-07-04-ASTON-HERTFORDSHIRE,Aston | Hertfordshire,2006-07-04,Aston | Hertfordshire,https://www.cropcirclecenter.com/ccdata/2006/07/04/UK20060704_A.html,9,,,,absolute dimensions unavailable; calculate scale-free ratios from imagery,COOKBOOK_EXTRACTED_ALL_IMAGES
CC-2006-07-04-SACOMBE-HERTFORDSHIRE-3,Sacombe | Hertfordshire,2006-07-04,Sacombe | Hertfordshire,https://www.cropcirclecenter.com/ccdata/2006/07/04/UK20060704_C.html,10,,,,absolute dimensions unavailable; calculate scale-free ratios from imagery,COOKBOOK_EXTRACTED_ALL_IMAGES
CC-2006-07-05-BLOFIELD-NORFOLK,Blofield | Norfolk,2006-07-05,Blofield | Norfolk,https://www.cropcirclecenter.com/ccdata/2006/07/05/UK20060705_A.html,23,,,,absolute dimensions unavailable; calculate scale-free ratios from imagery,COOKBOOK_EXTRACTED_ALL_IMAGES
CC-2006-07-05-MARLOFFSTEIN-BAYERN,Marloffstein | Bayern,2006-07-05,Marloffstein | Bayern,https://www.cropcirclecenter.com/ccdata/2006/07/05/DE20060705_A.html,16,,,,absolute dimensions unavailable; calculate scale-free ratios from imagery,COOKBOOK_EXTRACTED_ALL_IMAGES
CC-2006-07-08-BOXLEY-KENT,Boxley | Kent,2006-07-08,Boxley | Kent,https://www.cropcirclecenter.com/ccdata/2006/07/08/UK20060708_A.html,39,,,,absolute dimensions unavailable; calculate scale-free ratios from imagery,COOKBOOK_EXTRACTED_ALL_IMAGES
CC-2006-07-08-BRASOV-TRANSYLVANIA,Brasov | Transylvania,2006-07-08,Brasov | Transylvania,https://www.cropcirclecenter.com/ccdata/2006/07/08/RO20060708_A.html,5,,,,absolute dimensions unavailable; calculate scale-free ratios from imagery,COOKBOOK_EXTRACTED_ALL_IMAGES
CC-2006-07-08-UFFINGTON-OXFORDSHIRE-3,Uffington | Oxfordshire,2006-07-08,Uffington | Oxfordshire,https://www.cropcirclecenter.com/ccdata/2006/07/08/UK20060708_C.html,,0.92,,,absolute dimensions unavailable; calculate scale-free ratios from imagery,COOKBOOK_EXTRACTED_ALL_IMAGES
CC-2006-07-08-WINTERTHUR-Z-RICH,Winterthur | Zürich,2006-07-08,Winterthur | Zürich,https://www.cropcirclecenter.com/ccdata/2006/07/08/CH20060708_A.html,11,,,,absolute dimensions unavailable; calculate scale-free ratios from imagery,COOKBOOK_EXTRACTED_ALL_IMAGES
CC-2006-07-09-BRAGBURY-LANE-HERTFORDSHIRE,Bragbury Lane | Hertfordshire,2006-07-09,Bragbury Lane | Hertfordshire,https://www.cropcirclecenter.com/ccdata/2006/07/09/UK20060709_A.html,11,,,,absolute dimensions unavailable; calculate scale-free ratios from imagery,COOKBOOK_EXTRACTED_ALL_IMAGES
CC-2006-07-09-MEZOKOMAROM-FEJER,Mezokomarom | Fejer,2006-07-09,Mezokomarom | Fejer,https://www.cropcirclecenter.com/ccdata/2006/07/09/HU20060709_A.html,4,,,,absolute dimensions unavailable; calculate scale-free ratios from imagery,COOKBOOK_EXTRACTED_ALL_IMAGES
CC-2006-07-11-ALDBOURNE-WILTSHIRE,Aldbourne | Wiltshire,2006-07-11,Aldbourne | Wiltshire,https://www.cropcirclecenter.com/ccdata/2006/07/11/UK20060711_A.html,,0.886667,,,absolute dimensions unavailable; calculate scale-free ratios from imagery,COOKBOOK_EXTRACTED_ALL_IMAGES
CC-2006-07-11-CHLUDOWO-WIELKOPOLSKIE,Chludowo | Wielkopolskie,2006-07-11,Chludowo | Wielkopolskie,https://www.cropcirclecenter.com/ccdata/2006/07/11/PL20060711_A.html,36,,,,absolute dimensions unavailable; calculate scale-free ratios from imagery,COOKBOOK_EXTRACTED_ALL_IMAGES
CC-2006-07-11-KITS-CORNER-KENT-2,Kits Corner | Kent,2006-07-11,Kits Corner | Kent,https://www.cropcirclecenter.com/ccdata/2006/07/11/UK20060711_B.html,20,,,,absolute dimensions unavailable; calculate scale-free ratios from imagery,COOKBOOK_EXTRACTED_ALL_IMAGES
CC-2006-07-11-WALLISELLEN-Z-RICH,Wallisellen | Zürich,2006-07-11,Wallisellen | Zürich,https://www.cropcirclecenter.com/ccdata/2006/07/11/CH20060711_A.html,29,0.949367,,,absolute dimensions unavailable; calculate scale-free ratios from imagery,COOKBOOK_EXTRACTED_ALL_IMAGES
CC-2006-07-11-WEJHEROWO-POMORSKIE-2,Wejherowo | Pomorskie,2006-07-11,Wejherowo | Pomorskie,https://www.cropcirclecenter.com/ccdata/2006/07/11/PL20060711_B.html,6,,,,absolute dimensions unavailable; calculate scale-free ratios from imagery,COOKBOOK_EXTRACTED_ALL_IMAGES
CC-2006-07-12-HANFELD-BAYERN-2,Hanfeld | Bayern,2006-07-12,Hanfeld | Bayern,https://www.cropcirclecenter.com/ccdata/2006/07/12/DE20060712_B.html,6,,,,absolute dimensions unavailable; calculate scale-free ratios from imagery,COOKBOOK_EXTRACTED_ALL_IMAGES
CC-2006-07-13-ILLMINSTER-SOMERSET,Illminster | Somerset,2006-07-13,Illminster | Somerset,https://www.cropcirclecenter.com/ccdata/2006/07/13/UK20060713_A.html,19,,,,absolute dimensions unavailable; calculate scale-free ratios from imagery,COOKBOOK_EXTRACTED_ALL_IMAGES
CC-2006-07-14-BARBURY-CASTLE-WILTSHIRE,Barbury Castle | Wiltshire,2006-07-14,Barbury Castle | Wiltshire,https://www.cropcirclecenter.com/ccdata/2006/07/14/UK20060714_A.html,,0.948571,,,absolute dimensions unavailable; calculate scale-free ratios from imagery,COOKBOOK_EXTRACTED_ALL_IMAGES
CC-2006-07-15-OBERHAUSEN-BAYERN,Oberhausen | Bayern,2006-07-15,Oberhausen | Bayern,https://www.cropcirclecenter.com/ccdata/2006/07/15/DE20060715_A.html,22,,,,absolute dimensions unavailable; calculate scale-free ratios from imagery,COOKBOOK_EXTRACTED_ALL_IMAGES
CC-2006-07-15-SIEDLICE-MAZOWIECKIE,Siedlice | Mazowieckie,2006-07-15,Siedlice | Mazowieckie,https://www.cropcirclecenter.com/ccdata/2006/07/15/PL20060715_A.html,8,,,,absolute dimensions unavailable; calculate scale-free ratios from imagery,COOKBOOK_EXTRACTED_ALL_IMAGES
CC-2006-07-15-SWIBA-WIELKOPOLSKIE-2,Swiba | Wielkopolskie,2006-07-15,Swiba | Wielkopolskie,https://www.cropcirclecenter.com/ccdata/2006/07/15/PL20060715_B.html,25,,,,absolute dimensions unavailable; calculate scale-free ratios from imagery,COOKBOOK_EXTRACTED_ALL_IMAGES
CC-2006-07-15-WEST-OVERTON-WILTSHIRE-2,West Overton | Wiltshire,2006-07-15,West Overton | Wiltshire,https://www.cropcirclecenter.com/ccdata/2006/07/15/UK20060715_B.html,45,0.948571,,,absolute dimensions unavailable; calculate scale-free ratios from imagery,COOKBOOK_EXTRACTED_ALL_IMAGES
CC-2006-07-16-DREISCHOOR-ZEELAND,Dreischoor | Zeeland,2006-07-16,Dreischoor | Zeeland,https://www.cropcirclecenter.com/ccdata/2006/07/16/NL20060716_A.html,8,,,,absolute dimensions unavailable; calculate scale-free ratios from imagery,COOKBOOK_EXTRACTED_ALL_IMAGES
CC-2006-07-16-PIEKARY-SLASKIE-SLASKIE,Piekary Slaskie | Slaskie,2006-07-16,Piekary Slaskie | Slaskie,https://www.cropcirclecenter.com/ccdata/2006/07/16/PL20060716_A.html,7,,,,absolute dimensions unavailable; calculate scale-free ratios from imagery,COOKBOOK_EXTRACTED_ALL_IMAGES
CC-2006-07-17-ICKLETON-CAMBRIDGESHIRE,Ickleton | Cambridgeshire,2006-07-17,Ickleton | Cambridgeshire,https://www.cropcirclecenter.com/ccdata/2006/07/17/UK20060717_A.html,14,0.440252,,,absolute dimensions unavailable; calculate scale-free ratios from imagery,COOKBOOK_EXTRACTED_ALL_IMAGES
CC-2006-07-17-MARLBOROUGH-WILTSHIRE-2,Marlborough | Wiltshire,2006-07-17,Marlborough | Wiltshire,https://www.cropcirclecenter.com/ccdata/2006/07/17/UK20060717_B.html,6,,,,absolute dimensions unavailable; calculate scale-free ratios from imagery,COOKBOOK_EXTRACTED_ALL_IMAGES
CC-2006-07-17-SEEBURG-BRANDENBURG-2,Seeburg | Brandenburg,2006-07-17,Seeburg | Brandenburg,https://www.cropcirclecenter.com/ccdata/2006/07/17/DE20060717_B.html,10,,,,absolute dimensions unavailable; calculate scale-free ratios from imagery,COOKBOOK_EXTRACTED_ALL_IMAGES
CC-2006-07-17-WATERLOO-BRABANT,Waterloo | Brabant,2006-07-17,Waterloo | Brabant,https://www.cropcirclecenter.com/ccdata/2006/07/17/BE20060717_A.html,41,,,,absolute dimensions unavailable; calculate scale-free ratios from imagery,COOKBOOK_EXTRACTED_ALL_IMAGES
CC-2006-07-18-KRAPJE-POMURSKA,Krapje | Pomurska,2006-07-18,Krapje | Pomurska,https://www.cropcirclecenter.com/ccdata/2006/07/18/SI20060718_A.html,7,0.648148,,,absolute dimensions unavailable; calculate scale-free ratios from imagery,COOKBOOK_EXTRACTED_ALL_IMAGES
CC-2006-07-19-GABLINGEN-BADEN-W-RTTEMBERG,Gablingen | Baden-Württemberg,2006-07-19,Gablingen | Baden-Württemberg,https://www.cropcirclecenter.com/ccdata/2006/07/19/DE20060719_A.html,11,,,,absolute dimensions unavailable; calculate scale-free ratios from imagery,COOKBOOK_EXTRACTED_ALL_IMAGES
CC-2006-07-19-STRAIGHT-SOLEY-BERKSHIRE,Straight Soley | Berkshire,2006-07-19,Straight Soley | Berkshire,https://www.cropcirclecenter.com/ccdata/2006/07/19/UK20060719_A.html,,0.821192,,,absolute dimensions unavailable; calculate scale-free ratios from imagery,COOKBOOK_EXTRACTED_ALL_IMAGES
CC-2006-07-19-WEST-OVERTON-WILTSHIRE-2,West Overton | Wiltshire,2006-07-19,West Overton | Wiltshire,https://www.cropcirclecenter.com/ccdata/2006/07/19/UK20060719_B.html,19,,,,absolute dimensions unavailable; calculate scale-free ratios from imagery,COOKBOOK_EXTRACTED_ALL_IMAGES
CC-2006-07-21-NIEUWERKERKEN-LIMBURG,Nieuwerkerken | Limburg,2006-07-21,Nieuwerkerken | Limburg,https://www.cropcirclecenter.com/ccdata/2006/07/21/BE20060721_A.html,8,,,,absolute dimensions unavailable; calculate scale-free ratios from imagery,COOKBOOK_EXTRACTED_ALL_IMAGES
CC-2006-07-22-MILK-HILL-WILTSHIRE-2,Milk Hill | Wiltshire,2006-07-22,Milk Hill | Wiltshire,https://www.cropcirclecenter.com/ccdata/2006/07/22/UK20060722_B.html,10,,,,absolute dimensions unavailable; calculate scale-free ratios from imagery,COOKBOOK_EXTRACTED_ALL_IMAGES
CC-2006-07-23-CERNILOV-KRALOVEHRADECKY-KRAJ,Cernilov | Kralovehradecky kraj,2006-07-23,Cernilov | Kralovehradecky kraj,https://www.cropcirclecenter.com/ccdata/2006/07/23/CZ20060723_A.html,,0.563291,,,absolute dimensions unavailable; calculate scale-free ratios from imagery,COOKBOOK_EXTRACTED_ALL_IMAGES
CC-2006-07-23-HAALERT-OOST-VLANDEREN,Haalert | Oost-Vlanderen,2006-07-23,Haalert | Oost-Vlanderen,https://www.cropcirclecenter.com/ccdata/2006/07/23/BE20060723_A.html,5,,,,absolute dimensions unavailable; calculate scale-free ratios from imagery,COOKBOOK_EXTRACTED_ALL_IMAGES
CC-2006-07-23-NIEUWERKERKEN-LIMBURG-2,Nieuwerkerken | Limburg,2006-07-23,Nieuwerkerken | Limburg,https://www.cropcirclecenter.com/ccdata/2006/07/23/BE20060723_B.html,18,,,,absolute dimensions unavailable; calculate scale-free ratios from imagery,COOKBOOK_EXTRACTED_ALL_IMAGES
CC-2006-07-23-NIEUWERKERKEN-LIMBURG-3,Nieuwerkerken | Limburg,2006-07-23,Nieuwerkerken | Limburg,https://www.cropcirclecenter.com/ccdata/2006/07/23/BE20060723_C.html,9,,,,absolute dimensions unavailable; calculate scale-free ratios from imagery,COOKBOOK_EXTRACTED_ALL_IMAGES
CC-2006-07-23-ZEMGALE-ZEMGALE,Zemgale | Zemgale,2006-07-23,Zemgale | Zemgale,https://www.cropcirclecenter.com/ccdata/2006/07/23/LV20060723_A.html,6,,,,absolute dimensions unavailable; calculate scale-free ratios from imagery,COOKBOOK_EXTRACTED_ALL_IMAGES
CC-2006-07-25-ARRETON-ISLE-OF-WIGHT,Arreton | Isle of Wight,2006-07-25,Arreton | Isle of Wight,https://www.cropcirclecenter.com/ccdata/2006/07/25/UK20060725_A.html,4,,,,absolute dimensions unavailable; calculate scale-free ratios from imagery,COOKBOOK_EXTRACTED_ALL_IMAGES
CC-2006-07-25-BREDOW-BRANDENBURG,Bredow | Brandenburg,2006-07-25,Bredow | Brandenburg,https://www.cropcirclecenter.com/ccdata/2006/07/25/DE20060725_A.html,,0.946309,,,absolute dimensions unavailable; calculate scale-free ratios from imagery,COOKBOOK_EXTRACTED_ALL_IMAGES
CC-2006-07-25-WILHELMINADORP-ZEELAND,Wilhelminadorp | Zeeland,2006-07-25,Wilhelminadorp | Zeeland,https://www.cropcirclecenter.com/ccdata/2006/07/25/NL20060725_A.html,25,0.6625,,,absolute dimensions unavailable; calculate scale-free ratios from imagery,COOKBOOK_EXTRACTED_ALL_IMAGES
CC-2006-07-26-EAST-KENNETT-WILTSHIRE,East Kennett | Wiltshire,2006-07-26,East Kennett | Wiltshire,https://www.cropcirclecenter.com/ccdata/2006/07/26/UK20060726_A.html,4,,,,absolute dimensions unavailable; calculate scale-free ratios from imagery,COOKBOOK_EXTRACTED_ALL_IMAGES
CC-2006-07-28-ALTON-PRIORS-WILTSHIRE,Alton Priors | Wiltshire,2006-07-28,Alton Priors | Wiltshire,https://www.cropcirclecenter.com/ccdata/2006/07/28/UK20060728_A.html,18,,,,absolute dimensions unavailable; calculate scale-free ratios from imagery,COOKBOOK_EXTRACTED_ALL_IMAGES
CC-2006-07-28-STRADUNY-WARMINSKO-MAZURSKIE,Straduny | Warminsko-Mazurskie,2006-07-28,Straduny | Warminsko-Mazurskie,https://www.cropcirclecenter.com/ccdata/2006/07/28/PL20060728_A.html,7,,,,absolute dimensions unavailable; calculate scale-free ratios from imagery,COOKBOOK_EXTRACTED_ALL_IMAGES
CC-2006-07-30-ALTON-PRIORS-WILTSHIRE,Alton Priors | Wiltshire,2006-07-30,Alton Priors | Wiltshire,https://www.cropcirclecenter.com/ccdata/2006/07/30/UK20060730_A.html,4,,,,absolute dimensions unavailable; calculate scale-free ratios from imagery,COOKBOOK_EXTRACTED_ALL_IMAGES
CC-2006-07-30-ILLINOIS-BELLEVILLE,Illinois | Belleville,2006-07-30,Illinois | Belleville,https://www.cropcirclecenter.com/ccdata/2006/07/30/US20060730_A.html,12,,,,absolute dimensions unavailable; calculate scale-free ratios from imagery,COOKBOOK_EXTRACTED_ALL_IMAGES
CC-2006-07-31-POSTRELMOV-OLOMOUCKY-KRAJ,Postrelmov | Olomoucky kraj,2006-07-31,Postrelmov | Olomoucky kraj,https://www.cropcirclecenter.com/ccdata/2006/07/31/CZ20060731_A.html,29,0.953333,,,absolute dimensions unavailable; calculate scale-free ratios from imagery,COOKBOOK_EXTRACTED_ALL_IMAGES
CC-2006-07-31-WILKOWA-POMORSKIE,Wilkowa | Pomorskie,2006-07-31,Wilkowa | Pomorskie,https://www.cropcirclecenter.com/ccdata/2006/07/31/PL20060731_A.html,16,,,,absolute dimensions unavailable; calculate scale-free ratios from imagery,COOKBOOK_EXTRACTED_ALL_IMAGES
CC-2006-08-01-HACKPEN-HILL-WILTSHIRE,Hackpen Hill | Wiltshire,2006-08-01,Hackpen Hill | Wiltshire,https://www.cropcirclecenter.com/ccdata/2006/08/01/UK20060801_A.html,40,,,,absolute dimensions unavailable; calculate scale-free ratios from imagery,COOKBOOK_EXTRACTED_ALL_IMAGES
CC-2006-08-01-HANNOVERSCH-M-NDEN-NIERDERSACHSEN-2,Hannoversch-Münden | Nierdersachsen,2006-08-01,Hannoversch-Münden | Nierdersachsen,https://www.cropcirclecenter.com/ccdata/2006/08/01/DE20060801_B.html,27,,,,absolute dimensions unavailable; calculate scale-free ratios from imagery,COOKBOOK_EXTRACTED_ALL_IMAGES
CC-2006-08-03-AYOTZINTEPEC-OAXACA,Ayotzintepec | Oaxaca,2006-08-03,Ayotzintepec | Oaxaca,https://www.cropcirclecenter.com/ccdata/2006/08/33/ME20060833_A.html,8,,,,absolute dimensions unavailable; calculate scale-free ratios from imagery,COOKBOOK_EXTRACTED_ALL_IMAGES
CC-2006-08-03-PUCKERIDGE-HERTFORDSHIRE,Puckeridge | Hertfordshire,2006-08-03,Puckeridge | Hertfordshire,https://www.cropcirclecenter.com/ccdata/2006/08/33/UK20060833_A.html,35,,,,absolute dimensions unavailable; calculate scale-free ratios from imagery,COOKBOOK_EXTRACTED_ALL_IMAGES
CC-2006-08-03-WATERLOO-BRABANT,Waterloo | Brabant,2006-08-03,Waterloo | Brabant,https://www.cropcirclecenter.com/ccdata/2006/08/03/BE20060803_A.html,24,,,,absolute dimensions unavailable; calculate scale-free ratios from imagery,COOKBOOK_EXTRACTED_ALL_IMAGES
CC-2006-08-04-AARHUS-JYLLAND,Aarhus | Jylland,2006-08-04,Aarhus | Jylland,https://www.cropcirclecenter.com/ccdata/2006/08/04/DK20060804_A.html,14,,,,absolute dimensions unavailable; calculate scale-free ratios from imagery,COOKBOOK_EXTRACTED_ALL_IMAGES
CC-2006-08-04-SUMPERK-OLOMOUCKY-KRAJ,Sumperk | Olomoucky kraj,2006-08-04,Sumperk | Olomoucky kraj,https://www.cropcirclecenter.com/ccdata/2006/08/04/CZ20060804_A.html,38,,,,absolute dimensions unavailable; calculate scale-free ratios from imagery,COOKBOOK_EXTRACTED_ALL_IMAGES
CC-2006-08-05-BALMERINO-FIFE,Balmerino | Fife,2006-08-05,Balmerino | Fife,https://www.cropcirclecenter.com/ccdata/2006/08/05/UK20060805_A.html,12,,,,absolute dimensions unavailable; calculate scale-free ratios from imagery,COOKBOOK_EXTRACTED_ALL_IMAGES
CC-2006-08-07-J-RF-LLA-STOCKHOLMS-L-N,Järfälla | Stockholms län,2006-08-07,Järfälla | Stockholms län,https://www.cropcirclecenter.com/ccdata/2006/08/07/SE20060807_A.html,17,,,,absolute dimensions unavailable; calculate scale-free ratios from imagery,COOKBOOK_EXTRACTED_ALL_IMAGES
CC-2006-08-08-BEARSTEAD-KENT,Bearstead | Kent,2006-08-08,Bearstead | Kent,https://www.cropcirclecenter.com/ccdata/2006/08/08/UK20060808_A.html,,0.308571,,,absolute dimensions unavailable; calculate scale-free ratios from imagery,COOKBOOK_EXTRACTED_ALL_IMAGES
CC-2006-08-08-WALTHAM-LINCOLNSHIRE-2,Waltham | Lincolnshire,2006-08-08,Waltham | Lincolnshire,https://www.cropcirclecenter.com/ccdata/2006/08/08/UK20060808_B.html,4,,,,absolute dimensions unavailable; calculate scale-free ratios from imagery,COOKBOOK_EXTRACTED_ALL_IMAGES
CC-2006-08-09-ITTERBEEK-BRABANT,Itterbeek | Brabant,2006-08-09,Itterbeek | Brabant,https://www.cropcirclecenter.com/ccdata/2006/08/09/BE20060809_A.html,15,,,,absolute dimensions unavailable; calculate scale-free ratios from imagery,COOKBOOK_EXTRACTED_ALL_IMAGES
CC-2006-08-11-MEENSEN-NIEDERSACHSEN,Meensen | Niedersachsen,2006-08-11,Meensen | Niedersachsen,https://www.cropcirclecenter.com/ccdata/2006/08/11/DE20060811_A.html,21,,,,absolute dimensions unavailable; calculate scale-free ratios from imagery,COOKBOOK_EXTRACTED_ALL_IMAGES
CC-2006-08-12-AMITY-ARKANSAS,Amity | Arkansas,2006-08-12,Amity | Arkansas,https://www.cropcirclecenter.com/ccdata/2006/08/12/US20060812_A.html,12,,,,absolute dimensions unavailable; calculate scale-free ratios from imagery,COOKBOOK_EXTRACTED_ALL_IMAGES
CC-2006-08-15-ETCHILHAMPTON-WILTSHIRE,Etchilhampton | Wiltshire,2006-08-15,Etchilhampton | Wiltshire,https://www.cropcirclecenter.com/ccdata/2006/08/15/UK20060815_A.html,,0.908046,,,absolute dimensions unavailable; calculate scale-free ratios from imagery,COOKBOOK_EXTRACTED_ALL_IMAGES
CC-2006-08-16-GENESEO-ILLINOIS,Geneseo | Illinois,2006-08-16,Geneseo | Illinois,https://www.cropcirclecenter.com/ccdata/2006/08/16/US20060816_A.html,7,,,,absolute dimensions unavailable; calculate scale-free ratios from imagery,COOKBOOK_EXTRACTED_ALL_IMAGES
CC-2006-08-17-SCHOMBERG-ONTARIO,Schomberg | Ontario,2006-08-17,Schomberg | Ontario,https://www.cropcirclecenter.com/ccdata/2006/08/17/CA20060817_A.html,42,0.666667,,,absolute dimensions unavailable; calculate scale-free ratios from imagery,COOKBOOK_EXTRACTED_ALL_IMAGES
CC-2006-08-18-VICKOVICE-STREDOCESKY-KRAJ,Vickovice | Stredocesky kraj,2006-08-18,Vickovice | Stredocesky kraj,https://www.cropcirclecenter.com/ccdata/2006/08/18/CZ20060818_A.html,6,0.939597,,,absolute dimensions unavailable; calculate scale-free ratios from imagery,COOKBOOK_EXTRACTED_ALL_IMAGES
CC-2006-08-28-PROVOST-ALBERTA,Provost | Alberta,2006-08-28,Provost | Alberta,https://www.cropcirclecenter.com/ccdata/2006/08/28/CA20060828_A.html,34,,,,absolute dimensions unavailable; calculate scale-free ratios from imagery,COOKBOOK_EXTRACTED_ALL_IMAGES
CC-2006-08-31-TENDORF-BERN,Ütendorf | Bern,2006-08-31,Ütendorf | Bern,https://www.cropcirclecenter.com/ccdata/2006/08/31/CH20060831_A.html,6,0.106667,,,absolute dimensions unavailable; calculate scale-free ratios from imagery,COOKBOOK_EXTRACTED_ALL_IMAGES
CC-2006-10-20-HOEVEN-NOORD-BRABANT,Hoeven | Noord-Brabant,2006-10-20,Hoeven | Noord-Brabant,https://www.cropcirclecenter.com/ccdata/2006/10/20/NL20061020_A.html,4,,,,absolute dimensions unavailable; calculate scale-free ratios from imagery,COOKBOOK_EXTRACTED_ALL_IMAGES
CC-2006-10-25-G-TTINGEN-NIEDERSACHSEN,Göttingen | Niedersachsen,2006-10-25,Göttingen | Niedersachsen,https://www.cropcirclecenter.com/ccdata/2006/10/25/DE20061025_A.html,43,0.673611,,,absolute dimensions unavailable; calculate scale-free ratios from imagery,COOKBOOK_EXTRACTED_ALL_IMAGES
CC-2006-12-22-JUAREZ-CHIHUAHUA,Juarez | Chihuahua,2006-12-22,Juarez | Chihuahua,https://www.cropcirclecenter.com/ccdata/2006/12/22/ME20061222_A.html,12,,,,absolute dimensions unavailable; calculate scale-free ratios from imagery,COOKBOOK_EXTRACTED_ALL_IMAGES
CC-2007-03-13-HOEVEN-NOORD-BRABANT,Hoeven | Noord-Brabant,2007-03-13,Hoeven | Noord-Brabant,https://www.cropcirclecenter.com/ccdata/2007/03/13/NL20070313_A.html,,0.95122,,,absolute dimensions unavailable; calculate scale-free ratios from imagery,COOKBOOK_EXTRACTED_ALL_IMAGES
CC-2007-04-15-OLIVER-S-CASTLE-WILTSHIRE,Oliver's Castle | Wiltshire,2007-04-15,Oliver's Castle | Wiltshire,https://www.cropcirclecenter.com/ccdata/2007/04/15/UK20070415_A.html,,0.949045,,,absolute dimensions unavailable; calculate scale-free ratios from imagery,COOKBOOK_EXTRACTED_ALL_IMAGES
CC-2007-04-22-CHILCOMB-DOWN-HAMPSHIRE,Chilcomb Down | Hampshire,2007-04-22,Chilcomb Down | Hampshire,https://www.cropcirclecenter.com/ccdata/2007/04/22/UK20070422_A.html,7,0.6,,,absolute dimensions unavailable; calculate scale-free ratios from imagery,COOKBOOK_EXTRACTED_ALL_IMAGES
CC-2007-05-02-HOEZEKOUTERDREEF-OOST-VLANDEREN,Hoezekouterdreef | Oost-Vlanderen,2007-05-02,Hoezekouterdreef | Oost-Vlanderen,https://www.cropcirclecenter.com/ccdata/2007/05/02/BE20070502_A.html,5,,,,absolute dimensions unavailable; calculate scale-free ratios from imagery,COOKBOOK_EXTRACTED_ALL_IMAGES
CC-2007-05-03-FORLI-EMILIA-ROMAGNA,Forli | Emilia-Romagna,2007-05-03,Forli | Emilia-Romagna,https://www.cropcirclecenter.com/ccdata/2007/05/03/IT20070503_A.html,6,0.934783,,,absolute dimensions unavailable; calculate scale-free ratios from imagery,COOKBOOK_EXTRACTED_ALL_IMAGES
CC-2007-05-08-COCCOLIA-EMILIA-ROMAGNA,Coccolia | Emilia-Romagna,2007-05-08,Coccolia | Emilia-Romagna,https://www.cropcirclecenter.com/ccdata/2007/05/08/IT20070508_A.html,15,,,,absolute dimensions unavailable; calculate scale-free ratios from imagery,COOKBOOK_EXTRACTED_ALL_IMAGES
CC-2007-05-14-MADISON-WISCONSIN,Madison | Wisconsin,2007-05-14,Madison | Wisconsin,https://www.cropcirclecenter.com/ccdata/2007/05/14/US20070514_A.html,29,,,,absolute dimensions unavailable; calculate scale-free ratios from imagery,COOKBOOK_EXTRACTED_ALL_IMAGES
CC-2007-05-17-FAROGLIANO-PIEMONTE,Farogliano | Piemonte,2007-05-17,Farogliano | Piemonte,https://www.cropcirclecenter.com/ccdata/2007/05/17/IT20070517_A.html,,0.9625,,,absolute dimensions unavailable; calculate scale-free ratios from imagery,COOKBOOK_EXTRACTED_ALL_IMAGES
CC-2007-05-20-ANCONA-MARCHE,Ancona | Marche,2007-05-20,Ancona | Marche,https://www.cropcirclecenter.com/ccdata/2007/05/20/IT20070520_A.html,10,0.94702,,,absolute dimensions unavailable; calculate scale-free ratios from imagery,COOKBOOK_EXTRACTED_ALL_IMAGES
CC-2007-05-20-ETTISWIL-LUZERN,Ettiswil | Luzern,2007-05-20,Ettiswil | Luzern,https://www.cropcirclecenter.com/ccdata/2007/05/20/CH20070520_A.html,11,,,,absolute dimensions unavailable; calculate scale-free ratios from imagery,COOKBOOK_EXTRACTED_ALL_IMAGES
CC-2007-05-20-RHEINAU-Z-RICH-2,Rheinau | Zürich,2007-05-20,Rheinau | Zürich,https://www.cropcirclecenter.com/ccdata/2007/05/20/CH20070520_B.html,15,,,,absolute dimensions unavailable; calculate scale-free ratios from imagery,COOKBOOK_EXTRACTED_ALL_IMAGES
CC-2007-05-20-SETTIMO-SAN-PEDRO-SARDEGNA-3,Settimo San Pedro | Sardegna,2007-05-20,Settimo San Pedro | Sardegna,https://www.cropcirclecenter.com/ccdata/2007/05/20/IT20070520_C.html,8,,,,absolute dimensions unavailable; calculate scale-free ratios from imagery,COOKBOOK_EXTRACTED_ALL_IMAGES
CC-2007-05-20-SINNAI-SARDEGNA,Sinnai | Sardegna,2007-05-20,Sinnai | Sardegna,https://www.cropcirclecenter.com/ccdata/2007/05/20/IT20070520_E.html,7,,,,absolute dimensions unavailable; calculate scale-free ratios from imagery,COOKBOOK_EXTRACTED_ALL_IMAGES
CC-2007-05-22-WEXCOMBE-WILTSHIRE,Wexcombe | Wiltshire,2007-05-22,Wexcombe | Wiltshire,https://www.cropcirclecenter.com/ccdata/2007/05/22/UK20070522_A.html,42,,,,absolute dimensions unavailable; calculate scale-free ratios from imagery,COOKBOOK_EXTRACTED_ALL_IMAGES
CC-2007-05-23-RIESI-SICILIA,Riesi | Sicilia,2007-05-23,Riesi | Sicilia,https://www.cropcirclecenter.com/ccdata/2007/05/23/IT20070523_A.html,,0.669065,,,absolute dimensions unavailable; calculate scale-free ratios from imagery,COOKBOOK_EXTRACTED_ALL_IMAGES
CC-2007-05-23-VO-VENETO-2,Vo | Veneto,2007-05-23,Vo | Veneto,https://www.cropcirclecenter.com/ccdata/2007/05/23/IT20070523_B.html,3,,,,absolute dimensions unavailable; calculate scale-free ratios from imagery,COOKBOOK_EXTRACTED_ALL_IMAGES
CC-2007-05-25-CANDIA-SICILIA,Candia | Sicilia,2007-05-25,Candia | Sicilia,https://www.cropcirclecenter.com/ccdata/2007/05/25/IT20070525_A.html,13,,,,absolute dimensions unavailable; calculate scale-free ratios from imagery,COOKBOOK_EXTRACTED_ALL_IMAGES
CC-2007-05-27-HESSE-LORRAINE,Hesse | Lorraine,2007-05-27,Hesse | Lorraine,https://www.cropcirclecenter.com/ccdata/2007/05/27/FR20070527_A.html,32,0.946309,,,absolute dimensions unavailable; calculate scale-free ratios from imagery,COOKBOOK_EXTRACTED_ALL_IMAGES
CC-2007-05-28-VILLAMARZANA-VENETO,Villamarzana | Veneto,2007-05-28,Villamarzana | Veneto,https://www.cropcirclecenter.com/ccdata/2007/05/28/IT20070528_A.html,25,,,,absolute dimensions unavailable; calculate scale-free ratios from imagery,COOKBOOK_EXTRACTED_ALL_IMAGES
CC-2007-06-02-POBRE-ZJE-JIGOVZHODNA-SLOVENIJA,Pobre Zje | Jigovzhodna Slovenija,2007-06-02,Pobre Zje | Jigovzhodna Slovenija,https://www.cropcirclecenter.com/ccdata/2007/06/02/SI20070602_A.html,6,,,,absolute dimensions unavailable; calculate scale-free ratios from imagery,COOKBOOK_EXTRACTED_ALL_IMAGES
CC-2007-06-03-ALTON-BARNES-WILTSHIRE,Alton Barnes | Wiltshire,2007-06-03,Alton Barnes | Wiltshire,https://www.cropcirclecenter.com/ccdata/2007/06/03/UK20070603_A.html,31,,,,absolute dimensions unavailable; calculate scale-free ratios from imagery,COOKBOOK_EXTRACTED_ALL_IMAGES
CC-2007-06-07-MILK-HILL-WILTSHIRE,Milk Hill | Wiltshire,2007-06-07,Milk Hill | Wiltshire,https://www.cropcirclecenter.com/ccdata/2007/06/07/UK20070607_A.html,,0.461039,,,absolute dimensions unavailable; calculate scale-free ratios from imagery,COOKBOOK_EXTRACTED_ALL_IMAGES
CC-2007-06-07-STARNBERG-BAYERN-2,Starnberg | Bayern,2007-06-07,Starnberg | Bayern,https://www.cropcirclecenter.com/ccdata/2007/06/07/DE20070607_B.html,22,0.47651,,,absolute dimensions unavailable; calculate scale-free ratios from imagery,COOKBOOK_EXTRACTED_ALL_IMAGES
CC-2007-06-08-HAALERT-OOST-VLANDEREN,Haalert | Oost-Vlanderen,2007-06-08,Haalert | Oost-Vlanderen,https://www.cropcirclecenter.com/ccdata/2007/06/08/BE20070608_A.html,6,,,,absolute dimensions unavailable; calculate scale-free ratios from imagery,COOKBOOK_EXTRACTED_ALL_IMAGES
CC-2007-06-10-UP-SOMBOURNE-HAMPSHIRE,Up Sombourne | Hampshire,2007-06-10,Up Sombourne | Hampshire,https://www.cropcirclecenter.com/ccdata/2007/06/10/UK20070610_A.html,35,0.865385,,,absolute dimensions unavailable; calculate scale-free ratios from imagery,COOKBOOK_EXTRACTED_ALL_IMAGES
CC-2007-06-11-BARTON-LE-CLEY-BEDFORDSHIRE,Barton-Le-Cley | Bedfordshire,2007-06-11,Barton-Le-Cley | Bedfordshire,https://www.cropcirclecenter.com/ccdata/2007/06/11/UK20070611_A.html,17,,,,absolute dimensions unavailable; calculate scale-free ratios from imagery,COOKBOOK_EXTRACTED_ALL_IMAGES
CC-2007-06-11-BARTON-LE-CLEY-BEDFORDSHIRE-2,Barton-Le-Cley | Bedfordshire,2007-06-11,Barton-Le-Cley | Bedfordshire,https://www.cropcirclecenter.com/ccdata/2007/06/11/UK20070611_B.html,33,,,,absolute dimensions unavailable; calculate scale-free ratios from imagery,COOKBOOK_EXTRACTED_ALL_IMAGES
CC-2007-06-11-CASINE-DIE-PATERNO-MARCHE-2,Casine die Paterno | Marche,2007-06-11,Casine die Paterno | Marche,https://www.cropcirclecenter.com/ccdata/2007/06/11/IT20070611_B.html,,0.818792,,,absolute dimensions unavailable; calculate scale-free ratios from imagery,COOKBOOK_EXTRACTED_ALL_IMAGES
CC-2007-06-12-BURBAGE-WILTSHIRE,Burbage | Wiltshire,2007-06-12,Burbage | Wiltshire,https://www.cropcirclecenter.com/ccdata/2007/06/12/UK20070612_A.html,,0.656805,,,absolute dimensions unavailable; calculate scale-free ratios from imagery,COOKBOOK_EXTRACTED_ALL_IMAGES
CC-2007-06-14-DAAL-OOST-VLANDEREN,Daal | Oost-Vlanderen,2007-06-14,Daal | Oost-Vlanderen,https://www.cropcirclecenter.com/ccdata/2007/06/14/BE20070614_A.html,,0.593333,,,absolute dimensions unavailable; calculate scale-free ratios from imagery,COOKBOOK_EXTRACTED_ALL_IMAGES
CC-2007-06-14-SCHIFFWEILER-SAARLAND,Schiffweiler | Saarland,2007-06-14,Schiffweiler | Saarland,https://www.cropcirclecenter.com/ccdata/2007/06/14/DE20070614_A.html,6,,,,absolute dimensions unavailable; calculate scale-free ratios from imagery,COOKBOOK_EXTRACTED_ALL_IMAGES
CC-2007-06-16-VOGHERA-LOMBARDIA,Voghera | Lombardia,2007-06-16,Voghera | Lombardia,https://www.cropcirclecenter.com/ccdata/2007/06/16/IT20070616_A.html,6,,,,absolute dimensions unavailable; calculate scale-free ratios from imagery,COOKBOOK_EXTRACTED_ALL_IMAGES
CC-2007-06-16-WATERLOO-BRABANT-2,Waterloo | Brabant,2007-06-16,Waterloo | Brabant,https://www.cropcirclecenter.com/ccdata/2007/06/16/BE20070616_B.html,17,0.2,,,absolute dimensions unavailable; calculate scale-free ratios from imagery,COOKBOOK_EXTRACTED_ALL_IMAGES
CC-2007-06-18-CALCINAIA-TOSCANA,Calcinaia | Toscana,2007-06-18,Calcinaia | Toscana,https://www.cropcirclecenter.com/ccdata/2007/06/18/IT20070618_A.html,12,0.730994,,,absolute dimensions unavailable; calculate scale-free ratios from imagery,COOKBOOK_EXTRACTED_ALL_IMAGES
CC-2007-06-21-UBOLDO-LOMBARDIA,Uboldo | Lombardia,2007-06-21,Uboldo | Lombardia,https://www.cropcirclecenter.com/ccdata/2007/06/21/IT20070621_A.html,5,,,,absolute dimensions unavailable; calculate scale-free ratios from imagery,COOKBOOK_EXTRACTED_ALL_IMAGES
CC-2007-06-22-BOSSCHENHOOFD-NOORD-BRABANT,Bosschenhoofd | Noord-Brabant,2007-06-22,Bosschenhoofd | Noord-Brabant,https://www.cropcirclecenter.com/ccdata/2007/06/21/NL20070621_A.html,4,,,,absolute dimensions unavailable; calculate scale-free ratios from imagery,COOKBOOK_EXTRACTED_ALL_IMAGES
CC-2007-06-22-MARLBOROUGH-WILTSHIRE,Marlborough | Wiltshire,2007-06-22,Marlborough | Wiltshire,https://www.cropcirclecenter.com/ccdata/2007/06/22/UK20070622_A.html,47,,,,absolute dimensions unavailable; calculate scale-free ratios from imagery,COOKBOOK_EXTRACTED_ALL_IMAGES
CC-2007-06-24-KLEIN-WIERSHAUSEN-NIEDERSACHSEN-2,Klein Wiershausen | Niedersachsen,2007-06-24,Klein Wiershausen | Niedersachsen,https://www.cropcirclecenter.com/ccdata/2007/06/24/DE20070624_B.html,,0.88,,,absolute dimensions unavailable; calculate scale-free ratios from imagery,COOKBOOK_EXTRACTED_ALL_IMAGES
CC-2007-06-24-LOCKERIDGE-WILTSHIRE,Lockeridge | Wiltshire,2007-06-24,Lockeridge | Wiltshire,https://www.cropcirclecenter.com/ccdata/2007/06/24/UK20070624_A.html,6,,,,absolute dimensions unavailable; calculate scale-free ratios from imagery,COOKBOOK_EXTRACTED_ALL_IMAGES
CC-2007-06-24-NEUSTADT-AM-R-BENBERGE-NIEDERSACHSEN-3,Neustadt am Rübenberge | Niedersachsen,2007-06-24,Neustadt am Rübenberge | Niedersachsen,https://www.cropcirclecenter.com/ccdata/2007/06/24/DE20070624_C.html,44,,,,absolute dimensions unavailable; calculate scale-free ratios from imagery,COOKBOOK_EXTRACTED_ALL_IMAGES
CC-2007-06-24-REICHENAU-GRAUB-NDEN-3,Reichenau | Graubünden,2007-06-24,Reichenau | Graubünden,https://www.cropcirclecenter.com/ccdata/2007/06/24/CH20070624_C.html,8,,,,absolute dimensions unavailable; calculate scale-free ratios from imagery,COOKBOOK_EXTRACTED_ALL_IMAGES
CC-2007-06-24-WARMINOSK-MAZURK,Warminosk Mazurk,2007-06-24,Warminosk Mazurk,https://www.cropcirclecenter.com/ccdata/2007/06/24/CZ20070624_A.html,30,,,,absolute dimensions unavailable; calculate scale-free ratios from imagery,COOKBOOK_EXTRACTED_ALL_IMAGES
CC-2007-06-25-VRHOVLJAN-MEDIMURSKA-ZUPANIJA,Vrhovljan | Medimurska Zupanija,2007-06-25,Vrhovljan | Medimurska Zupanija,https://www.cropcirclecenter.com/ccdata/2007/06/25/HR20070625_A.html,10,,,,absolute dimensions unavailable; calculate scale-free ratios from imagery,COOKBOOK_EXTRACTED_ALL_IMAGES
CC-2007-06-26-BOSSCHENHOOFD-NOORD-BRABANT,Bosschenhoofd | Noord-Brabant,2007-06-26,Bosschenhoofd | Noord-Brabant,https://www.cropcirclecenter.com/ccdata/2007/06/26/NL20070626_A.html,3,,,,absolute dimensions unavailable; calculate scale-free ratios from imagery,COOKBOOK_EXTRACTED_ALL_IMAGES
CC-2007-06-28-WEST-KENNETT-WILTSHIRE,West Kennett | Wiltshire,2007-06-28,West Kennett | Wiltshire,https://www.cropcirclearchives.co.uk/archives/2007/westkennett/westkennett2007.html,,0.954286,,,absolute dimensions unavailable; calculate scale-free ratios from imagery,COOKBOOK_EXTRACTED_ALL_IMAGES
CC-2007-06-29-DESIO-LOMBARDIA,Desio | Lombardia,2007-06-29,Desio | Lombardia,https://www.cropcirclecenter.com/ccdata/2007/06/29/IT20070629_A.html,26,,,,absolute dimensions unavailable; calculate scale-free ratios from imagery,COOKBOOK_EXTRACTED_ALL_IMAGES
CC-2007-06-29-GOLDEN-BALL-HILL-WILTSHIRE-2,Golden Ball Hill | Wiltshire,2007-06-29,Golden Ball Hill | Wiltshire,https://www.cropcirclecenter.com/ccdata/2007/06/29/UK20070629_B.html,33,,,,absolute dimensions unavailable; calculate scale-free ratios from imagery,COOKBOOK_EXTRACTED_ALL_IMAGES
CC-2007-07-01-BOSSCHENHOOFD-NOORD-BRABANT,Bosschenhoofd | Noord-Brabant,2007-07-01,Bosschenhoofd | Noord-Brabant,https://www.cropcirclecenter.com/ccdata/2007/07/01/NL20070701_A.html,13,,,,absolute dimensions unavailable; calculate scale-free ratios from imagery,COOKBOOK_EXTRACTED_ALL_IMAGES
CC-2007-07-01-DENDERHOUTEM-OOST-VLANDEREN,Denderhoutem | Oost-Vlanderen,2007-07-01,Denderhoutem | Oost-Vlanderen,https://www.cropcirclecenter.com/ccdata/2007/07/01/BE20070701_A.html,23,,,,absolute dimensions unavailable; calculate scale-free ratios from imagery,COOKBOOK_EXTRACTED_ALL_IMAGES
CC-2007-07-01-FELSBERG-GRAUB-NDEN,Felsberg | Graubünden,2007-07-01,Felsberg | Graubünden,https://www.cropcirclecenter.com/ccdata/2007/07/01/CH20070701_A.html,5,,,,absolute dimensions unavailable; calculate scale-free ratios from imagery,COOKBOOK_EXTRACTED_ALL_IMAGES
CC-2007-07-01-NIEUWERKERKEN-LIMBURG-2,Nieuwerkerken | Limburg,2007-07-01,Nieuwerkerken | Limburg,https://www.cropcirclecenter.com/ccdata/2007/07/01/BE20070701_B.html,43,,,,absolute dimensions unavailable; calculate scale-free ratios from imagery,COOKBOOK_EXTRACTED_ALL_IMAGES
CC-2007-07-02-PAYERNE-WAADT,Payerne | Waadt,2007-07-02,Payerne | Waadt,https://www.cropcirclecenter.com/ccdata/2007/07/02/CH20070702_A.html,29,,,,absolute dimensions unavailable; calculate scale-free ratios from imagery,COOKBOOK_EXTRACTED_ALL_IMAGES
CC-2007-07-03-GERTENBACH-HESSEN,Gertenbach | Hessen,2007-07-03,Gertenbach | Hessen,https://www.cropcirclecenter.com/ccdata/2007/07/03/DE20070703_A.html,48,,,,absolute dimensions unavailable; calculate scale-free ratios from imagery,COOKBOOK_EXTRACTED_ALL_IMAGES
CC-2007-07-03-GREAT-WAKERING-ESSEX,Great Wakering | Essex,2007-07-03,Great Wakering | Essex,https://www.cropcirclecenter.com/ccdata/2007/07/33/UK20070733_A.html,,0.779141,,,absolute dimensions unavailable; calculate scale-free ratios from imagery,COOKBOOK_EXTRACTED_ALL_IMAGES
CC-2007-07-05-WOULDHAM-KENT,Wouldham | Kent,2007-07-05,Wouldham | Kent,https://www.cropcirclecenter.com/ccdata/2007/07/05/UK20070705_A.html,24,0.927632,,,absolute dimensions unavailable; calculate scale-free ratios from imagery,COOKBOOK_EXTRACTED_ALL_IMAGES
CC-2007-07-07-ALTON-BARNES-WILTSHIRE,Alton Barnes | Wiltshire,2007-07-07,Alton Barnes | Wiltshire,https://www.cropcirclecenter.com/ccdata/2007/07/07/UK20070707_A.html,40,,,,absolute dimensions unavailable; calculate scale-free ratios from imagery,COOKBOOK_EXTRACTED_ALL_IMAGES
CC-2007-07-07-CHERHILL-WILTSHIRE-2,Cherhill | Wiltshire,2007-07-07,Cherhill | Wiltshire,https://www.cropcirclecenter.com/ccdata/2007/07/07/UK20070707_B.html,,0.4,,,absolute dimensions unavailable; calculate scale-free ratios from imagery,COOKBOOK_EXTRACTED_ALL_IMAGES
CC-2007-07-07-D-RNBACH-NIEDER-STERREICH,Dörnbach | Niederösterreich,2007-07-07,Dörnbach | Niederösterreich,https://www.cropcirclecenter.com/ccdata/2007/07/07/AT20070707_A.html,10,,,,absolute dimensions unavailable; calculate scale-free ratios from imagery,COOKBOOK_EXTRACTED_ALL_IMAGES
CC-2007-07-07-TOOT-BALDON-OXFORDSHIRE,Toot Baldon | Oxfordshire,2007-07-07,Toot Baldon | Oxfordshire,https://www.cropcirclecenter.com/ccdata/2007/07/07/UK20070707_D.html,,0.685714,,,absolute dimensions unavailable; calculate scale-free ratios from imagery,COOKBOOK_EXTRACTED_ALL_IMAGES
CC-2007-07-12-BRUSSEGEM-OOST-VLANDEREN,Brussegem | Oost-Vlanderen,2007-07-12,Brussegem | Oost-Vlanderen,https://www.cropcirclecenter.com/ccdata/2007/07/12/BE20070712_A.html,,0.392405,,,absolute dimensions unavailable; calculate scale-free ratios from imagery,COOKBOOK_EXTRACTED_ALL_IMAGES
CC-2007-07-16-HINTON-DOWN-OXFORDSHIRE-2,Hinton Down | Oxfordshire,2007-07-16,Hinton Down | Oxfordshire,https://www.cropcirclecenter.com/ccdata/2007/07/16/UK20070716_B.html,21,,,,absolute dimensions unavailable; calculate scale-free ratios from imagery,COOKBOOK_EXTRACTED_ALL_IMAGES
CC-2007-07-17-ALL-CANNINGS-WILTSHIRE,All Cannings | Wiltshire,2007-07-17,All Cannings | Wiltshire,https://www.cropcirclecenter.com/ccdata/2007/07/17/UK20070717_A.html,9,,,,absolute dimensions unavailable; calculate scale-free ratios from imagery,COOKBOOK_EXTRACTED_ALL_IMAGES
CC-2007-07-19-ZEVENBERG-DRENTHE,Zevenberg | Drenthe,2007-07-19,Zevenberg | Drenthe,https://www.cropcirclecenter.com/ccdata/2007/07/19/NL20070719_A.html,6,,,,absolute dimensions unavailable; calculate scale-free ratios from imagery,COOKBOOK_EXTRACTED_ALL_IMAGES
CC-2007-07-20-GAVERE-OOST-VLANDEREN,Gavere | Oost-Vlanderen,2007-07-20,Gavere | Oost-Vlanderen,https://www.cropcirclecenter.com/ccdata/2007/07/20/BE20070720_A.html,10,,,,absolute dimensions unavailable; calculate scale-free ratios from imagery,COOKBOOK_EXTRACTED_ALL_IMAGES
CC-2007-07-21-WERNITZ-BRANDENBURG-2,Wernitz | Brandenburg,2007-07-21,Wernitz | Brandenburg,https://www.cropcirclecenter.com/ccdata/2007/07/21/DE20070721_B.html,4,0.967949,,,absolute dimensions unavailable; calculate scale-free ratios from imagery,COOKBOOK_EXTRACTED_ALL_IMAGES
CC-2007-07-22-STANDDAARBUITEN-NOORD-BRABANT,Standdaarbuiten | Noord-Brabant,2007-07-22,Standdaarbuiten | Noord-Brabant,https://www.cropcirclecenter.com/ccdata/2007/07/22/NL20070722_A.html,6,,,,absolute dimensions unavailable; calculate scale-free ratios from imagery,COOKBOOK_EXTRACTED_ALL_IMAGES
CC-2007-07-23-COLLINGHAM-YORKSHIRE,Collingham | Yorkshire,2007-07-23,Collingham | Yorkshire,https://www.cropcirclecenter.com/ccdata/2007/07/23/UK20070723_A.html,37,,,,absolute dimensions unavailable; calculate scale-free ratios from imagery,COOKBOOK_EXTRACTED_ALL_IMAGES
CC-2007-07-25-HAALTERT-OSST-VLANDEREN,Haaltert | Osst-Vlanderen,2007-07-25,Haaltert | Osst-Vlanderen,https://www.cropcirclecenter.com/ccdata/2007/07/25/BE20070725_A.html,,0.487654,,,absolute dimensions unavailable; calculate scale-free ratios from imagery,COOKBOOK_EXTRACTED_ALL_IMAGES
CC-2007-07-25-MEENSEN-NIEDERSACHSEN-2,Meensen | Niedersachsen,2007-07-25,Meensen | Niedersachsen,https://www.cropcirclecenter.com/ccdata/2007/07/25/DE20070725_B.html,12,0.779412,,,absolute dimensions unavailable; calculate scale-free ratios from imagery,COOKBOOK_EXTRACTED_ALL_IMAGES
CC-2007-07-25-MILBOURNE-WILTSHIRE,Milbourne | Wiltshire,2007-07-25,Milbourne | Wiltshire,https://www.cropcirclecenter.com/ccdata/2007/07/25/UK20070725_A.html,4,,,,absolute dimensions unavailable; calculate scale-free ratios from imagery,COOKBOOK_EXTRACTED_ALL_IMAGES
CC-2007-07-25-WATERLOO-BRABANT-2,Waterloo | Brabant,2007-07-25,Waterloo | Brabant,https://www.cropcirclecenter.com/ccdata/2007/07/25/BE20070725_B.html,23,,,,absolute dimensions unavailable; calculate scale-free ratios from imagery,COOKBOOK_EXTRACTED_ALL_IMAGES
CC-2007-07-26-TAPFHEIM-BAYERN,Tapfheim | Bayern,2007-07-26,Tapfheim | Bayern,https://www.cropcirclecenter.com/ccdata/2007/07/26/DE20070726_A.html,,0.95302,,,absolute dimensions unavailable; calculate scale-free ratios from imagery,COOKBOOK_EXTRACTED_ALL_IMAGES
CC-2007-07-28-FISCHEN-BAYERN,Fischen | Bayern,2007-07-28,Fischen | Bayern,https://www.cropcirclecenter.com/ccdata/2007/07/28/DE20070728_A.html,3,0.74269,,,absolute dimensions unavailable; calculate scale-free ratios from imagery,COOKBOOK_EXTRACTED_ALL_IMAGES
CC-2007-07-29-AVEBURY-WILTSHIRE,Avebury | Wiltshire,2007-07-29,Avebury | Wiltshire,https://www.cropcirclecenter.com/ccdata/2007/07/29/UK20070729_A.html,7,,,,absolute dimensions unavailable; calculate scale-free ratios from imagery,COOKBOOK_EXTRACTED_ALL_IMAGES
CC-2007-07-30-NANNESTAD-AKERSHUS,Nannestad | Akershus,2007-07-30,Nannestad | Akershus,https://www.cropcirclecenter.com/ccdata/2007/07/30/NO20070730_A.html,34,0.514286,,,absolute dimensions unavailable; calculate scale-free ratios from imagery,COOKBOOK_EXTRACTED_ALL_IMAGES
CC-2007-08-01-CHISELDON-WILTSHIRE,Chiseldon | Wiltshire,2007-08-01,Chiseldon | Wiltshire,https://www.cropcirclecenter.com/ccdata/2007/08/01/UK20070801_A.html,,0.805195,,,absolute dimensions unavailable; calculate scale-free ratios from imagery,COOKBOOK_EXTRACTED_ALL_IMAGES
CC-2007-08-03-SHAKESPEARE-ONTARIO,Shakespeare | Ontario,2007-08-03,Shakespeare | Ontario,https://www.cropcirclecenter.com/ccdata/2007/08/32/CA20070832_A.html,5,0.948571,,,absolute dimensions unavailable; calculate scale-free ratios from imagery,COOKBOOK_EXTRACTED_ALL_IMAGES
CC-2007-08-04-PEWSEY-WHITE-HORSE-WILTSHIRE,Pewsey White Horse | Wiltshire,2007-08-04,Pewsey White Horse | Wiltshire,https://www.cropcirclecenter.com/ccdata/2007/08/04/UK20070804_A.html,,0.554286,,,absolute dimensions unavailable; calculate scale-free ratios from imagery,COOKBOOK_EXTRACTED_ALL_IMAGES
CC-2007-08-04-ROCHEFORT-NEUENBURG,Rochefort | Neuenburg,2007-08-04,Rochefort | Neuenburg,https://www.cropcirclecenter.com/ccdata/2007/08/04/CH20070804_A.html,25,0.206897,,,absolute dimensions unavailable; calculate scale-free ratios from imagery,COOKBOOK_EXTRACTED_ALL_IMAGES
CC-2007-08-08-ABBOTSFORD-BRITISH-COLUMBIA,Abbotsford | British Columbia,2007-08-08,Abbotsford | British Columbia,https://www.cropcirclecenter.com/ccdata/2007/08/08/CA20070808_A.html,5,,,,absolute dimensions unavailable; calculate scale-free ratios from imagery,COOKBOOK_EXTRACTED_ALL_IMAGES
CC-2007-08-10-KERSBERGA-STOCKHOLMS-L-N,Åkersberga | Stockholms län,2007-08-10,Åkersberga | Stockholms län,https://www.cropcirclecenter.com/ccdata/2007/08/10/SE20070810_A.html,16,,,,absolute dimensions unavailable; calculate scale-free ratios from imagery,COOKBOOK_EXTRACTED_ALL_IMAGES
CC-2007-08-10-KERSBERGA-STOCKHOLMS-L-N-2,Åkersberga | Stockholms län,2007-08-10,Åkersberga | Stockholms län,https://www.cropcirclecenter.com/ccdata/2007/08/10/SE20070810_B.html,35,,,,absolute dimensions unavailable; calculate scale-free ratios from imagery,COOKBOOK_EXTRACTED_ALL_IMAGES
CC-2007-08-12-STANTON-ST-BERNARD-WILTSHIRE,Stanton St Bernard | Wiltshire,2007-08-12,Stanton St Bernard | Wiltshire,https://www.cropcirclecenter.com/ccdata/2007/08/12/UK20070812_A.html,3,,,,absolute dimensions unavailable; calculate scale-free ratios from imagery,COOKBOOK_EXTRACTED_ALL_IMAGES
CC-2007-08-16-WOODBOROUGH-WILTSHIRE,Woodborough | Wiltshire,2007-08-16,Woodborough | Wiltshire,https://www.cropcirclecenter.com/ccdata/2007/08/16/UK20070816_A.html,,0.897143,,,absolute dimensions unavailable; calculate scale-free ratios from imagery,COOKBOOK_EXTRACTED_ALL_IMAGES
CC-2007-08-17-WEST-OVERTON-WILTSHIRE,West Overton | Wiltshire,2007-08-17,West Overton | Wiltshire,https://www.cropcirclecenter.com/ccdata/2007/08/17/UK20070817_A.html,,0.877193,,,absolute dimensions unavailable; calculate scale-free ratios from imagery,COOKBOOK_EXTRACTED_ALL_IMAGES
CC-2007-08-26-ABBOTSFORD-BRITISH-COLUMBIA,Abbotsford | British Columbia,2007-08-26,Abbotsford | British Columbia,https://www.cropcirclecenter.com/ccdata/2007/08/26/CA20070826_A.html,15,,,,absolute dimensions unavailable; calculate scale-free ratios from imagery,COOKBOOK_EXTRACTED_ALL_IMAGES
CC-2007-UNKNOWN-QUILL-LAKE-SASKATCHEWAN,Quill Lake | Saskatchewan,2007-unknown,Quill Lake | Saskatchewan,https://www.cropcirclecenter.com/ccdata/2007/09/00/CA20070900_A.html,21,,,,absolute dimensions unavailable; calculate scale-free ratios from imagery,COOKBOOK_EXTRACTED_ALL_IMAGES
CC-2008-04-19-WADEN-HILL-WILTSHIRE,Waden Hill | Wiltshire,2008-04-19,Waden Hill | Wiltshire,https://www.cropcirclecenter.com/ccdata/2008/04/19/UK20080419_A.html,28,0.894737,,,absolute dimensions unavailable; calculate scale-free ratios from imagery,COOKBOOK_EXTRACTED_ALL_IMAGES
CC-2008-04-26-RHO-LOMBARDIA,Rho | Lombardia,2008-04-26,Rho | Lombardia,https://www.cropcirclecenter.com/ccdata/2008/04/26/IT20080426_A.html,20,,,,absolute dimensions unavailable; calculate scale-free ratios from imagery,COOKBOOK_EXTRACTED_ALL_IMAGES
CC-2008-05-04-STANTON-ST-BERNARD-WILTSHIRE,Stanton St Bernard | Wiltshire,2008-05-04,Stanton St Bernard | Wiltshire,https://www.cropcirclecenter.com/ccdata/2008/05/04/UK20080504_A.html,23,,,,absolute dimensions unavailable; calculate scale-free ratios from imagery,COOKBOOK_EXTRACTED_ALL_IMAGES
CC-2008-05-08-AVEBURY-STONE-CIRCLE-WILTSHIRE,Avebury Stone Circle | Wiltshire,2008-05-08,Avebury Stone Circle | Wiltshire,https://www.cropcirclecenter.com/ccdata/2008/05/08/UK20080508_A.html,8,,,,absolute dimensions unavailable; calculate scale-free ratios from imagery,COOKBOOK_EXTRACTED_ALL_IMAGES
CC-2008-05-10-ASHBURY-OXFORDSHIRE,Ashbury | Oxfordshire,2008-05-10,Ashbury | Oxfordshire,https://www.cropcirclecenter.com/ccdata/2008/05/10/UK20080510_A.html,,0.791139,,,absolute dimensions unavailable; calculate scale-free ratios from imagery,COOKBOOK_EXTRACTED_ALL_IMAGES
CC-2008-05-13-CASTEL-D-EMILIO-MARCHE,Castel d'Emilio | Marche,2008-05-13,Castel d'Emilio | Marche,https://www.cropcirclecenter.com/ccdata/2008/05/13/IT20080513_A.html,32,0.95302,,,absolute dimensions unavailable; calculate scale-free ratios from imagery,COOKBOOK_EXTRACTED_ALL_IMAGES
CC-2008-05-17-SAILLY-ACHATEL-LORRAINE,Sailly-Achatel | Lorraine,2008-05-17,Sailly-Achatel | Lorraine,https://www.cropcirclecenter.com/ccdata/2008/05/17/FR20080517_A.html,9,0.95977,,,absolute dimensions unavailable; calculate scale-free ratios from imagery,COOKBOOK_EXTRACTED_ALL_IMAGES
CC-2008-05-27-MONTECASTELLO-PIEMONTE,Montecastello | Piemonte,2008-05-27,Montecastello | Piemonte,https://www.cropcirclecenter.com/ccdata/2008/05/27/IT20080527_A.html,4,,,,absolute dimensions unavailable; calculate scale-free ratios from imagery,COOKBOOK_EXTRACTED_ALL_IMAGES
CC-2008-06-01-BARBURY-CASTLE-WILTSHIRE,Barbury Castle | Wiltshire,2008-06-01,Barbury Castle | Wiltshire,https://www.cropcirclearchives.co.uk/archives/2008/barbury/barbury2008a.html,,0.758389,,,approximately 300 feet,COOKBOOK_EXTRACTED_ALL_IMAGES
CC-2008-06-01-TEMPLE-WILTSHIRE-2,Temple | Wiltshire,2008-06-01,Temple | Wiltshire,https://www.cropcirclecenter.com/ccdata/2008/06/01/UK20080601_B.html,,0.375,,,absolute dimensions unavailable; calculate scale-free ratios from imagery,COOKBOOK_EXTRACTED_ALL_IMAGES
CC-2008-06-06-WEST-KENNETT-WILTSHIRE,West Kennett | Wiltshire,2008-06-06,West Kennett | Wiltshire,https://www.cropcirclecenter.com/ccdata/2008/06/06/UK20080606_A.html,30,0.542857,,,absolute dimensions unavailable; calculate scale-free ratios from imagery,COOKBOOK_EXTRACTED_ALL_IMAGES
CC-2008-06-07-MARLY-LE-ROI-ILE-DE-FRANCE,Marly-le-Roi | Ile-de-France,2008-06-07,Marly-le-Roi | Ile-de-France,https://www.cropcirclecenter.com/ccdata/2008/06/07/FR20080607_A.html,15,,,,absolute dimensions unavailable; calculate scale-free ratios from imagery,COOKBOOK_EXTRACTED_ALL_IMAGES
CC-2008-06-11-VAREDO-LOMBARDIA,Varedo | Lombardia,2008-06-11,Varedo | Lombardia,https://www.cropcirclecenter.com/ccdata/2008/06/11/IT20080611_A.html,5,,,,absolute dimensions unavailable; calculate scale-free ratios from imagery,COOKBOOK_EXTRACTED_ALL_IMAGES
CC-2008-06-13-KIRCHBERG-BERN,Kirchberg | Bern,2008-06-13,Kirchberg | Bern,https://www.cropcirclecenter.com/ccdata/2008/06/13/CH20080613_A.html,25,,,,absolute dimensions unavailable; calculate scale-free ratios from imagery,COOKBOOK_EXTRACTED_ALL_IMAGES
CC-2008-06-15-ALMERE-FLEVOLAND,Almere | Flevoland,2008-06-15,Almere | Flevoland,https://www.cropcirclecenter.com/ccdata/2008/06/15/NL20080615_A.html,4,,,,absolute dimensions unavailable; calculate scale-free ratios from imagery,COOKBOOK_EXTRACTED_ALL_IMAGES
CC-2008-06-18-WINTERBOURNE-BASSETT-WILTSHIRE,Winterbourne Bassett | Wiltshire,2008-06-18,Winterbourne Bassett | Wiltshire,https://www.cropcirclecenter.com/ccdata/2008/06/18/UK20080618_A.html,28,0.946667,,,absolute dimensions unavailable; calculate scale-free ratios from imagery,COOKBOOK_EXTRACTED_ALL_IMAGES
CC-2008-06-19-MONTALDO-ROERO-PIEMONTE,Montaldo Roero | Piemonte,2008-06-19,Montaldo Roero | Piemonte,https://www.cropcirclecenter.com/ccdata/2008/06/19/IT20080619_A.html,5,,,,absolute dimensions unavailable; calculate scale-free ratios from imagery,COOKBOOK_EXTRACTED_ALL_IMAGES
CC-2008-06-22-PIERWSZY,Pierwszy,2008-06-22,Pierwszy,https://www.cropcirclecenter.com/ccdata/2008/06/22/PL20080622_A.html,5,,,,absolute dimensions unavailable; calculate scale-free ratios from imagery,COOKBOOK_EXTRACTED_ALL_IMAGES
CC-2008-06-22-PONTECURONE-PIEMONTE,Pontecurone | Piemonte,2008-06-22,Pontecurone | Piemonte,https://www.cropcirclecenter.com/ccdata/2008/06/22/IT20080622_A.html,14,,,,absolute dimensions unavailable; calculate scale-free ratios from imagery,COOKBOOK_EXTRACTED_ALL_IMAGES
CC-2008-06-23-REINSHOF-NIEDERSACHSEN-3,Reinshof | Niedersachsen,2008-06-23,Reinshof | Niedersachsen,https://www.cropcirclecenter.com/ccdata/2008/06/23/DE20080623_C.html,,0.325714,,,absolute dimensions unavailable; calculate scale-free ratios from imagery,COOKBOOK_EXTRACTED_ALL_IMAGES
CC-2008-06-24-AVEBURY-WILTSHIRE,Avebury | Wiltshire,2008-06-24,Avebury | Wiltshire,https://www.cropcirclecenter.com/ccdata/2008/06/24/UK20080624_A.html,7,,,,absolute dimensions unavailable; calculate scale-free ratios from imagery,COOKBOOK_EXTRACTED_ALL_IMAGES
CC-2008-06-25-HELSTON-CORNWALL,Helston | Cornwall,2008-06-25,Helston | Cornwall,https://www.cropcirclecenter.com/ccdata/2008/06/25/UK20080625_A.html,36,,,,absolute dimensions unavailable; calculate scale-free ratios from imagery,COOKBOOK_EXTRACTED_ALL_IMAGES
CC-2008-06-26-COWICHAN-VALLEY-BRITISH-COLUMBIA,Cowichan Valley | British Columbia,2008-06-26,Cowichan Valley | British Columbia,https://www.cropcirclecenter.com/ccdata/2008/06/26/CA20080626_A.html,27,0.94,,,absolute dimensions unavailable; calculate scale-free ratios from imagery,COOKBOOK_EXTRACTED_ALL_IMAGES
CC-2008-06-26-POLIVERIGI-MARCHE,Poliverigi | Marche,2008-06-26,Poliverigi | Marche,https://www.cropcirclecenter.com/ccdata/2008/06/26/IT20080626_A.html,5,,,,absolute dimensions unavailable; calculate scale-free ratios from imagery,COOKBOOK_EXTRACTED_ALL_IMAGES
CC-2008-06-27-BILDECHINGEN-BADEN-W-RTTEMBERG,Bildechingen | Baden-Württemberg,2008-06-27,Bildechingen | Baden-Württemberg,https://www.cropcirclecenter.com/ccdata/2008/06/27/DE20080627_A.html,14,,,,absolute dimensions unavailable; calculate scale-free ratios from imagery,COOKBOOK_EXTRACTED_ALL_IMAGES
CC-2008-06-29-ANSTY-WEST-MIDLANDS,Ansty | West Midlands,2008-06-29,Ansty | West Midlands,https://www.cropcirclecenter.com/ccdata/2008/06/29/UK20080629_A.html,19,,,,absolute dimensions unavailable; calculate scale-free ratios from imagery,COOKBOOK_EXTRACTED_ALL_IMAGES
CC-2008-06-30-GREENVILLE-SOUTH-CAROLINA,Greenville | South Carolina,2008-06-30,Greenville | South Carolina,https://www.cropcirclecenter.com/ccdata/2008/06/30/US20080630_A.html,14,,,,absolute dimensions unavailable; calculate scale-free ratios from imagery,COOKBOOK_EXTRACTED_ALL_IMAGES
CC-2008-06-30-INOWROCLAW-KUJAWSKO-POMORSKIE,Inowroclaw | Kujawsko-Pomorskie,2008-06-30,Inowroclaw | Kujawsko-Pomorskie,https://www.cropcirclecenter.com/ccdata/2008/06/30/PL20080630_A.html,,0.701299,,,absolute dimensions unavailable; calculate scale-free ratios from imagery,COOKBOOK_EXTRACTED_ALL_IMAGES
CC-2008-06-30-NIEZNANOWICE-SWIETOKRYSKIE-2,Nieznanowice | Swietokryskie,2008-06-30,Nieznanowice | Swietokryskie,https://www.cropcirclecenter.com/ccdata/2008/06/30/PL20080630_B.html,20,,,,absolute dimensions unavailable; calculate scale-free ratios from imagery,COOKBOOK_EXTRACTED_ALL_IMAGES
CC-2008-07-01-MALAGA-ANDALUCIA,Malaga | Andalucia,2008-07-01,Malaga | Andalucia,https://www.cropcirclecenter.com/ccdata/2008/07/01/ES20080701_A.html,32,,,,absolute dimensions unavailable; calculate scale-free ratios from imagery,COOKBOOK_EXTRACTED_ALL_IMAGES
CC-2008-07-03-TORUN-KUJAWSKO-POMORSKIE,Torun | Kujawsko-Pomorskie,2008-07-03,Torun | Kujawsko-Pomorskie,https://www.cropcirclecenter.com/ccdata/2008/07/03/PL20080703_A.html,44,,,,absolute dimensions unavailable; calculate scale-free ratios from imagery,COOKBOOK_EXTRACTED_ALL_IMAGES
CC-2008-07-05-HLUK-ZLINSKY-KRAJ,Hluk | Zlinsky kraj,2008-07-05,Hluk | Zlinsky kraj,https://www.cropcirclecenter.com/ccdata/2008/07/05/CZ20080705_A.html,,0.740506,,,absolute dimensions unavailable; calculate scale-free ratios from imagery,COOKBOOK_EXTRACTED_ALL_IMAGES
CC-2008-07-05-WYLER-NORDRHEIN-WESTFALEN,Wyler | Nordrhein-Westfalen,2008-07-05,Wyler | Nordrhein-Westfalen,https://www.cropcirclecenter.com/ccdata/2008/07/05/DE20080705_A.html,32,0.952703,,,absolute dimensions unavailable; calculate scale-free ratios from imagery,COOKBOOK_EXTRACTED_ALL_IMAGES
CC-2008-07-07-PUMLOW-OLOMOUCKY-KRAJ,Pumlow | Olomoucky kraj,2008-07-07,Pumlow | Olomoucky kraj,https://www.cropcirclecenter.com/ccdata/2008/07/07/CZ20080707_A.html,6,,,,absolute dimensions unavailable; calculate scale-free ratios from imagery,COOKBOOK_EXTRACTED_ALL_IMAGES
CC-2008-07-07-SUDHEIM-NIEDERSACHSEN,Sudheim | Niedersachsen,2008-07-07,Sudheim | Niedersachsen,https://www.cropcirclecenter.com/ccdata/2008/07/07/DE20080707_A.html,36,0.945946,,,absolute dimensions unavailable; calculate scale-free ratios from imagery,COOKBOOK_EXTRACTED_ALL_IMAGES
CC-2008-07-08-EAST-KENNETT-WILTSHIRE,East Kennett | Wiltshire,2008-07-08,East Kennett | Wiltshire,https://www.cropcirclecenter.com/ccdata/2008/07/08/UK20080708_A.html,10,,,,absolute dimensions unavailable; calculate scale-free ratios from imagery,COOKBOOK_EXTRACTED_ALL_IMAGES
CC-2008-07-08-G-TIGHAUSEN-Z-RICH,Gütighausen | Zürich,2008-07-08,Gütighausen | Zürich,https://www.cropcirclecenter.com/ccdata/2008/07/08/CH20080708_A.html,4,,,,absolute dimensions unavailable; calculate scale-free ratios from imagery,COOKBOOK_EXTRACTED_ALL_IMAGES
CC-2008-07-11-HOLMESVILLE-ONTARIO,Holmesville | Ontario,2008-07-11,Holmesville | Ontario,https://www.cropcirclecenter.com/ccdata/2008/07/11/CA20080711_A.html,8,,,,absolute dimensions unavailable; calculate scale-free ratios from imagery,COOKBOOK_EXTRACTED_ALL_IMAGES
CC-2008-07-11-LISOV-PLZENSKY-KRAJ,Lisov | Plzensky kraj,2008-07-11,Lisov | Plzensky kraj,https://www.cropcirclecenter.com/ccdata/2008/07/11/CZ20080711_A.html,11,,,,absolute dimensions unavailable; calculate scale-free ratios from imagery,COOKBOOK_EXTRACTED_ALL_IMAGES
CC-2008-07-11-ROUSINOV-JIHOMORAVSKY-KRAJ-2,Rousinov | Jihomoravsky kraj,2008-07-11,Rousinov | Jihomoravsky kraj,https://www.cropcirclecenter.com/ccdata/2008/07/11/CZ20080711_B.html,28,0.767296,,,absolute dimensions unavailable; calculate scale-free ratios from imagery,COOKBOOK_EXTRACTED_ALL_IMAGES
CC-2008-07-11-SARRALTROFF-LORRAINE,Sarraltroff | Lorraine,2008-07-11,Sarraltroff | Lorraine,https://www.cropcirclecenter.com/ccdata/2008/07/11/FR20080711_A.html,18,,,,absolute dimensions unavailable; calculate scale-free ratios from imagery,COOKBOOK_EXTRACTED_ALL_IMAGES
CC-2008-07-14-BUCKLAND-SURREY,Buckland | Surrey,2008-07-14,Buckland | Surrey,https://www.cropcirclecenter.com/ccdata/2008/07/14/UK20080714_A.html,4,,,,absolute dimensions unavailable; calculate scale-free ratios from imagery,COOKBOOK_EXTRACTED_ALL_IMAGES
CC-2008-07-15-LINDLAR-NORDRHEIN-WESTFALEN,Lindlar | Nordrhein-Westfalen,2008-07-15,Lindlar | Nordrhein-Westfalen,https://www.cropcirclecenter.com/ccdata/2008/07/15/DE20080715_A.html,,0.811189,,,absolute dimensions unavailable; calculate scale-free ratios from imagery,COOKBOOK_EXTRACTED_ALL_IMAGES
CC-2008-07-17-B-RDEL-NIEDERSACHSEN,Bördel | Niedersachsen,2008-07-17,Bördel | Niedersachsen,https://www.cropcirclecenter.com/ccdata/2008/07/17/DE20080717_A.html,,0.182857,,,absolute dimensions unavailable; calculate scale-free ratios from imagery,COOKBOOK_EXTRACTED_ALL_IMAGES
CC-2008-07-17-CHISELDON-WILTSHIRE,Chiseldon | Wiltshire,2008-07-17,Chiseldon | Wiltshire,https://www.cropcirclecenter.com/ccdata/2008/07/17/UK20080717_A.html,3,,,,absolute dimensions unavailable; calculate scale-free ratios from imagery,COOKBOOK_EXTRACTED_ALL_IMAGES
CC-2008-07-17-WESTWOODS-WILTSHIRE-2,Westwoods | Wiltshire,2008-07-17,Westwoods | Wiltshire,https://www.cropcirclecenter.com/ccdata/2008/07/17/UK20080717_B.html,,0.426901,,,absolute dimensions unavailable; calculate scale-free ratios from imagery,COOKBOOK_EXTRACTED_ALL_IMAGES
CC-2008-07-20-DEVIL-S-DEN-WILTSHIRE,Devil's Den | Wiltshire,2008-07-20,Devil's Den | Wiltshire,https://www.cropcirclecenter.com/ccdata/2008/07/20/UK20080720_A.html,3,,,,absolute dimensions unavailable; calculate scale-free ratios from imagery,COOKBOOK_EXTRACTED_ALL_IMAGES
CC-2008-07-21-HODONICE-JIHOMORAVSKY-KRAJ,Hodonice | Jihomoravsky kraj,2008-07-21,Hodonice | Jihomoravsky kraj,https://www.cropcirclecenter.com/ccdata/2008/07/21/CZ20080721_A.html,26,,,,absolute dimensions unavailable; calculate scale-free ratios from imagery,COOKBOOK_EXTRACTED_ALL_IMAGES
CC-2008-07-22-VALENCE-RH-NE-ALPES,Valence | Rhône-Alpes,2008-07-22,Valence | Rhône-Alpes,https://www.cropcirclecenter.com/ccdata/2008/07/22/FR20080722_A.html,47,,,,absolute dimensions unavailable; calculate scale-free ratios from imagery,COOKBOOK_EXTRACTED_ALL_IMAGES
CC-2008-07-23-SIEBOLDSHAUSEN-NIEDERSACHSEN,Sieboldshausen | Niedersachsen,2008-07-23,Sieboldshausen | Niedersachsen,https://www.cropcirclecenter.com/ccdata/2008/07/23/DE20080723_A.html,,0.337143,,,absolute dimensions unavailable; calculate scale-free ratios from imagery,COOKBOOK_EXTRACTED_ALL_IMAGES
CC-2008-07-23-WINTERBOURNE-BASSETT-WILTSHIRE-3,Winterbourne Bassett | Wiltshire,2008-07-23,Winterbourne Bassett | Wiltshire,https://www.cropcirclecenter.com/ccdata/2008/07/23/UK20080723_C.html,34,,,,absolute dimensions unavailable; calculate scale-free ratios from imagery,COOKBOOK_EXTRACTED_ALL_IMAGES
CC-2008-07-26-BECKHAMPTON-WILTSHIRE,Beckhampton | Wiltshire,2008-07-26,Beckhampton | Wiltshire,https://www.cropcirclecenter.com/ccdata/2008/07/26/UK20080726_A.html,43,,,,absolute dimensions unavailable; calculate scale-free ratios from imagery,COOKBOOK_EXTRACTED_ALL_IMAGES
CC-2008-07-26-KRALIKY-KR-LOV-HRADECKY-KRAJ,Kraliky | Královéhradecky kraj,2008-07-26,Kraliky | Královéhradecky kraj,https://www.cropcirclecenter.com/ccdata/2008/07/26/CZ20080726_A.html,,0.94,,,absolute dimensions unavailable; calculate scale-free ratios from imagery,COOKBOOK_EXTRACTED_ALL_IMAGES
CC-2008-07-26-WARNFORD-HAMPSHIRE-2,Warnford | Hampshire,2008-07-26,Warnford | Hampshire,https://www.cropcirclecenter.com/ccdata/2008/07/26/UK20080726_B.html,48,,,,absolute dimensions unavailable; calculate scale-free ratios from imagery,COOKBOOK_EXTRACTED_ALL_IMAGES
CC-2008-07-27-ALLINGTON-DOWN-WILTSHIRE,Allington Down | Wiltshire,2008-07-27,Allington Down | Wiltshire,https://www.cropcirclecenter.com/ccdata/2008/07/27/UK20080727_A.html,18,,,,absolute dimensions unavailable; calculate scale-free ratios from imagery,COOKBOOK_EXTRACTED_ALL_IMAGES
CC-2008-07-27-ALTON-BARNES-WILTSHIRE-2,Alton Barnes | Wiltshire,2008-07-27,Alton Barnes | Wiltshire,https://www.cropcirclecenter.com/ccdata/2008/07/27/UK20080727_B.html,22,,,,absolute dimensions unavailable; calculate scale-free ratios from imagery,COOKBOOK_EXTRACTED_ALL_IMAGES
CC-2008-07-27-FOSSTON-MINNESOTA,Fosston | Minnesota,2008-07-27,Fosston | Minnesota,https://www.cropcirclecenter.com/ccdata/2008/07/27/US20080727_A.html,34,,,,absolute dimensions unavailable; calculate scale-free ratios from imagery,COOKBOOK_EXTRACTED_ALL_IMAGES
CC-2008-07-27-HONEYSTREET-WILTSHIRE,Honeystreet | Wiltshire,2008-07-27,Honeystreet | Wiltshire,https://www.cropcirclecenter.com/ccdata/2008/07/27/UK20080727_D.html,15,,,,absolute dimensions unavailable; calculate scale-free ratios from imagery,COOKBOOK_EXTRACTED_ALL_IMAGES
CC-2008-07-28-BECKHAMPTON-WILTSHIRE,Beckhampton | Wiltshire,2008-07-28,Beckhampton | Wiltshire,https://www.cropcirclecenter.com/ccdata/2008/07/28/UK20080728_A.html,4,,,,absolute dimensions unavailable; calculate scale-free ratios from imagery,COOKBOOK_EXTRACTED_ALL_IMAGES
CC-2008-07-28-DUNCAN-BRITISH-COLUMBIA,Duncan | British Columbia,2008-07-28,Duncan | British Columbia,https://www.cropcirclecenter.com/ccdata/2008/07/28/CA20080728_A.html,18,,,,absolute dimensions unavailable; calculate scale-free ratios from imagery,COOKBOOK_EXTRACTED_ALL_IMAGES
CC-2008-07-28-MARTINSELL-HILL-WILTSHIRE-2,Martinsell Hill | Wiltshire,2008-07-28,Martinsell Hill | Wiltshire,https://www.cropcirclecenter.com/ccdata/2008/07/28/UK20080728_B.html,,0.317241,,,absolute dimensions unavailable; calculate scale-free ratios from imagery,COOKBOOK_EXTRACTED_ALL_IMAGES
CC-2008-07-28-WEST-DOWN-WILTSHIRE-3,West Down | Wiltshire,2008-07-28,West Down | Wiltshire,https://www.cropcirclecenter.com/ccdata/2008/07/28/UK20080728_C.html,25,0.393333,,,absolute dimensions unavailable; calculate scale-free ratios from imagery,COOKBOOK_EXTRACTED_ALL_IMAGES
CC-2008-07-30-CHISELDON-WILTSHIRE,Chiseldon | Wiltshire,2008-07-30,Chiseldon | Wiltshire,https://www.cropcirclecenter.com/ccdata/2008/07/30/UK20080730_A.html,10,,,,absolute dimensions unavailable; calculate scale-free ratios from imagery,COOKBOOK_EXTRACTED_ALL_IMAGES
CC-2008-07-30-DRANSFELD-NIEDERSACHSEN,Dransfeld | Niedersachsen,2008-07-30,Dransfeld | Niedersachsen,https://www.cropcirclecenter.com/ccdata/2008/07/30/DE20080730_A.html,22,0.516129,,,absolute dimensions unavailable; calculate scale-free ratios from imagery,COOKBOOK_EXTRACTED_ALL_IMAGES
CC-2008-07-31-MARKSUHL-TH-RINGEN,Marksuhl | Thüringen,2008-07-31,Marksuhl | Thüringen,https://www.cropcirclecenter.com/ccdata/2008/07/31/DE20080731_A.html,47,,,,absolute dimensions unavailable; calculate scale-free ratios from imagery,COOKBOOK_EXTRACTED_ALL_IMAGES
CC-2008-08-01-SHRIVENHAM-OXFORDSHIRE,Shrivenham | Oxfordshire,2008-08-01,Shrivenham | Oxfordshire,https://www.cropcirclecenter.com/ccdata/2008/08/01/UK20080801_A.html,,0.834286,,,absolute dimensions unavailable; calculate scale-free ratios from imagery,COOKBOOK_EXTRACTED_ALL_IMAGES
CC-2008-08-03-GRONE-NIEDERSACHSEN,Grone | Niedersachsen,2008-08-03,Grone | Niedersachsen,https://www.cropcirclecenter.com/ccdata/2008/08/03/DE20080803_A.html,18,0.943396,,,absolute dimensions unavailable; calculate scale-free ratios from imagery,COOKBOOK_EXTRACTED_ALL_IMAGES
CC-2008-08-03-YATESBURY-WILTSHIRE-2,Yatesbury | Wiltshire,2008-08-03,Yatesbury | Wiltshire,https://www.cropcirclecenter.com/ccdata/2008/08/03/UK20080803_B.html,,0.953757,,,absolute dimensions unavailable; calculate scale-free ratios from imagery,COOKBOOK_EXTRACTED_ALL_IMAGES
CC-2008-08-03-YATESBURY-WILTSHIRE-3,Yatesbury | Wiltshire,2008-08-03,Yatesbury | Wiltshire,https://www.cropcirclecenter.com/ccdata/2008/08/03/UK20080803_C.html,12,,,,absolute dimensions unavailable; calculate scale-free ratios from imagery,COOKBOOK_EXTRACTED_ALL_IMAGES
CC-2008-08-06-KUNSTAT-JIHOMORAVSKY-KRAJ,Kunstat | Jihomoravsky kraj,2008-08-06,Kunstat | Jihomoravsky kraj,https://www.cropcirclecenter.com/ccdata/2008/08/06/CZ20080806_A.html,25,,,,absolute dimensions unavailable; calculate scale-free ratios from imagery,COOKBOOK_EXTRACTED_ALL_IMAGES
CC-2008-08-07-HOUGHTON-LE-SPRING-TYNE-AND-WEAR-2,Houghton-le-Spring | Tyne and Wear,2008-08-07,Houghton-le-Spring | Tyne and Wear,https://www.cropcirclecenter.com/ccdata/2008/08/07/UK20080807_B.html,5,,,,absolute dimensions unavailable; calculate scale-free ratios from imagery,COOKBOOK_EXTRACTED_ALL_IMAGES
CC-2008-08-08-BISHOPS-CANNINGS-WILTSHIRE,Bishops Cannings | Wiltshire,2008-08-08,Bishops Cannings | Wiltshire,https://www.cropcirclecenter.com/ccdata/2008/08/08/UK20080808_A.html,9,,,,absolute dimensions unavailable; calculate scale-free ratios from imagery,COOKBOOK_EXTRACTED_ALL_IMAGES
CC-2008-08-08-HENS-WOOD-WILTSHIRE-2,Hens Wood | Wiltshire,2008-08-08,Hens Wood | Wiltshire,https://www.cropcirclecenter.com/ccdata/2008/08/08/UK20080808_B.html,45,,,,absolute dimensions unavailable; calculate scale-free ratios from imagery,COOKBOOK_EXTRACTED_ALL_IMAGES
CC-2008-08-09-LONGIROD-WAADT,Longirod | Waadt,2008-08-09,Longirod | Waadt,https://www.cropcirclecenter.com/ccdata/2008/08/09/CH20080809_A.html,11,,,,absolute dimensions unavailable; calculate scale-free ratios from imagery,COOKBOOK_EXTRACTED_ALL_IMAGES
CC-2008-08-09-LONGIROD-WAADT-2,Longirod | Waadt,2008-08-09,Longirod | Waadt,https://www.cropcirclecenter.com/ccdata/2008/08/09/CH20080809_B.html,9,,,,absolute dimensions unavailable; calculate scale-free ratios from imagery,COOKBOOK_EXTRACTED_ALL_IMAGES
CC-2008-08-12-CHERHILL-WILTSHIRE,Cherhill | Wiltshire,2008-08-12,Cherhill | Wiltshire,https://www.cropcirclecenter.com/ccdata/2008/08/12/UK20080812_A.html,,0.623377,,,absolute dimensions unavailable; calculate scale-free ratios from imagery,COOKBOOK_EXTRACTED_ALL_IMAGES
CC-2008-08-12-CHERHILL-WILTSHIRE-2,Cherhill | Wiltshire,2008-08-12,Cherhill | Wiltshire,https://www.cropcirclecenter.com/ccdata/2008/08/12/UK20080812_B.html,4,,,,absolute dimensions unavailable; calculate scale-free ratios from imagery,COOKBOOK_EXTRACTED_ALL_IMAGES
CC-2008-08-14-BARTON-LE-CLEY-BEDFORDSHIRE,Barton-Le-Cley | Bedfordshire,2008-08-14,Barton-Le-Cley | Bedfordshire,https://www.cropcirclecenter.com/ccdata/2008/08/14/UK20080814_A.html,,0.526667,,,absolute dimensions unavailable; calculate scale-free ratios from imagery,COOKBOOK_EXTRACTED_ALL_IMAGES
CC-2008-08-15-ETCHILHAMPTON-WILTSHIRE-2,Etchilhampton | Wiltshire,2008-08-15,Etchilhampton | Wiltshire,https://www.cropcirclecenter.com/ccdata/2008/08/15/UK20080815_B.html,3,,,,absolute dimensions unavailable; calculate scale-free ratios from imagery,COOKBOOK_EXTRACTED_ALL_IMAGES
CC-2008-08-16-OLIVER-S-CASTLE-WILTSHIRE,Oliver's Castle | Wiltshire,2008-08-16,Oliver's Castle | Wiltshire,https://www.cropcirclecenter.com/ccdata/2008/08/16/UK20080816_A.html,,0.611111,,,absolute dimensions unavailable; calculate scale-free ratios from imagery,COOKBOOK_EXTRACTED_ALL_IMAGES
CC-2008-08-18-ITLU-HERZEGOVINA-NERETVA,Ä itlu | Herzegovina-Neretva,2008-08-18,Ä itlu | Herzegovina-Neretva,https://www.cropcirclecenter.com/ccdata/2008/08/18/BA20080818_A.html,47,,,,absolute dimensions unavailable; calculate scale-free ratios from imagery,COOKBOOK_EXTRACTED_ALL_IMAGES
CC-2008-08-23-HONEYSTREET-WILTSHIRE,Honeystreet | Wiltshire,2008-08-23,Honeystreet | Wiltshire,https://www.cropcirclecenter.com/ccdata/2008/08/23/UK20080823_A.html,28,,,,absolute dimensions unavailable; calculate scale-free ratios from imagery,COOKBOOK_EXTRACTED_ALL_IMAGES
CC-2008-08-23-LIDDINGTON-CASTLE-WILTSHIRE-2,Liddington Castle | Wiltshire,2008-08-23,Liddington Castle | Wiltshire,https://www.cropcirclecenter.com/ccdata/2008/08/23/UK20080823_B.html,31,,,,absolute dimensions unavailable; calculate scale-free ratios from imagery,COOKBOOK_EXTRACTED_ALL_IMAGES
CC-2008-08-25-WEDHAMPTON-WILTSHIRE-2,Wedhampton | Wiltshire,2008-08-25,Wedhampton | Wiltshire,https://www.cropcirclecenter.com/ccdata/2008/08/25/UK20080825_B.html,4,,,,absolute dimensions unavailable; calculate scale-free ratios from imagery,COOKBOOK_EXTRACTED_ALL_IMAGES
CC-2008-08-30-FLATBUSH-BRITISH-COLUMBIA,Flatbush | British Columbia,2008-08-30,Flatbush | British Columbia,https://www.cropcirclecenter.com/ccdata/2008/08/30/CA20080830_A.html,11,,,,absolute dimensions unavailable; calculate scale-free ratios from imagery,COOKBOOK_EXTRACTED_ALL_IMAGES
CC-2008-08-31-ETCHILHAMPTON-WILTSHIRE,Etchilhampton | Wiltshire,2008-08-31,Etchilhampton | Wiltshire,https://www.cropcirclecenter.com/ccdata/2008/08/31/UK20080831_A.html,,0.411429,,,absolute dimensions unavailable; calculate scale-free ratios from imagery,COOKBOOK_EXTRACTED_ALL_IMAGES
CC-2008-09-07-ALLINGTON-WILTSHIRE,Allington | Wiltshire,2008-09-07,Allington | Wiltshire,https://www.cropcirclecenter.com/ccdata/2008/09/07/UK20080907_A.html,,0.71345,,,absolute dimensions unavailable; calculate scale-free ratios from imagery,COOKBOOK_EXTRACTED_ALL_IMAGES
CC-2008-09-07-AVEBURY-WILTSHIRE-2,Avebury | Wiltshire,2008-09-07,Avebury | Wiltshire,https://www.cropcirclecenter.com/ccdata/2008/09/07/UK20080907_B.html,,0.65896,,,absolute dimensions unavailable; calculate scale-free ratios from imagery,COOKBOOK_EXTRACTED_ALL_IMAGES
CC-2008-09-14-AVEBURY-STONE-AVENUE-WILTSHIRE,Avebury Stone Avenue | Wiltshire,2008-09-14,Avebury Stone Avenue | Wiltshire,https://www.cropcirclecenter.com/ccdata/2008/09/14/UK20080914_A.html,34,,,,absolute dimensions unavailable; calculate scale-free ratios from imagery,COOKBOOK_EXTRACTED_ALL_IMAGES
CC-2008-09-28-AVEBURY-DOWN-WILTSHIRE,Avebury Down | Wiltshire,2008-09-28,Avebury Down | Wiltshire,https://www.cropcirclecenter.com/ccdata/2008/09/28/UK20080928_A.html,24,,,,absolute dimensions unavailable; calculate scale-free ratios from imagery,COOKBOOK_EXTRACTED_ALL_IMAGES
CC-2008-11-15-NIEDERNJESA-NIEDERSACHSEN,Niedernjesa | Niedersachsen,2008-11-15,Niedernjesa | Niedersachsen,https://www.cropcirclecenter.com/ccdata/2008/11/15/DE20081115_A.html,26,0.833333,,,absolute dimensions unavailable; calculate scale-free ratios from imagery,COOKBOOK_EXTRACTED_ALL_IMAGES
CC-2008-11-20-SOBRADINHO-DISTRITO-FEDERAL-DO-BRASIL,Sobradinho | Distrito Federal do Brasil,2008-11-20,Sobradinho | Distrito Federal do Brasil,https://www.cropcirclecenter.com/ccdata/2008/11/20/BR20081120_A.html,10,,,,absolute dimensions unavailable; calculate scale-free ratios from imagery,COOKBOOK_EXTRACTED_ALL_IMAGES
CC-2009-04-23-AVEBURY-WILTSHIRE,Avebury | Wiltshire,2009-04-23,Avebury | Wiltshire,https://www.cropcirclecenter.com/ccdata/2009/04/23/UK20090423_A.html,14,,,,absolute dimensions unavailable; calculate scale-free ratios from imagery,COOKBOOK_EXTRACTED_ALL_IMAGES
CC-2009-04-24-MORGANS-HILL-WILTSHIRE,Morgans Hill | Wiltshire,2009-04-24,Morgans Hill | Wiltshire,https://www.cropcirclecenter.com/ccdata/2009/04/24/UK20090424_A.html,17,,,,absolute dimensions unavailable; calculate scale-free ratios from imagery,COOKBOOK_EXTRACTED_ALL_IMAGES
CC-2009-04-25-LIDDINGTON-CASTLE-WILTSHIRE,Liddington Castle | Wiltshire,2009-04-25,Liddington Castle | Wiltshire,https://www.cropcirclecenter.com/ccdata/2009/04/25/UK20090425_A.html,26,,,,absolute dimensions unavailable; calculate scale-free ratios from imagery,COOKBOOK_EXTRACTED_ALL_IMAGES
CC-2009-05-01-WATTENBACH-HESSEN,Wattenbach | Hessen,2009-05-01,Wattenbach | Hessen,https://www.cropcirclecenter.com/ccdata/2009/05/01/DE20090501_A.html,,0.699422,,,absolute dimensions unavailable; calculate scale-free ratios from imagery,COOKBOOK_EXTRACTED_ALL_IMAGES
CC-2009-05-03-EAST-KENNETT-WILTSHIRE,East Kennett | Wiltshire,2009-05-03,East Kennett | Wiltshire,https://www.cropcirclecenter.com/ccdata/2009/05/03/UK20090503_A.html,,0.565517,,,absolute dimensions unavailable; calculate scale-free ratios from imagery,COOKBOOK_EXTRACTED_ALL_IMAGES
CC-2009-05-06-ALL-CANNINGS-WILTSHIRE,All Cannings | Wiltshire,2009-05-06,All Cannings | Wiltshire,https://www.cropcirclecenter.com/ccdata/2009/05/06/UK20090506_A.html,,0.425532,,,absolute dimensions unavailable; calculate scale-free ratios from imagery,COOKBOOK_EXTRACTED_ALL_IMAGES
CC-2009-05-09-SWINDON-WILTSHIRE,Swindon | Wiltshire,2009-05-09,Swindon | Wiltshire,https://www.cropcirclecenter.com/ccdata/2009/05/09/UK20090509_A.html,18,,,,absolute dimensions unavailable; calculate scale-free ratios from imagery,COOKBOOK_EXTRACTED_ALL_IMAGES
CC-2009-05-24-WINDMILL-HILL-WILTSHIRE-3,Windmill Hill | Wiltshire,2009-05-24,Windmill Hill | Wiltshire,https://www.cropcirclecenter.com/ccdata/2009/05/24/UK20090524_C.html,,0.95977,,,absolute dimensions unavailable; calculate scale-free ratios from imagery,COOKBOOK_EXTRACTED_ALL_IMAGES
CC-2009-05-25-BRUGHERIO-LOMBARDIA,Brugherio | Lombardia,2009-05-25,Brugherio | Lombardia,https://www.cropcirclecenter.com/ccdata/2009/05/25/IT20090525_A.html,17,,,,absolute dimensions unavailable; calculate scale-free ratios from imagery,COOKBOOK_EXTRACTED_ALL_IMAGES
CC-2009-05-31-KRASNODAR-KRASNODAR,Krasnodar | Krasnodar,2009-05-31,Krasnodar | Krasnodar,https://www.cropcirclecenter.com/ccdata/2009/05/31/RU20090531_A.html,23,,,,absolute dimensions unavailable; calculate scale-free ratios from imagery,COOKBOOK_EXTRACTED_ALL_IMAGES
CC-2009-06-03-YATESBURY-WILTSHIRE,Yatesbury | Wiltshire,2009-06-03,Yatesbury | Wiltshire,https://www.cropcirclecenter.com/ccdata/2009/06/03/UK20090603_A.html,,0.72,,,absolute dimensions unavailable; calculate scale-free ratios from imagery,COOKBOOK_EXTRACTED_ALL_IMAGES
CC-2009-06-05-MONTEIASI-PUGLIA,Monteiasi | Puglia,2009-06-05,Monteiasi | Puglia,https://www.cropcirclecenter.com/ccdata/2009/06/05/IT20090605_A.html,36,,,,absolute dimensions unavailable; calculate scale-free ratios from imagery,COOKBOOK_EXTRACTED_ALL_IMAGES
CC-2009-06-06-CASTELFRANCO-TOSCANA,Castelfranco | Toscana,2009-06-06,Castelfranco | Toscana,https://www.cropcirclecenter.com/ccdata/2009/06/06/IT20090606_A.html,,0.410072,,,absolute dimensions unavailable; calculate scale-free ratios from imagery,COOKBOOK_EXTRACTED_ALL_IMAGES
CC-2009-06-08-BOURGES-CENTRE,Bourges | Centre,2009-06-08,Bourges | Centre,https://www.cropcirclecenter.com/ccdata/2009/06/08/FR20090608_A.html,45,,,,absolute dimensions unavailable; calculate scale-free ratios from imagery,COOKBOOK_EXTRACTED_ALL_IMAGES
CC-2009-06-11-MONFORTE-D-ALBA-PIEMONTE,Monforte d'Alba | Piemonte,2009-06-11,Monforte d'Alba | Piemonte,https://www.cropcirclecenter.com/ccdata/2009/06/11/IT20090611_A.html,,0.785276,,,absolute dimensions unavailable; calculate scale-free ratios from imagery,COOKBOOK_EXTRACTED_ALL_IMAGES
CC-2009-06-12-YATESBURY-WILTSHIRE-2,Yatesbury | Wiltshire,2009-06-12,Yatesbury | Wiltshire,https://www.cropcirclecenter.com/ccdata/2009/06/12/UK20090612_B.html,,0.851429,,,absolute dimensions unavailable; calculate scale-free ratios from imagery,COOKBOOK_EXTRACTED_ALL_IMAGES
CC-2009-06-13-TAWESMEAD-COPSE-WILTSHIRE-2,Tawesmead Copse | Wiltshire,2009-06-13,Tawesmead Copse | Wiltshire,https://www.cropcirclecenter.com/ccdata/2009/06/13/UK20090613_B.html,,0.357616,,,absolute dimensions unavailable; calculate scale-free ratios from imagery,COOKBOOK_EXTRACTED_ALL_IMAGES
CC-2009-06-14-BARBURY-CASTLE-WILTSHIRE,Barbury Castle | Wiltshire,2009-06-14,Barbury Castle | Wiltshire,https://www.cropcirclecenter.com/ccdata/2009/06/14/UK20090614_A.html,,0.468571,,,absolute dimensions unavailable; calculate scale-free ratios from imagery,COOKBOOK_EXTRACTED_ALL_IMAGES
CC-2009-06-17-MOIE-VENETO,Moie | Veneto,2009-06-17,Moie | Veneto,https://www.cropcirclecenter.com/ccdata/2009/06/17/IT20090617_A.html,12,,,,absolute dimensions unavailable; calculate scale-free ratios from imagery,COOKBOOK_EXTRACTED_ALL_IMAGES
CC-2009-06-20-CASCINA-MARTINA-PIEMONTE,Cascina Martina | Piemonte,2009-06-20,Cascina Martina | Piemonte,https://www.cropcirclecenter.com/ccdata/2009/06/20/IT20090620_A.html,,0.952055,,,absolute dimensions unavailable; calculate scale-free ratios from imagery,COOKBOOK_EXTRACTED_ALL_IMAGES
CC-2009-06-21-MILK-HILL-WILTSHIRE,Milk Hill | Wiltshire,2009-06-21,Milk Hill | Wiltshire,https://www.cropcirclecenter.com/ccdata/2009/06/20/UK20090620_A.html,3,,,,absolute dimensions unavailable; calculate scale-free ratios from imagery,COOKBOOK_EXTRACTED_ALL_IMAGES
CC-2009-06-22-ROCHFORD-GOLF-COURSE-WILTSHIRE-2,Rochford Golf Course | Wiltshire,2009-06-22,Rochford Golf Course | Wiltshire,https://www.cropcirclecenter.com/ccdata/2009/06/22/UK20090622_B.html,11,,,,absolute dimensions unavailable; calculate scale-free ratios from imagery,COOKBOOK_EXTRACTED_ALL_IMAGES
CC-2009-06-23-MILK-HILL-WILTSHIRE,Milk Hill | Wiltshire,2009-06-23,Milk Hill | Wiltshire,https://www.cropcirclecenter.com/ccdata/2009/06/23/UK20090623_A.html,18,,,,absolute dimensions unavailable; calculate scale-free ratios from imagery,COOKBOOK_EXTRACTED_ALL_IMAGES
CC-2009-06-23-VIDALENGO-LOMBARDIA,Vidalengo | Lombardia,2009-06-23,Vidalengo | Lombardia,https://www.cropcirclecenter.com/ccdata/2009/06/23/IT20090623_A.html,12,,,,absolute dimensions unavailable; calculate scale-free ratios from imagery,COOKBOOK_EXTRACTED_ALL_IMAGES
CC-2009-06-24-WINTERBOURNE-BASSETT-WILTSHIRE,Winterbourne Bassett | Wiltshire,2009-06-24,Winterbourne Bassett | Wiltshire,https://www.cropcirclecenter.com/ccdata/2009/06/24/UK20090624_A.html,,0.965714,,,absolute dimensions unavailable; calculate scale-free ratios from imagery,COOKBOOK_EXTRACTED_ALL_IMAGES
CC-2009-06-25-MARTINSELL-HILL-WILTSHIRE,Martinsell Hill | Wiltshire,2009-06-25,Martinsell Hill | Wiltshire,https://www.cropcirclecenter.com/ccdata/2009/06/25/UK20090625_A.html,,0.941176,,,absolute dimensions unavailable; calculate scale-free ratios from imagery,COOKBOOK_EXTRACTED_ALL_IMAGES
CC-2009-07-01-MOMALLE-LI-GE,Momalle | Liège,2009-07-01,Momalle | Liège,https://www.cropcirclecenter.com/ccdata/2009/07/01/BE20090701_A.html,10,,,,absolute dimensions unavailable; calculate scale-free ratios from imagery,COOKBOOK_EXTRACTED_ALL_IMAGES
CC-2009-07-01-STANDDAARBUITEN-NOORD-BRABANT,Standdaarbuiten | Noord-Brabant,2009-07-01,Standdaarbuiten | Noord-Brabant,https://www.cropcirclecenter.com/ccdata/2009/07/01/NL20090701_A.html,9,,,,absolute dimensions unavailable; calculate scale-free ratios from imagery,COOKBOOK_EXTRACTED_ALL_IMAGES
CC-2009-07-02-BEZDEZ-LIBERECKY-KRAJ,Bezdez | Liberecky kraj,2009-07-02,Bezdez | Liberecky kraj,https://www.cropcirclecenter.com/ccdata/2009/07/02/CZ20090702_A.html,39,,,,absolute dimensions unavailable; calculate scale-free ratios from imagery,COOKBOOK_EXTRACTED_ALL_IMAGES
CC-2009-07-02-MILK-HILL-WILTSHIRE,Milk Hill | Wiltshire,2009-07-02,Milk Hill | Wiltshire,https://www.cropcirclecenter.com/ccdata/2009/07/01/UK20090701_A.html,,0.777143,,,absolute dimensions unavailable; calculate scale-free ratios from imagery,COOKBOOK_EXTRACTED_ALL_IMAGES
CC-2009-07-03-KESSEL-LO-BRABANT-3,Kessel-Lo | Brabant,2009-07-03,Kessel-Lo | Brabant,https://www.cropcirclecenter.com/ccdata/2009/07/33/BE20090733_C.html,17,,,,absolute dimensions unavailable; calculate scale-free ratios from imagery,COOKBOOK_EXTRACTED_ALL_IMAGES
CC-2009-07-05-FRELOUX-LI-GE,Freloux | Liège,2009-07-05,Freloux | Liège,https://www.cropcirclecenter.com/ccdata/2009/07/05/BE20090705_A.html,44,,,,absolute dimensions unavailable; calculate scale-free ratios from imagery,COOKBOOK_EXTRACTED_ALL_IMAGES
CC-2009-07-05-PFAFFENHOFEN-BAYERN,Pfaffenhofen | Bayern,2009-07-05,Pfaffenhofen | Bayern,https://www.cropcirclecenter.com/ccdata/2009/07/05/DE20090705_A.html,3,,,,absolute dimensions unavailable; calculate scale-free ratios from imagery,COOKBOOK_EXTRACTED_ALL_IMAGES
CC-2009-07-05-SILBURY-HILL-WILTSHIRE-2,Silbury Hill | Wiltshire,2009-07-05,Silbury Hill | Wiltshire,https://www.cropcirclecenter.com/ccdata/2009/07/05/UK20090705_B.html,,0.554286,,,absolute dimensions unavailable; calculate scale-free ratios from imagery,COOKBOOK_EXTRACTED_ALL_IMAGES
CC-2009-07-05-STANTON-ST-BERNARD-WILTSHIRE-3,Stanton St Bernard | Wiltshire,2009-07-05,Stanton St Bernard | Wiltshire,https://www.cropcirclecenter.com/ccdata/2009/07/05/UK20090705_C.html,8,,,,absolute dimensions unavailable; calculate scale-free ratios from imagery,COOKBOOK_EXTRACTED_ALL_IMAGES
CC-2009-07-07-STANDDAARBUITEN-NOORD-BRABANT-2,Standdaarbuiten | Noord-Brabant,2009-07-07,Standdaarbuiten | Noord-Brabant,https://www.cropcirclecenter.com/ccdata/2009/07/07/NL20090707_B.html,10,,,,absolute dimensions unavailable; calculate scale-free ratios from imagery,COOKBOOK_EXTRACTED_ALL_IMAGES
CC-2009-07-08-YATESBURY-WILTSHIRE,Yatesbury | Wiltshire,2009-07-08,Yatesbury | Wiltshire,https://www.cropcirclecenter.com/ccdata/2009/07/08/UK20090708_A.html,,0.946667,,,absolute dimensions unavailable; calculate scale-free ratios from imagery,COOKBOOK_EXTRACTED_ALL_IMAGES
CC-2009-07-09-TLMACE-NITRIANSKY-KRAJ,Tlmace | Nitriansky kraj,2009-07-09,Tlmace | Nitriansky kraj,https://www.cropcirclecenter.com/ccdata/2009/07/09/SK20090709_A.html,29,,,,absolute dimensions unavailable; calculate scale-free ratios from imagery,COOKBOOK_EXTRACTED_ALL_IMAGES
CC-2009-07-10-LITAVOU-JIHOMORAVSKY-KRAJ,Litavou | Jihomoravsky kraj,2009-07-10,Litavou | Jihomoravsky kraj,https://www.cropcirclecenter.com/ccdata/2009/07/10/CZ20090710_A.html,10,,,,absolute dimensions unavailable; calculate scale-free ratios from imagery,COOKBOOK_EXTRACTED_ALL_IMAGES
CC-2009-07-11-RADFORD-HILL-WARWICKSHIRE,Radford Hill | Warwickshire,2009-07-11,Radford Hill | Warwickshire,https://www.cropcirclecenter.com/ccdata/2009/07/11/UK20090711_A.html,15,,,,absolute dimensions unavailable; calculate scale-free ratios from imagery,COOKBOOK_EXTRACTED_ALL_IMAGES
CC-2009-07-12-H-RHAUSEN-THURGAU,Hörhausen | Thurgau,2009-07-12,Hörhausen | Thurgau,https://www.cropcirclecenter.com/ccdata/2009/07/12/CH20090712_A.html,,0.953216,,,absolute dimensions unavailable; calculate scale-free ratios from imagery,COOKBOOK_EXTRACTED_ALL_IMAGES
CC-2009-07-13-CHILCOMB-DOWN-HAMPSHIRE-2,Chilcomb Down | Hampshire,2009-07-13,Chilcomb Down | Hampshire,https://www.cropcirclecenter.com/ccdata/2009/07/13/UK20090713_B.html,4,,,,absolute dimensions unavailable; calculate scale-free ratios from imagery,COOKBOOK_EXTRACTED_ALL_IMAGES
CC-2009-07-13-HLUBOKA-PARDUBICKY-KRAJ,Hluboka | Pardubicky kraj,2009-07-13,Hluboka | Pardubicky kraj,https://www.cropcirclecenter.com/ccdata/2009/07/13/CZ20090713_A.html,7,,,,absolute dimensions unavailable; calculate scale-free ratios from imagery,COOKBOOK_EXTRACTED_ALL_IMAGES
CC-2009-07-14-HINTON-ADMIRAL-HAMPSHIRE-3,Hinton Admiral | Hampshire,2009-07-14,Hinton Admiral | Hampshire,https://www.cropcirclecenter.com/ccdata/2009/07/14/UK20090714_C.html,47,,,,absolute dimensions unavailable; calculate scale-free ratios from imagery,COOKBOOK_EXTRACTED_ALL_IMAGES
CC-2009-07-14-WILBUR-WASHINGTON,Wilbur | Washington,2009-07-14,Wilbur | Washington,https://www.cropcirclecenter.com/ccdata/2009/07/14/US20090714_A.html,15,,,,absolute dimensions unavailable; calculate scale-free ratios from imagery,COOKBOOK_EXTRACTED_ALL_IMAGES
CC-2009-07-17-KALTENHOF-MECKLENBURG-VORPOMMERN,Kaltenhof | Mecklenburg-Vorpommern,2009-07-17,Kaltenhof | Mecklenburg-Vorpommern,https://www.cropcirclecenter.com/ccdata/2009/07/17/DE20090717_A.html,5,,,,absolute dimensions unavailable; calculate scale-free ratios from imagery,COOKBOOK_EXTRACTED_ALL_IMAGES
CC-2009-07-19-BERLIN-MAHLSDORF-BERLIN,Berlin Mahlsdorf | Berlin,2009-07-19,Berlin Mahlsdorf | Berlin,https://www.cropcirclecenter.com/ccdata/2009/07/19/DE20090719_A.html,48,0.5,,,absolute dimensions unavailable; calculate scale-free ratios from imagery,COOKBOOK_EXTRACTED_ALL_IMAGES
CC-2009-07-23-HERANGE-EN-MOSELLE-LORRAINE,Herange-en-Moselle | Lorraine,2009-07-23,Herange-en-Moselle | Lorraine,https://www.cropcirclecenter.com/ccdata/2009/07/23/FR20090723_A.html,21,,,,absolute dimensions unavailable; calculate scale-free ratios from imagery,COOKBOOK_EXTRACTED_ALL_IMAGES
CC-2009-07-24-RIDDERKERK-ZUID-HOLLAND,Ridderkerk | Zuid-Holland,2009-07-24,Ridderkerk | Zuid-Holland,https://www.cropcirclecenter.com/ccdata/2009/07/24/NL20090724_A.html,14,,,,absolute dimensions unavailable; calculate scale-free ratios from imagery,COOKBOOK_EXTRACTED_ALL_IMAGES
CC-2009-07-25-ALTON-PRIORS-WILTSHIRE,Alton Priors | Wiltshire,2009-07-25,Alton Priors | Wiltshire,https://www.cropcirclecenter.com/ccdata/2009/07/25/UK20090725_A.html,40,,,,absolute dimensions unavailable; calculate scale-free ratios from imagery,COOKBOOK_EXTRACTED_ALL_IMAGES
CC-2009-07-25-ZEVENBERGEN-NOORD-BRABANT,Zevenbergen | Noord-Brabant,2009-07-25,Zevenbergen | Noord-Brabant,https://www.cropcirclecenter.com/ccdata/2009/07/25/NL20090725_A.html,26,,,,absolute dimensions unavailable; calculate scale-free ratios from imagery,COOKBOOK_EXTRACTED_ALL_IMAGES
CC-2009-07-26-H-BENTHAL,Hübenthal,2009-07-26,Hübenthal,https://www.cropcirclecenter.com/ccdata/2009/07/26/DE20090726_A.html,19,0.666667,,,absolute dimensions unavailable; calculate scale-free ratios from imagery,COOKBOOK_EXTRACTED_ALL_IMAGES
CC-2009-07-28-WINTERBOURNE-BASSETT-WILTSHIRE,Winterbourne Bassett | Wiltshire,2009-07-28,Winterbourne Bassett | Wiltshire,https://www.cropcirclecenter.com/ccdata/2009/07/28/UK20090728_A.html,,0.816176,,,absolute dimensions unavailable; calculate scale-free ratios from imagery,COOKBOOK_EXTRACTED_ALL_IMAGES
CC-2009-07-29-OGBOURNE-ST-ANDREWS-WILTSHIRE,Ogbourne St Andrews | Wiltshire,2009-07-29,Ogbourne St Andrews | Wiltshire,https://www.cropcirclecenter.com/ccdata/2009/07/29/UK20090729_A.html,,0.954887,,,absolute dimensions unavailable; calculate scale-free ratios from imagery,COOKBOOK_EXTRACTED_ALL_IMAGES
CC-2009-07-31-HACKPEN-HILL-WILTSHIRE,Hackpen Hill | Wiltshire,2009-07-31,Hackpen Hill | Wiltshire,https://www.cropcirclecenter.com/ccdata/2009/07/31/UK20090731_A.html,4,,,,absolute dimensions unavailable; calculate scale-free ratios from imagery,COOKBOOK_EXTRACTED_ALL_IMAGES
CC-2009-07-31-WADEN-HILL-WILTSHIRE-2,Waden Hill | Wiltshire,2009-07-31,Waden Hill | Wiltshire,https://www.cropcirclecenter.com/ccdata/2009/07/31/UK20090731_B.html,22,,,,absolute dimensions unavailable; calculate scale-free ratios from imagery,COOKBOOK_EXTRACTED_ALL_IMAGES
CC-2009-08-01-CERVENE-PECKY-STREDOCESKY-KRAJ,Cervene Pecky | Stredocesky kraj,2009-08-01,Cervene Pecky | Stredocesky kraj,https://www.cropcirclecenter.com/ccdata/2009/08/01/CZ20090801_A.html,28,,,,absolute dimensions unavailable; calculate scale-free ratios from imagery,COOKBOOK_EXTRACTED_ALL_IMAGES
CC-2009-08-02-HOEVEN-NOORD-BRABANT,Hoeven | Noord-Brabant,2009-08-02,Hoeven | Noord-Brabant,https://www.cropcirclecenter.com/ccdata/2009/08/02/NL20090802_A.html,,0.721893,,,absolute dimensions unavailable; calculate scale-free ratios from imagery,COOKBOOK_EXTRACTED_ALL_IMAGES
CC-2009-08-02-ILLSCHWANG-BAYERN,Illschwang | Bayern,2009-08-02,Illschwang | Bayern,https://www.cropcirclecenter.com/ccdata/2009/08/02/DE20090802_A.html,10,,,,absolute dimensions unavailable; calculate scale-free ratios from imagery,COOKBOOK_EXTRACTED_ALL_IMAGES
CC-2009-08-02-MORGANS-HILL-WILTSHIRE-2,Morgans Hill | Wiltshire,2009-08-02,Morgans Hill | Wiltshire,https://www.cropcirclecenter.com/ccdata/2009/08/02/UK20090802_B.html,,0.746835,,,absolute dimensions unavailable; calculate scale-free ratios from imagery,COOKBOOK_EXTRACTED_ALL_IMAGES
CC-2009-08-03-CROSS-DYKE-NORTH-YORKSHIRE,Cross Dyke | North Yorkshire,2009-08-03,Cross Dyke | North Yorkshire,https://www.cropcirclecenter.com/ccdata/2009/08/03/UK20090803_A.html,15,,,,absolute dimensions unavailable; calculate scale-free ratios from imagery,COOKBOOK_EXTRACTED_ALL_IMAGES
CC-2009-08-03-OLOMOUC-OLOMOUCKY-KRAJ,Olomouc | Olomoucky kraj,2009-08-03,Olomouc | Olomoucky kraj,https://www.cropcirclecenter.com/ccdata/2009/08/03/CZ20090803_A.html,20,,,,absolute dimensions unavailable; calculate scale-free ratios from imagery,COOKBOOK_EXTRACTED_ALL_IMAGES
CC-2009-08-03-SILBURY-HILL-WILTSHIRE-3,Silbury Hill | Wiltshire,2009-08-03,Silbury Hill | Wiltshire,https://www.cropcirclecenter.com/ccdata/2009/08/03/UK20090803_C.html,23,,,,absolute dimensions unavailable; calculate scale-free ratios from imagery,COOKBOOK_EXTRACTED_ALL_IMAGES
CC-2009-08-04-WHEATON-ASTON-STAFFORDSHIRE,Wheaton Aston | Staffordshire,2009-08-04,Wheaton Aston | Staffordshire,https://www.cropcirclecenter.com/ccdata/2009/08/04/UK20090804_A.html,29,,,,absolute dimensions unavailable; calculate scale-free ratios from imagery,COOKBOOK_EXTRACTED_ALL_IMAGES
CC-2009-08-07-WILHELMINAPOLDER-ZEELAND,Wilhelminapolder | Zeeland,2009-08-07,Wilhelminapolder | Zeeland,https://www.cropcirclecenter.com/ccdata/2009/08/07/NL20090807_A.html,,0.742857,,,absolute dimensions unavailable; calculate scale-free ratios from imagery,COOKBOOK_EXTRACTED_ALL_IMAGES
CC-2009-08-08-HOEVEN-NOORD-BRABANT,Hoeven | Noord-Brabant,2009-08-08,Hoeven | Noord-Brabant,https://www.cropcirclecenter.com/ccdata/2009/08/08/NL20090808_A.html,3,,,,absolute dimensions unavailable; calculate scale-free ratios from imagery,COOKBOOK_EXTRACTED_ALL_IMAGES
CC-2009-08-08-WEST-OVERTON-WILTSHIRE-3,West Overton | Wiltshire,2009-08-08,West Overton | Wiltshire,https://www.cropcirclecenter.com/ccdata/2009/08/08/UK20090808_C.html,36,,,,absolute dimensions unavailable; calculate scale-free ratios from imagery,COOKBOOK_EXTRACTED_ALL_IMAGES
CC-2009-08-12-WAYLAND-S-SMITHY-OXFORDSHIRE,Wayland's Smithy | Oxfordshire,2009-08-12,Wayland's Smithy | Oxfordshire,https://www.cropcirclecenter.com/ccdata/2009/08/12/UK20090812_A.html,,0.737143,,,absolute dimensions unavailable; calculate scale-free ratios from imagery,COOKBOOK_EXTRACTED_ALL_IMAGES
CC-2009-08-15-WEYMOUTH-DORSET,Weymouth | Dorset,2009-08-15,Weymouth | Dorset,https://www.cropcirclecenter.com/ccdata/2009/08/15/UK20090815_A.html,30,,,,absolute dimensions unavailable; calculate scale-free ratios from imagery,COOKBOOK_EXTRACTED_ALL_IMAGES
CC-2009-08-20-ROLINGEN-AKERSHUS,Rolingen | Akershus,2009-08-20,Rolingen | Akershus,https://www.cropcirclecenter.com/ccdata/2009/08/20/NO20090820_A.html,,0.503145,,,absolute dimensions unavailable; calculate scale-free ratios from imagery,COOKBOOK_EXTRACTED_ALL_IMAGES
CC-2009-08-25-STETTLER-ALBERTA,Stettler | Alberta,2009-08-25,Stettler | Alberta,https://www.cropcirclecenter.com/ccdata/2009/08/25/CA20090825_A.html,9,,,,absolute dimensions unavailable; calculate scale-free ratios from imagery,COOKBOOK_EXTRACTED_ALL_IMAGES
CC-2009-09-19-MOOSE-JAW-SASKATCHEWAN,Moose Jaw | Saskatchewan,2009-09-19,Moose Jaw | Saskatchewan,https://www.cropcirclecenter.com/ccdata/2009/09/19/CA20090919_A.html,10,,,,absolute dimensions unavailable; calculate scale-free ratios from imagery,COOKBOOK_EXTRACTED_ALL_IMAGES
CC-2009-09-27-HOEVEN-NOORD-BRABANT,Hoeven | Noord-Brabant,2009-09-27,Hoeven | Noord-Brabant,https://www.cropcirclecenter.com/ccdata/2009/09/27/NL20090927_A.html,41,,,,absolute dimensions unavailable; calculate scale-free ratios from imagery,COOKBOOK_EXTRACTED_ALL_IMAGES
CC-2009-10-05-HOEVEN-NOORD-BRABANT,Hoeven | Noord-Brabant,2009-10-05,Hoeven | Noord-Brabant,https://www.cropcirclecenter.com/ccdata/2009/10/05/NL20091005_A.html,,0.742857,,,absolute dimensions unavailable; calculate scale-free ratios from imagery,COOKBOOK_EXTRACTED_ALL_IMAGES
CC-2009-10-29-IPUACU-RIO-GRANDE-DO-SUL,Ipuacu | Rio Grande do Sul,2009-10-29,Ipuacu | Rio Grande do Sul,https://www.cropcirclecenter.com/ccdata/2009/10/29/BR20091029_A.html,4,,,,absolute dimensions unavailable; calculate scale-free ratios from imagery,COOKBOOK_EXTRACTED_ALL_IMAGES
CC-2009-12-22-HOEVEN-NOORD-BRABANT,Hoeven | Noord-Brabant,2009-12-22,Hoeven | Noord-Brabant,https://www.cropcirclecenter.com/ccdata/2009/12/22/NL20091222_A.html,22,,,,absolute dimensions unavailable; calculate scale-free ratios from imagery,COOKBOOK_EXTRACTED_ALL_IMAGES
CC-2010-02-01-ALBURY-CANTERBURY,Albury | Canterbury,2010-02-01,Albury | Canterbury,https://www.cropcirclecenter.com/ccdata/2010/02/01/NZ20100201_A.html,42,,,,absolute dimensions unavailable; calculate scale-free ratios from imagery,COOKBOOK_EXTRACTED_ALL_IMAGES
CC-2010-04-03-TARQUINIA-LAZIO,Tarquinia | Lazio,2010-04-03,Tarquinia | Lazio,https://www.cropcirclecenter.com/ccdata/2010/04/32/IT20100432_A.html,4,,,,absolute dimensions unavailable; calculate scale-free ratios from imagery,COOKBOOK_EXTRACTED_ALL_IMAGES
CC-2010-05-02-BAGNOLO-MELLA-LOMBARDIA,Bagnolo Mella | Lombardia,2010-05-02,Bagnolo Mella | Lombardia,https://www.cropcirclecenter.com/ccdata/2010/05/02/IT20100502_A.html,39,,,,absolute dimensions unavailable; calculate scale-free ratios from imagery,COOKBOOK_EXTRACTED_ALL_IMAGES
CC-2010-05-09-STONEHENGE-WILTSHIRE,Stonehenge | Wiltshire,2010-05-09,Stonehenge | Wiltshire,https://www.cropcirclecenter.com/ccdata/2010/05/09/UK20100509_A.html,,0.275862,,,absolute dimensions unavailable; calculate scale-free ratios from imagery,COOKBOOK_EXTRACTED_ALL_IMAGES
CC-2010-05-14-ZIERENBERG-HESSEN,Zierenberg | Hessen,2010-05-14,Zierenberg | Hessen,https://www.cropcirclecenter.com/ccdata/2010/05/14/DE20100514_A.html,4,0.872483,,,absolute dimensions unavailable; calculate scale-free ratios from imagery,COOKBOOK_EXTRACTED_ALL_IMAGES
CC-2010-05-16-YARNBURY-CASTLE-WILTSHIRE,Yarnbury Castle | Wiltshire,2010-05-16,Yarnbury Castle | Wiltshire,https://www.cropcirclecenter.com/ccdata/2010/05/16/UK20100516_A.html,,0.148571,,,absolute dimensions unavailable; calculate scale-free ratios from imagery,COOKBOOK_EXTRACTED_ALL_IMAGES
CC-2010-05-22-SAN-MARCO-ALLE-PALUDI-COSENZA,San Marco alle Paludi | Cosenza,2010-05-22,San Marco alle Paludi | Cosenza,https://www.cropcirclecenter.com/ccdata/2010/05/22/IT20100522_A.html,3,,,,absolute dimensions unavailable; calculate scale-free ratios from imagery,COOKBOOK_EXTRACTED_ALL_IMAGES
CC-2010-05-22-WILTON-WILTSHIRE,Wilton | Wiltshire,2010-05-22,Wilton | Wiltshire,https://www.cropcirclecenter.com/ccdata/2010/05/22/UK20100522_A.html,,0.491329,,,absolute dimensions unavailable; calculate scale-free ratios from imagery,COOKBOOK_EXTRACTED_ALL_IMAGES
CC-2010-05-23-ZIERENBERG-HESSEN,Zierenberg | Hessen,2010-05-23,Zierenberg | Hessen,https://www.cropcirclecenter.com/ccdata/2010/05/23/DE20100523_A.html,7,0.351724,,,absolute dimensions unavailable; calculate scale-free ratios from imagery,COOKBOOK_EXTRACTED_ALL_IMAGES
CC-2010-05-26-ROH-MILANO,Roh | MIlano,2010-05-26,Roh | MIlano,https://www.cropcirclecenter.com/ccdata/2010/05/26/IT20100526_A.html,35,,,,absolute dimensions unavailable; calculate scale-free ratios from imagery,COOKBOOK_EXTRACTED_ALL_IMAGES
CC-2010-05-26-SAN-BENIGNO-PIEMONTE-2,San Benigno | Piemonte,2010-05-26,San Benigno | Piemonte,https://www.cropcirclecenter.com/ccdata/2010/05/26/IT20100526_B.html,26,,,,absolute dimensions unavailable; calculate scale-free ratios from imagery,COOKBOOK_EXTRACTED_ALL_IMAGES
CC-2010-05-28-BASIANO-MILANO,Basiano | MIlano,2010-05-28,Basiano | MIlano,https://www.cropcirclecenter.com/ccdata/2010/05/28/IT20100528_A.html,35,,,,absolute dimensions unavailable; calculate scale-free ratios from imagery,COOKBOOK_EXTRACTED_ALL_IMAGES
CC-2010-05-28-GRANAROLO-FAENZA-EMILIA-ROMAGNA-2,Granarolo Faenza | Emilia-Romagna,2010-05-28,Granarolo Faenza | Emilia-Romagna,https://www.cropcirclecenter.com/ccdata/2010/05/28/IT20100528_B.html,6,,,,absolute dimensions unavailable; calculate scale-free ratios from imagery,COOKBOOK_EXTRACTED_ALL_IMAGES
CC-2010-05-29-LIDO-DI-FERMO-MARCHE,Lido di Fermo | Marche,2010-05-29,Lido di Fermo | Marche,https://www.cropcirclecenter.com/ccdata/2010/05/29/IT20100529_A.html,4,,,,absolute dimensions unavailable; calculate scale-free ratios from imagery,COOKBOOK_EXTRACTED_ALL_IMAGES
CC-2010-05-31-TRIBANO-VENETO,Tribano | Veneto,2010-05-31,Tribano | Veneto,https://www.cropcirclecenter.com/ccdata/2010/05/31/IT20100531_A.html,42,,,,absolute dimensions unavailable; calculate scale-free ratios from imagery,COOKBOOK_EXTRACTED_ALL_IMAGES
CC-2010-05-31-WESTWOODS-WILTSHIRE-2,Westwoods | Wiltshire,2010-05-31,Westwoods | Wiltshire,https://www.cropcirclecenter.com/ccdata/2010/05/31/UK20100531_B.html,26,,,,absolute dimensions unavailable; calculate scale-free ratios from imagery,COOKBOOK_EXTRACTED_ALL_IMAGES
CC-2010-06-01-PRIOCCA-PIEMONTE,Priocca | Piemonte,2010-06-01,Priocca | Piemonte,https://www.cropcirclecenter.com/ccdata/2010/06/01/IT20100601_A.html,4,,,,absolute dimensions unavailable; calculate scale-free ratios from imagery,COOKBOOK_EXTRACTED_ALL_IMAGES
CC-2010-06-03-SANTA-MARIA-D-ADIGE-VENETO,Santa Maria d'Adige | Veneto,2010-06-03,Santa Maria d'Adige | Veneto,https://www.cropcirclecenter.com/ccdata/2010/06/03/IT20100603_A.html,8,,,,absolute dimensions unavailable; calculate scale-free ratios from imagery,COOKBOOK_EXTRACTED_ALL_IMAGES
CC-2010-06-05-MONTAGNANA-VENETO,Montagnana | Veneto,2010-06-05,Montagnana | Veneto,https://www.cropcirclecenter.com/ccdata/2010/06/05/IT20100605_A.html,31,,,,absolute dimensions unavailable; calculate scale-free ratios from imagery,COOKBOOK_EXTRACTED_ALL_IMAGES
CC-2010-06-08-WAMONT-VLAAMS-GEWEST,Wamont | Vlaams Gewest,2010-06-08,Wamont | Vlaams Gewest,https://www.cropcirclecenter.com/ccdata/2010/06/08/BE20100608_A.html,3,,,,absolute dimensions unavailable; calculate scale-free ratios from imagery,COOKBOOK_EXTRACTED_ALL_IMAGES
CC-2010-06-10-VARANO-MARCHE,Varano | Marche,2010-06-10,Varano | Marche,https://www.cropcirclecenter.com/ccdata/2010/06/09/IT20100609_A.html,15,,,,absolute dimensions unavailable; calculate scale-free ratios from imagery,COOKBOOK_EXTRACTED_ALL_IMAGES
CC-2010-06-11-SAN-ANDREA-EMILIA-ROMAGNA,San Andrea | Emilia-Romagna,2010-06-11,San Andrea | Emilia-Romagna,https://www.cropcirclecenter.com/ccdata/2010/06/11/IT20100611_A.html,3,,,,absolute dimensions unavailable; calculate scale-free ratios from imagery,COOKBOOK_EXTRACTED_ALL_IMAGES
CC-2010-06-12-MEENSEN-NIEDERSACHSEN,Meensen | NIedersachsen,2010-06-12,Meensen | NIedersachsen,https://www.cropcirclecenter.com/ccdata/2010/06/12/DE20100612_A.html,13,,,,absolute dimensions unavailable; calculate scale-free ratios from imagery,COOKBOOK_EXTRACTED_ALL_IMAGES
CC-2010-06-20-UMBERTIDE-UMBRIA,Umbertide | Umbria,2010-06-20,Umbertide | Umbria,https://www.cropcirclecenter.com/ccdata/2010/06/20/IT20100620_A.html,35,,,,absolute dimensions unavailable; calculate scale-free ratios from imagery,COOKBOOK_EXTRACTED_ALL_IMAGES
CC-2010-06-21-OARE-WILTSHIRE,Oare | Wiltshire,2010-06-21,Oare | Wiltshire,https://www.cropcirclecenter.com/ccdata/2010/06/21/UK20100621_A.html,,0.251429,,,absolute dimensions unavailable; calculate scale-free ratios from imagery,COOKBOOK_EXTRACTED_ALL_IMAGES
CC-2010-06-23-SAVERNAKE-FOREST-WILTSHIRE,Savernake Forest | Wiltshire,2010-06-23,Savernake Forest | Wiltshire,https://www.cropcirclecenter.com/ccdata/2010/06/23/UK20100623_A.html,,0.908571,,,absolute dimensions unavailable; calculate scale-free ratios from imagery,COOKBOOK_EXTRACTED_ALL_IMAGES
CC-2010-06-24-CAMPI-BISENZIO-TOSCANA,Campi Bisenzio | Toscana,2010-06-24,Campi Bisenzio | Toscana,https://www.cropcirclecenter.com/ccdata/2010/06/24/IT20100624_A.html,,0.549708,,,absolute dimensions unavailable; calculate scale-free ratios from imagery,COOKBOOK_EXTRACTED_ALL_IMAGES
CC-2010-06-26-ETTEN-LEUR-NOORD-BRABANT,Etten-Leur | Noord-Brabant,2010-06-26,Etten-Leur | Noord-Brabant,https://www.cropcirclecenter.com/ccdata/2010/06/26/NL20100626_A.html,14,,,,absolute dimensions unavailable; calculate scale-free ratios from imagery,COOKBOOK_EXTRACTED_ALL_IMAGES
CC-2010-06-28-SVETI-MARTIN-ISTARSKA,Sveti Martin | Istarska,2010-06-28,Sveti Martin | Istarska,https://www.cropcirclecenter.com/ccdata/2010/06/28/HR20100628_A.html,10,,,,absolute dimensions unavailable; calculate scale-free ratios from imagery,COOKBOOK_EXTRACTED_ALL_IMAGES
CC-2010-06-29-MERLANA-FRIULI-VENEZIA-GIULIA,Merlana | Friuli-Venezia-Giulia,2010-06-29,Merlana | Friuli-Venezia-Giulia,https://www.cropcirclecenter.com/ccdata/2010/06/29/IT20100629_A.html,43,,,,absolute dimensions unavailable; calculate scale-free ratios from imagery,COOKBOOK_EXTRACTED_ALL_IMAGES
CC-2010-06-29-SPIRANO-LOMBARDIA-2,Spirano | Lombardia,2010-06-29,Spirano | Lombardia,https://www.cropcirclecenter.com/ccdata/2010/06/29/IT20100629_B.html,44,,,,absolute dimensions unavailable; calculate scale-free ratios from imagery,COOKBOOK_EXTRACTED_ALL_IMAGES
CC-2010-06-30-GRO-SCHNEEN-NIEDERSACHSEN-2,Groß Schneen | Niedersachsen,2010-06-30,Groß Schneen | Niedersachsen,https://www.cropcirclecenter.com/ccdata/2010/06/30/DE20100630_B.html,,0.223077,,,absolute dimensions unavailable; calculate scale-free ratios from imagery,COOKBOOK_EXTRACTED_ALL_IMAGES
CC-2010-07-01-FOGLIZZO-PIEMONTE,Foglizzo | Piemonte,2010-07-01,Foglizzo | Piemonte,https://www.cropcirclecenter.com/ccdata/2010/06/30/IT20100630_A.html,32,,,,absolute dimensions unavailable; calculate scale-free ratios from imagery,COOKBOOK_EXTRACTED_ALL_IMAGES
CC-2010-07-05-MERE-WILTSHIRE-2,Mere | Wiltshire,2010-07-05,Mere | Wiltshire,https://www.cropcirclecenter.com/ccdata/2010/07/05/UK20100705_B.html,3,,,,absolute dimensions unavailable; calculate scale-free ratios from imagery,COOKBOOK_EXTRACTED_ALL_IMAGES
CC-2010-07-06-DANEBURY-HILL-HAMPSHIRE,Danebury Hill | Hampshire,2010-07-06,Danebury Hill | Hampshire,https://www.cropcirclecenter.com/ccdata/2010/07/05/UK20100705_A.html,25,,,,absolute dimensions unavailable; calculate scale-free ratios from imagery,COOKBOOK_EXTRACTED_ALL_IMAGES
CC-2010-07-08-WISMAR-MECKLENBURG-VORPOMMERN,Wismar | Mecklenburg-Vorpommern,2010-07-08,Wismar | Mecklenburg-Vorpommern,https://www.cropcirclecenter.com/ccdata/2010/07/08/DE20100708_A.html,7,0.490566,,,absolute dimensions unavailable; calculate scale-free ratios from imagery,COOKBOOK_EXTRACTED_ALL_IMAGES
CC-2010-07-09-CLEY-HILL-WILTSHIRE,Cley Hill | Wiltshire,2010-07-09,Cley Hill | Wiltshire,https://www.cropcirclecenter.com/ccdata/2010/07/09/UK20100709_A.html,,0.462857,,,absolute dimensions unavailable; calculate scale-free ratios from imagery,COOKBOOK_EXTRACTED_ALL_IMAGES
CC-2010-07-09-STANDDAARBUITEN-NOORD-BRABANT,Standdaarbuiten | Noord-Brabant,2010-07-09,Standdaarbuiten | Noord-Brabant,https://www.cropcirclecenter.com/ccdata/2010/07/09/NL20100709_A.html,12,,,,absolute dimensions unavailable; calculate scale-free ratios from imagery,COOKBOOK_EXTRACTED_ALL_IMAGES
CC-2010-07-10-GUYS-CLIFFE-WARWICKSHIRE,Guys Cliffe | Warwickshire,2010-07-10,Guys Cliffe | Warwickshire,https://www.cropcirclecenter.com/ccdata/2010/07/10/UK20100710_A.html,,0.94702,,,absolute dimensions unavailable; calculate scale-free ratios from imagery,COOKBOOK_EXTRACTED_ALL_IMAGES
CC-2010-07-11-MOMALLE-WALLONIE,Momalle | Wallonie,2010-07-11,Momalle | Wallonie,https://www.cropcirclecenter.com/ccdata/2010/07/11/BE20100711_A.html,6,,,,absolute dimensions unavailable; calculate scale-free ratios from imagery,COOKBOOK_EXTRACTED_ALL_IMAGES
CC-2010-07-12-STOCKBRIDGE-HAMPSHIRE-2,Stockbridge | Hampshire,2010-07-12,Stockbridge | Hampshire,https://www.cropcirclecenter.com/ccdata/2010/07/12/UK20100712_B.html,3,,,,absolute dimensions unavailable; calculate scale-free ratios from imagery,COOKBOOK_EXTRACTED_ALL_IMAGES
CC-2010-07-14-SLAPANICE-JIHOMORAVSKY-KRAJ-2,Slapanice | Jihomoravsky kraj,2010-07-14,Slapanice | Jihomoravsky kraj,https://www.cropcirclecenter.com/ccdata/2010/07/14/CZ20100714_B.html,8,,,,absolute dimensions unavailable; calculate scale-free ratios from imagery,COOKBOOK_EXTRACTED_ALL_IMAGES
CC-2010-07-16-OBERSCHLEI-HEIM-BAYERN,Oberschleißheim | Bayern,2010-07-16,Oberschleißheim | Bayern,https://www.cropcirclecenter.com/ccdata/2010/07/16/DE20100716_A.html,26,0.248322,,,absolute dimensions unavailable; calculate scale-free ratios from imagery,COOKBOOK_EXTRACTED_ALL_IMAGES
CC-2010-07-17-FARLEY-MOUNT-HAMPSHIRE,Farley Mount | Hampshire,2010-07-17,Farley Mount | Hampshire,https://www.cropcirclecenter.com/ccdata/2010/07/17/UK20100717_A.html,25,0.608434,,,absolute dimensions unavailable; calculate scale-free ratios from imagery,COOKBOOK_EXTRACTED_ALL_IMAGES
CC-2010-07-17-VERNHAM-DEAN-WILTSHIRE-2,Vernham Dean | Wiltshire,2010-07-17,Vernham Dean | Wiltshire,https://www.cropcirclecenter.com/ccdata/2010/07/17/UK20100717_B.html,,0.971429,,,absolute dimensions unavailable; calculate scale-free ratios from imagery,COOKBOOK_EXTRACTED_ALL_IMAGES
CC-2010-07-17-WENTWORTH-CASTLE-SOUTH-YORKSHIRE-3,Wentworth Castle | South Yorkshire,2010-07-17,Wentworth Castle | South Yorkshire,https://www.cropcirclecenter.com/ccdata/2010/07/17/UK20100717_C.html,18,,,,absolute dimensions unavailable; calculate scale-free ratios from imagery,COOKBOOK_EXTRACTED_ALL_IMAGES
CC-2010-07-19-VOLTERRA-TOSCANA,Volterra | Toscana,2010-07-19,Volterra | Toscana,https://www.cropcirclecenter.com/ccdata/2010/07/19/IT20100719_A.html,26,0.971098,,,absolute dimensions unavailable; calculate scale-free ratios from imagery,COOKBOOK_EXTRACTED_ALL_IMAGES
CC-2010-07-21-ZEVENBERG-NOORD-BRABANT,Zevenberg | Noord-Brabant,2010-07-21,Zevenberg | Noord-Brabant,https://www.cropcirclecenter.com/ccdata/2010/07/21/NL20100721_A.html,34,,,,absolute dimensions unavailable; calculate scale-free ratios from imagery,COOKBOOK_EXTRACTED_ALL_IMAGES
CC-2010-07-22-WISMAR-MECKLENBURG-VORPOMMERN,Wismar | Mecklenburg-Vorpommern,2010-07-22,Wismar | Mecklenburg-Vorpommern,https://www.cropcirclecenter.com/ccdata/2010/07/22/DE20100722_A.html,11,,,,absolute dimensions unavailable; calculate scale-free ratios from imagery,COOKBOOK_EXTRACTED_ALL_IMAGES
CC-2010-07-23-ASSEN-DRENTHE,Assen | Drenthe,2010-07-23,Assen | Drenthe,https://www.cropcirclecenter.com/ccdata/2010/07/23/NL20100723_A.html,4,,,,absolute dimensions unavailable; calculate scale-free ratios from imagery,COOKBOOK_EXTRACTED_ALL_IMAGES
CC-2010-07-23-OOST-SOUBURG-ZEELAND-2,Oost-Souburg | Zeeland,2010-07-23,Oost-Souburg | Zeeland,https://www.cropcirclecenter.com/ccdata/2010/07/23/NL20100723_B.html,5,,,,absolute dimensions unavailable; calculate scale-free ratios from imagery,COOKBOOK_EXTRACTED_ALL_IMAGES
CC-2010-07-23-ZEVENBERGEN-NOORD-BRABANT-3,Zevenbergen | Noord-Brabant,2010-07-23,Zevenbergen | Noord-Brabant,https://www.cropcirclecenter.com/ccdata/2010/07/23/NL20100723_C.html,23,,,,absolute dimensions unavailable; calculate scale-free ratios from imagery,COOKBOOK_EXTRACTED_ALL_IMAGES
CC-2010-07-24-LE-VIGEN-LIMOUSIN,Le Vigen | Limousin,2010-07-24,Le Vigen | Limousin,https://www.cropcirclecenter.com/ccdata/2010/07/24/FR20100724_A.html,18,,,,absolute dimensions unavailable; calculate scale-free ratios from imagery,COOKBOOK_EXTRACTED_ALL_IMAGES
CC-2010-07-25-ROUNDWAY-HILL-WILTSHIRE-2,Roundway Hill | Wiltshire,2010-07-25,Roundway Hill | Wiltshire,https://www.cropcirclecenter.com/ccdata/2010/07/25/UK20100725_B.html,,0.62069,,,absolute dimensions unavailable; calculate scale-free ratios from imagery,COOKBOOK_EXTRACTED_ALL_IMAGES
CC-2010-07-29-OLEYE-WALLONIE,Oleye | Wallonie,2010-07-29,Oleye | Wallonie,https://www.cropcirclecenter.com/ccdata/2010/07/29/BE20100729_A.html,10,,,,absolute dimensions unavailable; calculate scale-free ratios from imagery,COOKBOOK_EXTRACTED_ALL_IMAGES
CC-2010-07-29-VELESOVICE-JIHOMORAVSKY-KRAJ,Velesovice | Jihomoravsky kraj,2010-07-29,Velesovice | Jihomoravsky kraj,https://www.cropcirclecenter.com/ccdata/2010/07/29/CZ20100729_A.html,17,,,,absolute dimensions unavailable; calculate scale-free ratios from imagery,COOKBOOK_EXTRACTED_ALL_IMAGES
CC-2010-07-30-WICKHAM-GREEN-BUCKINGAMSHIRE,Wickham Green | Buckingamshire,2010-07-30,Wickham Green | Buckingamshire,https://www.cropcirclecenter.com/ccdata/2010/07/30/UK20100730_A.html,,0.782857,,,absolute dimensions unavailable; calculate scale-free ratios from imagery,COOKBOOK_EXTRACTED_ALL_IMAGES
CC-2010-07-30-WICKHAM-GREEN-BUCKINGAMSHIRE-2,Wickham Green | Buckingamshire,2010-07-30,Wickham Green | Buckingamshire,https://www.cropcirclecenter.com/ccdata/2010/07/30/UK20100730_B.html,,0.445714,,,absolute dimensions unavailable; calculate scale-free ratios from imagery,COOKBOOK_EXTRACTED_ALL_IMAGES
CC-2010-08-01-WESTBURY-WILTSHIRE,Westbury | Wiltshire,2010-08-01,Westbury | Wiltshire,https://www.cropcirclecenter.com/ccdata/2010/08/01/UK20100801_A.html,3,,,,absolute dimensions unavailable; calculate scale-free ratios from imagery,COOKBOOK_EXTRACTED_ALL_IMAGES
CC-2010-08-02-ROCHFORD-ESSEX,Rochford | Essex,2010-08-02,Rochford | Essex,https://www.cropcirclecenter.com/ccdata/2010/08/02/UK20100802_A.html,23,,,,absolute dimensions unavailable; calculate scale-free ratios from imagery,COOKBOOK_EXTRACTED_ALL_IMAGES
CC-2010-08-03-LURKELEY-HILL-WILTSHIRE-2,Lurkeley Hill | Wiltshire,2010-08-03,Lurkeley Hill | Wiltshire,https://www.cropcirclecenter.com/ccdata/2010/08/03/UK20100803_B.html,6,,,,absolute dimensions unavailable; calculate scale-free ratios from imagery,COOKBOOK_EXTRACTED_ALL_IMAGES
CC-2010-08-03-MITTWEIDA-SACHSEN,Mittweida | Sachsen,2010-08-03,Mittweida | Sachsen,https://www.cropcirclecenter.com/ccdata/2010/08/03/DE20100803_A.html,6,,,,absolute dimensions unavailable; calculate scale-free ratios from imagery,COOKBOOK_EXTRACTED_ALL_IMAGES
CC-2010-08-03-PEWSEY-WILTSHIRE-3,Pewsey | Wiltshire,2010-08-03,Pewsey | Wiltshire,https://www.cropcirclecenter.com/ccdata/2010/08/03/UK20100803_C.html,19,,,,absolute dimensions unavailable; calculate scale-free ratios from imagery,COOKBOOK_EXTRACTED_ALL_IMAGES
CC-2010-08-03-WHITEFIELD-HILL-WILTSHIRE,Whitefield Hill | Wiltshire,2010-08-03,Whitefield Hill | Wiltshire,https://www.cropcirclecenter.com/ccdata/2010/08/03/UK20100803_D.html,,0.697143,,,absolute dimensions unavailable; calculate scale-free ratios from imagery,COOKBOOK_EXTRACTED_ALL_IMAGES
CC-2010-08-05-TRENT-BARROW-DORSET,Trent Barrow | Dorset,2010-08-05,Trent Barrow | Dorset,https://www.cropcirclecenter.com/ccdata/2010/08/05/UK20100805_A.html,29,,,,absolute dimensions unavailable; calculate scale-free ratios from imagery,COOKBOOK_EXTRACTED_ALL_IMAGES
CC-2010-08-06-MUDFORD-SOMERSET,Mudford | Somerset,2010-08-06,Mudford | Somerset,https://www.cropcirclecenter.com/ccdata/2010/08/06/UK20100806_A.html,3,,,,absolute dimensions unavailable; calculate scale-free ratios from imagery,COOKBOOK_EXTRACTED_ALL_IMAGES
CC-2010-08-07-ZEVEN-NIEDERSACHSEN,Zeven | Niedersachsen,2010-08-07,Zeven | Niedersachsen,https://www.cropcirclecenter.com/ccdata/2010/08/07/DE20100807_A.html,13,0.96124,,,absolute dimensions unavailable; calculate scale-free ratios from imagery,COOKBOOK_EXTRACTED_ALL_IMAGES
CC-2010-08-09-RHUS-TELEMARK,Århus | Telemark,2010-08-09,Århus | Telemark,https://www.cropcirclecenter.com/ccdata/2010/08/09/NO20100809_A.html,10,,,,absolute dimensions unavailable; calculate scale-free ratios from imagery,COOKBOOK_EXTRACTED_ALL_IMAGES
CC-2010-08-09-STANTON-ST-BERNARD-WILTSHIRE-3,Stanton St Bernard | Wiltshire,2010-08-09,Stanton St Bernard | Wiltshire,https://www.cropcirclecenter.com/ccdata/2010/08/08/UK20100808_C.html,,0.91716,,,absolute dimensions unavailable; calculate scale-free ratios from imagery,COOKBOOK_EXTRACTED_ALL_IMAGES
CC-2010-08-11-ROZSEC-KRAY-VYSOCINA-2,Rozsec | Kray Vysocina,2010-08-11,Rozsec | Kray Vysocina,https://www.cropcirclecenter.com/ccdata/2010/08/11/CZ20100811_B.html,29,,,,absolute dimensions unavailable; calculate scale-free ratios from imagery,COOKBOOK_EXTRACTED_ALL_IMAGES
CC-2010-08-11-SKALICE-NAD-SVITAVOU-JIHOMORAVSKY-KRAJ,Skalice Nad Svitavou | Jihomoravsky kraj,2010-08-11,Skalice Nad Svitavou | Jihomoravsky kraj,https://www.cropcirclecenter.com/ccdata/2010/08/11/CZ20100811_A.html,5,,,,absolute dimensions unavailable; calculate scale-free ratios from imagery,COOKBOOK_EXTRACTED_ALL_IMAGES
CC-2010-08-13-NORTHDOWN-WILTSHIRE,Northdown | Wiltshire,2010-08-13,Northdown | Wiltshire,https://www.cropcirclecenter.com/ccdata/2010/08/13/UK20100813_A.html,,0.885714,,,absolute dimensions unavailable; calculate scale-free ratios from imagery,COOKBOOK_EXTRACTED_ALL_IMAGES
CC-2010-08-15-BALLESTAD-TELEMARK,Ballestad | Telemark,2010-08-15,Ballestad | Telemark,https://www.cropcirclecenter.com/ccdata/2010/08/15/NO20100815_A.html,3,,,,absolute dimensions unavailable; calculate scale-free ratios from imagery,COOKBOOK_EXTRACTED_ALL_IMAGES
CC-2010-08-16-AVEBURY-AVENUE-WILTSHIRE,Avebury Avenue | Wiltshire,2010-08-16,Avebury Avenue | Wiltshire,https://www.cropcirclecenter.com/ccdata/2010/08/16/UK20100816_A.html,,0.971429,,,absolute dimensions unavailable; calculate scale-free ratios from imagery,COOKBOOK_EXTRACTED_ALL_IMAGES
CC-2010-08-17-LURKELEY-HILL-WILTSHIRE,Lurkeley Hill | Wiltshire,2010-08-17,Lurkeley Hill | Wiltshire,https://www.cropcirclecenter.com/ccdata/2010/08/17/UK20100817_A.html,37,0.47619,,,absolute dimensions unavailable; calculate scale-free ratios from imagery,COOKBOOK_EXTRACTED_ALL_IMAGES
CC-2010-08-23-ST-ANDREWS-GUERNSEY,St Andrews | Guernsey,2010-08-23,St Andrews | Guernsey,https://www.cropcirclecenter.com/ccdata/2010/08/23/UK20100823_A.html,3,,,,absolute dimensions unavailable; calculate scale-free ratios from imagery,COOKBOOK_EXTRACTED_ALL_IMAGES
CC-2010-09-18-R-LLINGEN-AKERSHUS,Rællingen | Akershus,2010-09-18,Rællingen | Akershus,https://www.cropcirclecenter.com/ccdata/2010/09/18/NO20100918_A.html,16,,,,absolute dimensions unavailable; calculate scale-free ratios from imagery,COOKBOOK_EXTRACTED_ALL_IMAGES
CC-2010-09-26-BISHOPS-CANNINGS-WILTSHIRE,Bishops Cannings | Wiltshire,2010-09-26,Bishops Cannings | Wiltshire,https://www.cropcirclecenter.com/ccdata/2010/09/26/UK20100926_A.html,38,,,,absolute dimensions unavailable; calculate scale-free ratios from imagery,COOKBOOK_EXTRACTED_ALL_IMAGES
CC-2010-09-26-OVERTON-HILL-WILTSHIRE-2,Overton Hill | Wiltshire,2010-09-26,Overton Hill | Wiltshire,https://www.cropcirclecenter.com/ccdata/2010/09/26/UK20100926_B.html,5,,,,absolute dimensions unavailable; calculate scale-free ratios from imagery,COOKBOOK_EXTRACTED_ALL_IMAGES
CC-2010-10-02-ONTARIO,Ontario,2010-10-02,Ontario,https://www.cropcirclecenter.com/ccdata/2010/10/02/US20101002_A.html,3,,,,absolute dimensions unavailable; calculate scale-free ratios from imagery,COOKBOOK_EXTRACTED_ALL_IMAGES
CC-2010-UNKNOWN-MOMALLE-WALLONIE,Momalle | Wallonie,2010-unknown,Momalle | Wallonie,https://www.cropcirclecenter.com/ccdata/2010/06/15/BE20100615_A.html,23,,,,absolute dimensions unavailable; calculate scale-free ratios from imagery,COOKBOOK_EXTRACTED_ALL_IMAGES
CC-2011-01-23-SLEMAN-YOGYAKARTA,Sleman | Yogyakarta,2011-01-23,Sleman | Yogyakarta,https://www.cropcirclecenter.com/ccdata/2011/01/23/ID20110123_A.html,,0.260563,,,absolute dimensions unavailable; calculate scale-free ratios from imagery,COOKBOOK_EXTRACTED_ALL_IMAGES
CC-2011-01-30-TEGALREJO-JAWA-TENGAH,Tegalrejo | Jawa tengah,2011-01-30,Tegalrejo | Jawa tengah,https://www.cropcirclecenter.com/ccdata/2011/01/30/ID20110130_A.html,4,,,,absolute dimensions unavailable; calculate scale-free ratios from imagery,COOKBOOK_EXTRACTED_ALL_IMAGES
CC-2011-04-24-BOSSCHENHOOFD-NOORD-BRABANT,Bosschenhoofd | Noord-Brabant,2011-04-24,Bosschenhoofd | Noord-Brabant,https://www.cropcirclecenter.com/ccdata/2011/04/24/NL20110424_A.html,12,,,,absolute dimensions unavailable; calculate scale-free ratios from imagery,COOKBOOK_EXTRACTED_ALL_IMAGES
CC-2011-04-28-HOEVEN-NOORD-BRABANT,Hoeven | Noord-Brabant,2011-04-28,Hoeven | Noord-Brabant,https://www.cropcirclecenter.com/ccdata/2011/04/28/NL20110428_A.html,10,,,,absolute dimensions unavailable; calculate scale-free ratios from imagery,COOKBOOK_EXTRACTED_ALL_IMAGES
CC-2011-05-04-CIKARANG-JAWA-BARAT,Cikarang | Jawa Barat,2011-05-04,Cikarang | Jawa Barat,https://www.cropcirclecenter.com/ccdata/2011/05/04/ID20110504_A.html,26,,,,absolute dimensions unavailable; calculate scale-free ratios from imagery,COOKBOOK_EXTRACTED_ALL_IMAGES
CC-2011-05-07-HANNINGTON-WILTSHIRE,Hannington | Wiltshire,2011-05-07,Hannington | Wiltshire,https://www.cropcirclecenter.com/ccdata/2011/05/07/UK20110507_A.html,35,,,,absolute dimensions unavailable; calculate scale-free ratios from imagery,COOKBOOK_EXTRACTED_ALL_IMAGES
CC-2011-05-07-HANNINGTON-WILTSHIRE-2,Hannington | Wiltshire,2011-05-07,Hannington | Wiltshire,https://www.cropcirclecenter.com/ccdata/2011/05/07/UK20110507_B.html,,0.965714,,,absolute dimensions unavailable; calculate scale-free ratios from imagery,COOKBOOK_EXTRACTED_ALL_IMAGES
CC-2011-05-12-MADISONVILLE-TENNESSEE,Madisonville | Tennessee,2011-05-12,Madisonville | Tennessee,https://www.cropcirclecenter.com/ccdata/2011/05/12/US20110512_A.html,15,,,,absolute dimensions unavailable; calculate scale-free ratios from imagery,COOKBOOK_EXTRACTED_ALL_IMAGES
CC-2011-05-17-PITT-HAMPSHIRE-3,Pitt | Hampshire,2011-05-17,Pitt | Hampshire,https://www.cropcirclecenter.com/ccdata/2011/05/17/UK20110517_C.html,,0.834286,,,absolute dimensions unavailable; calculate scale-free ratios from imagery,COOKBOOK_EXTRACTED_ALL_IMAGES
CC-2011-05-21-BURDEROP-DOWN-WILTSHIRE,Burderop Down | Wiltshire,2011-05-21,Burderop Down | Wiltshire,https://www.cropcirclecenter.com/ccdata/2011/05/21/UK20110521_A.html,25,,,,absolute dimensions unavailable; calculate scale-free ratios from imagery,COOKBOOK_EXTRACTED_ALL_IMAGES
CC-2011-05-23-ETTEN-LEUR-NOORD-BRABANT,Etten-Leur | Noord-Brabant,2011-05-23,Etten-Leur | Noord-Brabant,https://www.cropcirclecenter.com/ccdata/2011/05/23/NL20110523_A.html,30,,,,absolute dimensions unavailable; calculate scale-free ratios from imagery,COOKBOOK_EXTRACTED_ALL_IMAGES
CC-2011-05-28-AVEBURY-WILTSHIRE,Avebury | Wiltshire,2011-05-28,Avebury | Wiltshire,https://www.cropcirclecenter.com/ccdata/2011/05/28/UK20110528_A.html,10,,,,absolute dimensions unavailable; calculate scale-free ratios from imagery,COOKBOOK_EXTRACTED_ALL_IMAGES
CC-2011-06-01-JESI-MARCHE,Jesi | Marche,2011-06-01,Jesi | Marche,https://www.cropcirclecenter.com/ccdata/2011/06/01/IT20110601_A.html,30,0.669118,,,absolute dimensions unavailable; calculate scale-free ratios from imagery,COOKBOOK_EXTRACTED_ALL_IMAGES
CC-2011-06-01-WILTON-WINDMILL-WILTSHIRE,Wilton Windmill | Wiltshire,2011-06-01,Wilton Windmill | Wiltshire,https://www.cropcirclecenter.com/ccdata/2011/06/01/UK20110601_A.html,23,,,,absolute dimensions unavailable; calculate scale-free ratios from imagery,COOKBOOK_EXTRACTED_ALL_IMAGES
CC-2011-06-03-BRACCAGNI-TOSCANA,Braccagni | Toscana,2011-06-03,Braccagni | Toscana,https://www.cropcirclecenter.com/ccdata/2011/06/03/IT20110603_A.html,20,,,,absolute dimensions unavailable; calculate scale-free ratios from imagery,COOKBOOK_EXTRACTED_ALL_IMAGES
CC-2011-06-16-HOEVEN-NOORD-BRABANT,Hoeven | Noord-Brabant,2011-06-16,Hoeven | Noord-Brabant,https://www.cropcirclecenter.com/ccdata/2011/06/16/NL20110616_A.html,5,,,,absolute dimensions unavailable; calculate scale-free ratios from imagery,COOKBOOK_EXTRACTED_ALL_IMAGES
CC-2011-06-18-KORDYSHEVKA-OBLAST-LUHANSK,Kordyshevka | Oblast Luhansk,2011-06-18,Kordyshevka | Oblast Luhansk,https://www.cropcirclecenter.com/ccdata/2011/06/18/UA20110618_A.html,14,,,,absolute dimensions unavailable; calculate scale-free ratios from imagery,COOKBOOK_EXTRACTED_ALL_IMAGES
CC-2011-06-18-WORLABY-LINCOLNSHIRE-2,Worlaby | Lincolnshire,2011-06-18,Worlaby | Lincolnshire,https://www.cropcirclecenter.com/ccdata/2011/06/18/UK20110618_B.html,,0.153333,,,absolute dimensions unavailable; calculate scale-free ratios from imagery,COOKBOOK_EXTRACTED_ALL_IMAGES
CC-2011-06-20-STONEHENGE-WILTSHIRE-2,Stonehenge | Wiltshire,2011-06-20,Stonehenge | Wiltshire,https://www.cropcirclecenter.com/ccdata/2011/06/20/UK20110620_B.html,48,0.968553,,,absolute dimensions unavailable; calculate scale-free ratios from imagery,COOKBOOK_EXTRACTED_ALL_IMAGES
CC-2011-06-20-STONEHENGE-WILTSHIRE-3,Stonehenge | Wiltshire,2011-06-20,Stonehenge | Wiltshire,https://www.cropcirclecenter.com/ccdata/2011/06/20/UK20110620_C.html,3,,,,absolute dimensions unavailable; calculate scale-free ratios from imagery,COOKBOOK_EXTRACTED_ALL_IMAGES
CC-2011-06-21-BIENATE-LOMBARDIA,Bienate | Lombardia,2011-06-21,Bienate | Lombardia,https://www.cropcirclecenter.com/ccdata/2011/06/21/IT20110621_A.html,8,,,,absolute dimensions unavailable; calculate scale-free ratios from imagery,COOKBOOK_EXTRACTED_ALL_IMAGES
CC-2011-06-26-BEELSBY-NORTH-LINCOLNSHIRE-2,Beelsby | North Lincolnshire,2011-06-26,Beelsby | North Lincolnshire,https://www.cropcirclecenter.com/ccdata/2011/06/26/UK20110626_B.html,4,,,,absolute dimensions unavailable; calculate scale-free ratios from imagery,COOKBOOK_EXTRACTED_ALL_IMAGES
CC-2011-06-26-HOEVEN-NOORD-BRABANT,Hoeven | Noord-Brabant,2011-06-26,Hoeven | Noord-Brabant,https://www.cropcirclecenter.com/ccdata/2011/06/26/NL20110626_A.html,3,,,,absolute dimensions unavailable; calculate scale-free ratios from imagery,COOKBOOK_EXTRACTED_ALL_IMAGES
CC-2011-06-26-HONEYSTREET-WILTSHIRE-3,Honeystreet | Wiltshire,2011-06-26,Honeystreet | Wiltshire,https://www.cropcirclecenter.com/ccdata/2011/06/26/UK20110626_C.html,34,,,,absolute dimensions unavailable; calculate scale-free ratios from imagery,COOKBOOK_EXTRACTED_ALL_IMAGES
CC-2011-06-26-UFFINGTON-WHITE-HORSE-OXFORDSHIRE,Uffington White Horse | Oxfordshire,2011-06-26,Uffington White Horse | Oxfordshire,https://www.cropcirclecenter.com/ccdata/2011/06/26/UK20110626_D.html,12,,,,absolute dimensions unavailable; calculate scale-free ratios from imagery,COOKBOOK_EXTRACTED_ALL_IMAGES
CC-2011-06-27-FONTHILL-DOWN-WILTSHIRE,Fonthill Down | Wiltshire,2011-06-27,Fonthill Down | Wiltshire,https://www.cropcirclecenter.com/ccdata/2011/06/27/UK20110627_A.html,21,0.944444,,,absolute dimensions unavailable; calculate scale-free ratios from imagery,COOKBOOK_EXTRACTED_ALL_IMAGES
CC-2011-06-28-ALLINGTON-WILTSHIRE-2,Allington | Wiltshire,2011-06-28,Allington | Wiltshire,https://www.cropcirclecenter.com/ccdata/2011/06/28/UK20110628_B.html,,0.245283,,,absolute dimensions unavailable; calculate scale-free ratios from imagery,COOKBOOK_EXTRACTED_ALL_IMAGES
CC-2011-07-02-BARBURY-CASTLE-WILTSHIRE,Barbury Castle | Wiltshire,2011-07-02,Barbury Castle | Wiltshire,https://www.cropcirclecenter.com/ccdata/2011/07/02/UK20110702_A.html,25,,,,absolute dimensions unavailable; calculate scale-free ratios from imagery,COOKBOOK_EXTRACTED_ALL_IMAGES
CC-2011-07-02-CONSELICE-EMILIA-ROMAGNA,Conselice | Emilia-Romagna,2011-07-02,Conselice | Emilia-Romagna,https://www.cropcirclecenter.com/ccdata/2011/07/02/IT20110702_A.html,11,,,,absolute dimensions unavailable; calculate scale-free ratios from imagery,COOKBOOK_EXTRACTED_ALL_IMAGES
CC-2011-07-04-HONEYSTREET-WILTSHIRE,Honeystreet | Wiltshire,2011-07-04,Honeystreet | Wiltshire,https://www.cropcirclecenter.com/ccdata/2011/07/04/UK20110704_A.html,,0.700637,,,absolute dimensions unavailable; calculate scale-free ratios from imagery,COOKBOOK_EXTRACTED_ALL_IMAGES
CC-2011-07-04-HONEYSTREET-WILTSHIRE-2,Honeystreet | Wiltshire,2011-07-04,Honeystreet | Wiltshire,https://www.cropcirclecenter.com/ccdata/2011/07/04/UK20110704_B.html,6,,,,absolute dimensions unavailable; calculate scale-free ratios from imagery,COOKBOOK_EXTRACTED_ALL_IMAGES
CC-2011-07-04-STANDDAARBUITEN-NOORD-BRABANT,Standdaarbuiten | Noord-Brabant,2011-07-04,Standdaarbuiten | Noord-Brabant,https://www.cropcirclecenter.com/ccdata/2011/07/04/NL20110704_A.html,3,,,,absolute dimensions unavailable; calculate scale-free ratios from imagery,COOKBOOK_EXTRACTED_ALL_IMAGES
CC-2011-07-06-MILK-HILL-WILTSHIRE,Milk Hill | Wiltshire,2011-07-06,Milk Hill | Wiltshire,https://www.cropcirclecenter.com/ccdata/2011/07/06/UK20110706_A.html,26,,,,absolute dimensions unavailable; calculate scale-free ratios from imagery,COOKBOOK_EXTRACTED_ALL_IMAGES
CC-2011-07-09-BAGNARA-CALABRIA,Bagnara | Calabria,2011-07-09,Bagnara | Calabria,https://www.cropcirclecenter.com/ccdata/2011/07/09/IT20110709_A.html,16,,,,absolute dimensions unavailable; calculate scale-free ratios from imagery,COOKBOOK_EXTRACTED_ALL_IMAGES
CC-2011-07-09-MOMALLE-WALLONIE,Momalle | Wallonie,2011-07-09,Momalle | Wallonie,https://www.cropcirclecenter.com/ccdata/2011/07/09/BE20110709_A.html,17,,,,absolute dimensions unavailable; calculate scale-free ratios from imagery,COOKBOOK_EXTRACTED_ALL_IMAGES
CC-2011-07-11-STANTON-ST-BERNARD-WILTSHIRE,Stanton St Bernard | Wiltshire,2011-07-11,Stanton St Bernard | Wiltshire,https://www.cropcirclecenter.com/ccdata/2011/07/11/UK20110711_A.html,19,,,,absolute dimensions unavailable; calculate scale-free ratios from imagery,COOKBOOK_EXTRACTED_ALL_IMAGES
CC-2011-07-12-BETRIX-WALLONIE,Betrix | Wallonie,2011-07-12,Betrix | Wallonie,https://www.cropcirclecenter.com/ccdata/2011/07/12/BE20110712_A.html,17,,,,absolute dimensions unavailable; calculate scale-free ratios from imagery,COOKBOOK_EXTRACTED_ALL_IMAGES
CC-2011-07-12-VELKY-MEZIRICI-KRAJ-VYSOCINA,Velky Mezirici | Kraj Vysocina,2011-07-12,Velky Mezirici | Kraj Vysocina,https://www.cropcirclecenter.com/ccdata/2011/07/12/CZ20110712_A.html,22,,,,absolute dimensions unavailable; calculate scale-free ratios from imagery,COOKBOOK_EXTRACTED_ALL_IMAGES
CC-2011-07-13-CHADDENWICK-HILL-WILTSHIRE,Chaddenwick Hill | Wiltshire,2011-07-13,Chaddenwick Hill | Wiltshire,https://www.cropcirclecenter.com/ccdata/2011/07/13/UK20110713_A.html,,0.405714,,,absolute dimensions unavailable; calculate scale-free ratios from imagery,COOKBOOK_EXTRACTED_ALL_IMAGES
CC-2011-07-13-STONEHENGE-WILTSHIRE-2,Stonehenge | Wiltshire,2011-07-13,Stonehenge | Wiltshire,https://www.cropcirclecenter.com/ccdata/2011/07/13/UK20110713_B.html,43,,,,absolute dimensions unavailable; calculate scale-free ratios from imagery,COOKBOOK_EXTRACTED_ALL_IMAGES
CC-2011-07-14-LANE-END-HAMPSHIRE,Lane End | Hampshire,2011-07-14,Lane End | Hampshire,https://www.cropcirclecenter.com/ccdata/2011/07/14/UK20110714_A.html,31,,,,absolute dimensions unavailable; calculate scale-free ratios from imagery,COOKBOOK_EXTRACTED_ALL_IMAGES
CC-2011-07-18-OVERTON-DOWN-WILTSHIRE,Overton Down | Wiltshire,2011-07-18,Overton Down | Wiltshire,https://www.cropcirclecenter.com/ccdata/2011/07/18/UK20110718_A.html,,0.794286,,,absolute dimensions unavailable; calculate scale-free ratios from imagery,COOKBOOK_EXTRACTED_ALL_IMAGES
CC-2011-07-19-KOSTELEC-U-ZLINA-ZLINSKY-KRAJ,Kostelec u Zlina | Zlinsky kraj,2011-07-19,Kostelec u Zlina | Zlinsky kraj,https://www.cropcirclecenter.com/ccdata/2011/07/19/CZ20110719_A.html,16,,,,absolute dimensions unavailable; calculate scale-free ratios from imagery,COOKBOOK_EXTRACTED_ALL_IMAGES
CC-2011-07-20-CHARLBURY-HILL-WILTSHIRE,Charlbury Hill | Wiltshire,2011-07-20,Charlbury Hill | Wiltshire,https://www.cropcirclecenter.com/ccdata/2011/07/20/UK20110720_A.html,8,,,,absolute dimensions unavailable; calculate scale-free ratios from imagery,COOKBOOK_EXTRACTED_ALL_IMAGES
CC-2011-07-20-DOVENDALE-LONGBARROW-LINCOLNSHIRE-3,Dovendale Longbarrow | Lincolnshire,2011-07-20,Dovendale Longbarrow | Lincolnshire,https://www.cropcirclecenter.com/ccdata/2011/07/20/UK20110720_C.html,15,,,,absolute dimensions unavailable; calculate scale-free ratios from imagery,COOKBOOK_EXTRACTED_ALL_IMAGES
CC-2011-07-22-EAST-KENNETT-WILTSHIRE,East Kennett | Wiltshire,2011-07-22,East Kennett | Wiltshire,https://www.cropcirclecenter.com/ccdata/2011/07/22/UK20110722_A.html,,0.84,,,absolute dimensions unavailable; calculate scale-free ratios from imagery,COOKBOOK_EXTRACTED_ALL_IMAGES
CC-2011-07-25-ETCHILHAMPTON-WILTSHIRE,Etchilhampton | Wiltshire,2011-07-25,Etchilhampton | Wiltshire,https://www.cropcirclecenter.com/ccdata/2011/07/25/UK20110725_A.html,,0.542857,,,absolute dimensions unavailable; calculate scale-free ratios from imagery,COOKBOOK_EXTRACTED_ALL_IMAGES
CC-2011-07-25-WEST-KENNETT-WILTSHIRE-3,West Kennett | Wiltshire,2011-07-25,West Kennett | Wiltshire,https://www.cropcirclecenter.com/ccdata/2011/07/25/UK20110725_C.html,22,,,,absolute dimensions unavailable; calculate scale-free ratios from imagery,COOKBOOK_EXTRACTED_ALL_IMAGES
CC-2011-07-26-ALTON-BARNES-WILTSHIRE,Alton Barnes | Wiltshire,2011-07-26,Alton Barnes | Wiltshire,https://www.cropcirclecenter.com/ccdata/2011/07/26/UK20110726_A.html,19,,,,absolute dimensions unavailable; calculate scale-free ratios from imagery,COOKBOOK_EXTRACTED_ALL_IMAGES
CC-2011-07-27-TEMPLE-BALSALL-WARWICKSHIRE-3,Temple Balsall | Warwickshire,2011-07-27,Temple Balsall | Warwickshire,https://www.cropcirclecenter.com/ccdata/2011/07/27/UK20110727_C.html,,0.595376,,,absolute dimensions unavailable; calculate scale-free ratios from imagery,COOKBOOK_EXTRACTED_ALL_IMAGES
CC-2011-07-29-WEST-WOODHAY-DOWN-WILTSHIRE,West Woodhay Down | Wiltshire,2011-07-29,West Woodhay Down | Wiltshire,https://www.cropcirclecenter.com/ccdata/2011/07/29/UK20110729_A.html,,0.804598,,,absolute dimensions unavailable; calculate scale-free ratios from imagery,COOKBOOK_EXTRACTED_ALL_IMAGES
CC-2011-07-31-BLICE-PRAG,Ä áblice | Prag,2011-07-31,Ä áblice | Prag,https://www.cropcirclecenter.com/ccdata/2011/07/31/CZ20110731_A.html,4,,,,absolute dimensions unavailable; calculate scale-free ratios from imagery,COOKBOOK_EXTRACTED_ALL_IMAGES
CC-2011-07-31-KRASNA-TRNAYSKY-KRAJ,Krasna | Trnaysky kraj,2011-07-31,Krasna | Trnaysky kraj,https://www.cropcirclecenter.com/ccdata/2011/07/31/SK20110731_A.html,4,,,,absolute dimensions unavailable; calculate scale-free ratios from imagery,COOKBOOK_EXTRACTED_ALL_IMAGES
CC-2011-07-31-LIETO-VARSINAIS-SUOMI,Lieto | Varsinais-Suomi,2011-07-31,Lieto | Varsinais-Suomi,https://www.cropcirclecenter.com/ccdata/2011/07/31/FI20110731_A.html,15,0.885906,,,absolute dimensions unavailable; calculate scale-free ratios from imagery,COOKBOOK_EXTRACTED_ALL_IMAGES
CC-2011-07-31-OBERSCHLEI-HEIM-BAYERN,Oberschleißheim | Bayern,2011-07-31,Oberschleißheim | Bayern,https://www.cropcirclecenter.com/ccdata/2011/07/31/DE20110731_A.html,29,,,,absolute dimensions unavailable; calculate scale-free ratios from imagery,COOKBOOK_EXTRACTED_ALL_IMAGES
CC-2011-08-02-GILCHING-BAYERN,Gilching | Bayern,2011-08-02,Gilching | Bayern,https://www.cropcirclecenter.com/ccdata/2011/08/02/DE20110802_A.html,12,,,,absolute dimensions unavailable; calculate scale-free ratios from imagery,COOKBOOK_EXTRACTED_ALL_IMAGES
CC-2011-08-04-BISHOPS-CANNINGS-WILTSHIRE,Bishops Cannings | Wiltshire,2011-08-04,Bishops Cannings | Wiltshire,https://www.cropcirclecenter.com/ccdata/2011/08/04/UK20110804_A.html,,0.954286,,,absolute dimensions unavailable; calculate scale-free ratios from imagery,COOKBOOK_EXTRACTED_ALL_IMAGES
CC-2011-08-06-FURZE-KNOLL-WILTSHIRE,Furze Knoll | Wiltshire,2011-08-06,Furze Knoll | Wiltshire,https://www.cropcirclecenter.com/ccdata/2011/08/06/UK20110806_A.html,9,,,,absolute dimensions unavailable; calculate scale-free ratios from imagery,COOKBOOK_EXTRACTED_ALL_IMAGES
CC-2011-08-10-GIANT-S-GRAVE-WILTSHIRE,Giant's Grave | Wiltshire,2011-08-10,Giant's Grave | Wiltshire,https://www.cropcirclecenter.com/ccdata/2011/08/10/UK20110810_A.html,21,,,,absolute dimensions unavailable; calculate scale-free ratios from imagery,COOKBOOK_EXTRACTED_ALL_IMAGES
CC-2011-08-13-BECKHAMPTON-WILTSHIRE,Beckhampton | Wiltshire,2011-08-13,Beckhampton | Wiltshire,https://www.cropcirclecenter.com/ccdata/2011/08/13/UK20110813_A.html,,0.923567,,,absolute dimensions unavailable; calculate scale-free ratios from imagery,COOKBOOK_EXTRACTED_ALL_IMAGES
CC-2011-08-13-KNOLL-DOWN-WILTSHIRE-2,Knoll Down | Wiltshire,2011-08-13,Knoll Down | Wiltshire,https://www.cropcirclecenter.com/ccdata/2011/08/13/UK20110813_B.html,22,,,,absolute dimensions unavailable; calculate scale-free ratios from imagery,COOKBOOK_EXTRACTED_ALL_IMAGES
CC-2011-08-13-THOMASROITH-OBER-STERREICH,Thomasroith | Oberösterreich,2011-08-13,Thomasroith | Oberösterreich,https://www.cropcirclecenter.com/ccdata/2011/08/13/AT20110813_A.html,30,,,,absolute dimensions unavailable; calculate scale-free ratios from imagery,COOKBOOK_EXTRACTED_ALL_IMAGES
CC-2011-08-14-ASHLEY-LANCASHIRE,Ashley | Lancashire,2011-08-14,Ashley | Lancashire,https://www.cropcirclecenter.com/ccdata/2011/08/14/UK20110814_A.html,18,,,,absolute dimensions unavailable; calculate scale-free ratios from imagery,COOKBOOK_EXTRACTED_ALL_IMAGES
CC-2011-08-15-CHERHILL-WILTSHIRE,Cherhill | Wiltshire,2011-08-15,Cherhill | Wiltshire,https://www.cropcirclecenter.com/ccdata/2011/08/15/UK20110815_A.html,,0.925714,,,absolute dimensions unavailable; calculate scale-free ratios from imagery,COOKBOOK_EXTRACTED_ALL_IMAGES
CC-2011-08-18-MITTWEIDA-SACHSEN,Mittweida | Sachsen,2011-08-18,Mittweida | Sachsen,https://www.cropcirclecenter.com/ccdata/2011/08/18/DE20110818_A.html,40,,,,absolute dimensions unavailable; calculate scale-free ratios from imagery,COOKBOOK_EXTRACTED_ALL_IMAGES
CC-2011-08-28-ALNWICK-NORTHUMBERLAND,Alnwick | Northumberland,2011-08-28,Alnwick | Northumberland,https://www.cropcirclecenter.com/ccdata/2011/08/28/UK20110828_A.html,22,,,,absolute dimensions unavailable; calculate scale-free ratios from imagery,COOKBOOK_EXTRACTED_ALL_IMAGES
CC-2011-11-06-IPUACU-SANTA-CATARINA-STATE,Ipuacu | Santa Catarina State,2011-11-06,Ipuacu | Santa Catarina State,https://www.cropcirclecenter.com/ccdata/2011/11/06/BR20111106_A.html,5,,,,absolute dimensions unavailable; calculate scale-free ratios from imagery,COOKBOOK_EXTRACTED_ALL_IMAGES
CC-2012-04-15-EAST-KENNETT-WILTSHIRE,East Kennett | Wiltshire,2012-04-15,East Kennett | Wiltshire,https://www.cropcirclecenter.com/ccdata/2012/04/15/UK20120415_A.html,,0.945455,,,absolute dimensions unavailable; calculate scale-free ratios from imagery,COOKBOOK_EXTRACTED_ALL_IMAGES
CC-2012-04-24-BOOSCHENHOOFD-NOORD-BRABANT,Booschenhoofd | Noord Brabant,2012-04-24,Booschenhoofd | Noord Brabant,https://www.cropcirclecenter.com/ccdata/2012/04/24/NL20120424_A.html,7,,,,absolute dimensions unavailable; calculate scale-free ratios from imagery,COOKBOOK_EXTRACTED_ALL_IMAGES
CC-2012-04-28-YARNBURY-CASTLE-WILTSHIRE,Yarnbury Castle | Wiltshire,2012-04-28,Yarnbury Castle | Wiltshire,https://www.cropcirclecenter.com/ccdata/2012/04/28/UK20120428_A.html,16,,,,absolute dimensions unavailable; calculate scale-free ratios from imagery,COOKBOOK_EXTRACTED_ALL_IMAGES
CC-2012-05-05-RIESI-SICILIA,Riesi | Sicilia,2012-05-05,Riesi | Sicilia,https://www.cropcirclecenter.com/ccdata/2012/05/05/IT20120505_A.html,5,,,,absolute dimensions unavailable; calculate scale-free ratios from imagery,COOKBOOK_EXTRACTED_ALL_IMAGES
CC-2012-05-06-HOEVEN-NOORD-BRABANT,Hoeven | Noord Brabant,2012-05-06,Hoeven | Noord Brabant,https://www.cropcirclecenter.com/ccdata/2012/05/06/NL20120506_A.html,19,,,,absolute dimensions unavailable; calculate scale-free ratios from imagery,COOKBOOK_EXTRACTED_ALL_IMAGES
CC-2012-05-11-BOOSCHENHOOFD-NOORD-BRABANT,Booschenhoofd | Noord Brabant,2012-05-11,Booschenhoofd | Noord Brabant,https://www.cropcirclecenter.com/ccdata/2012/05/11/NL20120511_A.html,12,,,,absolute dimensions unavailable; calculate scale-free ratios from imagery,COOKBOOK_EXTRACTED_ALL_IMAGES
CC-2012-05-12-SETTIMO-SAN-PEDRO-SARDEGNA,Settimo San Pedro | Sardegna,2012-05-12,Settimo San Pedro | Sardegna,https://www.cropcirclecenter.com/ccdata/2012/05/12/IT20120512_A.html,19,0.583815,,,absolute dimensions unavailable; calculate scale-free ratios from imagery,COOKBOOK_EXTRACTED_ALL_IMAGES
CC-2012-05-13-HANNINGTON-WILTSHIRE,Hannington | Wiltshire,2012-05-13,Hannington | Wiltshire,https://www.cropcirclecenter.com/ccdata/2012/05/13/UK20120513_A.html,43,,,,absolute dimensions unavailable; calculate scale-free ratios from imagery,COOKBOOK_EXTRACTED_ALL_IMAGES
CC-2012-05-14-UHRICE-JIHOMORAVSKY-KRAJ,Uhrice | Jihomoravsky kraj,2012-05-14,Uhrice | Jihomoravsky kraj,https://www.cropcirclecenter.com/ccdata/2012/05/14/CZ20120514_A.html,,0.622857,,,absolute dimensions unavailable; calculate scale-free ratios from imagery,COOKBOOK_EXTRACTED_ALL_IMAGES
CC-2012-05-16-HOEVEN-NOORD-BRABANT,Hoeven | Noord Brabant,2012-05-16,Hoeven | Noord Brabant,https://www.cropcirclecenter.com/ccdata/2012/05/16/NL20120516_A.html,11,,,,absolute dimensions unavailable; calculate scale-free ratios from imagery,COOKBOOK_EXTRACTED_ALL_IMAGES
CC-2012-05-18-HOEVEN-NOORD-BRABANT,Hoeven | Noord Brabant,2012-05-18,Hoeven | Noord Brabant,https://www.cropcirclecenter.com/ccdata/2012/05/18/NL20120518_A.html,8,,,,absolute dimensions unavailable; calculate scale-free ratios from imagery,COOKBOOK_EXTRACTED_ALL_IMAGES
CC-2012-05-19-UFFINGTON-WHITE-HORSE-OXFORDSHIRE,Uffington White Horse | Oxfordshire,2012-05-19,Uffington White Horse | Oxfordshire,https://www.cropcirclecenter.com/ccdata/2012/05/19/UK20120519_A.html,4,0.964029,,,absolute dimensions unavailable; calculate scale-free ratios from imagery,COOKBOOK_EXTRACTED_ALL_IMAGES
CC-2012-05-20-BRACCIANO-BERTINORO-EMILIA-ROMAGNA,Bracciano Bertinoro | Emilia-Romagna,2012-05-20,Bracciano Bertinoro | Emilia-Romagna,https://www.cropcirclecenter.com/ccdata/2012/05/20/IT20120520_A.html,,0.834286,,,absolute dimensions unavailable; calculate scale-free ratios from imagery,COOKBOOK_EXTRACTED_ALL_IMAGES
CC-2012-05-28-WEWELSBURG-NORDRHEIN-WESTFALEN,Wewelsburg | Nordrhein-Westfalen,2012-05-28,Wewelsburg | Nordrhein-Westfalen,https://www.cropcirclecenter.com/ccdata/2012/05/28/DE20120528_A.html,41,,,,absolute dimensions unavailable; calculate scale-free ratios from imagery,COOKBOOK_EXTRACTED_ALL_IMAGES
CC-2012-06-01-GROMOLA-CAMPANIA,Gromola | Campania,2012-06-01,Gromola | Campania,https://www.cropcirclecenter.com/ccdata/2012/06/01/IT20120601_A.html,17,,,,absolute dimensions unavailable; calculate scale-free ratios from imagery,COOKBOOK_EXTRACTED_ALL_IMAGES
CC-2012-06-01-PAESTUM-CAMPANIA-2,Paestum | Campania,2012-06-01,Paestum | Campania,https://www.cropcirclecenter.com/ccdata/2012/06/01/IT20120601_B.html,7,,,,absolute dimensions unavailable; calculate scale-free ratios from imagery,COOKBOOK_EXTRACTED_ALL_IMAGES
CC-2012-06-02-MARLBOROUGH-WILTSHIRE,Marlborough | Wiltshire,2012-06-02,Marlborough | Wiltshire,https://www.cropcirclecenter.com/ccdata/2012/06/02/UK20120602_A.html,,0.751773,,,absolute dimensions unavailable; calculate scale-free ratios from imagery,COOKBOOK_EXTRACTED_ALL_IMAGES
CC-2012-06-02-SALTOCCHIO-TOSCANA,Saltocchio | Toscana,2012-06-02,Saltocchio | Toscana,https://www.cropcirclecenter.com/ccdata/2012/06/02/IT20120602_A.html,5,,,,absolute dimensions unavailable; calculate scale-free ratios from imagery,COOKBOOK_EXTRACTED_ALL_IMAGES
CC-2012-06-06-ORCHOWO-KUJAWSKO-POMORSKIE,Orchowo | Kujawsko-Pomorskie,2012-06-06,Orchowo | Kujawsko-Pomorskie,https://www.cropcirclecenter.com/ccdata/2012/06/06/PL20120606_A.html,10,,,,absolute dimensions unavailable; calculate scale-free ratios from imagery,COOKBOOK_EXTRACTED_ALL_IMAGES
CC-2012-06-06-ROSWELL-NEW-MEXICO,Roswell | New Mexico,2012-06-06,Roswell | New Mexico,https://www.cropcirclecenter.com/ccdata/2012/06/06/US20120606_A.html,,0.521127,,,absolute dimensions unavailable; calculate scale-free ratios from imagery,COOKBOOK_EXTRACTED_ALL_IMAGES
CC-2012-06-12-SARVESTAN-FARS,Sarvestan | Fars,2012-06-12,Sarvestan | Fars,https://www.cropcirclecenter.com/ccdata/2012/06/12/IR20120612_A.html,47,,,,absolute dimensions unavailable; calculate scale-free ratios from imagery,COOKBOOK_EXTRACTED_ALL_IMAGES
CC-2012-06-17-BERKLEY-LANE-SOMERSET,Berkley Lane | Somerset,2012-06-17,Berkley Lane | Somerset,https://www.cropcirclecenter.com/ccdata/2012/06/17/UK20120617_A.html,7,0.462857,,,absolute dimensions unavailable; calculate scale-free ratios from imagery,COOKBOOK_EXTRACTED_ALL_IMAGES
CC-2012-06-17-LECAVA-LECAVA-NOVADS,Lecava | Lecava Novads,2012-06-17,Lecava | Lecava Novads,https://www.cropcirclecenter.com/ccdata/2012/06/17/LV20120617_A.html,24,,,,absolute dimensions unavailable; calculate scale-free ratios from imagery,COOKBOOK_EXTRACTED_ALL_IMAGES
CC-2012-06-19-BOSSCHENHOOFD-NOORD-BRABANT,Bosschenhoofd | Noord-Brabant,2012-06-19,Bosschenhoofd | Noord-Brabant,https://www.cropcirclecenter.com/ccdata/2012/06/19/NL20120619_A.html,7,,,,absolute dimensions unavailable; calculate scale-free ratios from imagery,COOKBOOK_EXTRACTED_ALL_IMAGES
CC-2012-06-20-HUISH-WILTSHIRE-2,Huish | Wiltshire,2012-06-20,Huish | Wiltshire,https://www.cropcirclecenter.com/ccdata/2012/06/20/UK20120620_B.html,21,,,,absolute dimensions unavailable; calculate scale-free ratios from imagery,COOKBOOK_EXTRACTED_ALL_IMAGES
CC-2012-06-21-HOEVEN-NOORD-BRABANT,Hoeven | Noord-Brabant,2012-06-21,Hoeven | Noord-Brabant,https://www.cropcirclecenter.com/ccdata/2012/06/21/NL20120621_A.html,3,,,,absolute dimensions unavailable; calculate scale-free ratios from imagery,COOKBOOK_EXTRACTED_ALL_IMAGES
CC-2012-06-25-CHERHILL-WILTSHIRE,Cherhill | Wiltshire,2012-06-25,Cherhill | Wiltshire,https://www.cropcirclecenter.com/ccdata/2012/06/25/UK20120625_A.html,6,,,,absolute dimensions unavailable; calculate scale-free ratios from imagery,COOKBOOK_EXTRACTED_ALL_IMAGES
CC-2012-06-25-FABBRICO-EMILIA-ROMAGNA,Fabbrico | Emilia-Romagna,2012-06-25,Fabbrico | Emilia-Romagna,https://www.cropcirclecenter.com/ccdata/2012/06/25/IT20120625_A.html,,0.188571,,,absolute dimensions unavailable; calculate scale-free ratios from imagery,COOKBOOK_EXTRACTED_ALL_IMAGES
CC-2012-06-25-MILK-HILL-WILTSHIRE-2,Milk Hill | Wiltshire,2012-06-25,Milk Hill | Wiltshire,https://www.cropcirclecenter.com/ccdata/2012/06/25/UK20120625_B.html,21,,,,absolute dimensions unavailable; calculate scale-free ratios from imagery,COOKBOOK_EXTRACTED_ALL_IMAGES
CC-2012-06-26-BECKHAMPTON-WILTSHIRE,Beckhampton | Wiltshire,2012-06-26,Beckhampton | Wiltshire,https://www.cropcirclecenter.com/ccdata/2012/06/26/UK20120626_A.html,12,,,,absolute dimensions unavailable; calculate scale-free ratios from imagery,COOKBOOK_EXTRACTED_ALL_IMAGES
CC-2012-06-26-STANTON-ST-BERNARD-WILTSHIRE-2,Stanton St Bernard | Wiltshire,2012-06-26,Stanton St Bernard | Wiltshire,https://www.cropcirclecenter.com/ccdata/2012/06/26/UK20120626_B.html,19,0.884393,,,absolute dimensions unavailable; calculate scale-free ratios from imagery,COOKBOOK_EXTRACTED_ALL_IMAGES
CC-2012-06-29-BICHES-NI-VRE,Biches | Nièvre,2012-06-29,Biches | Nièvre,https://www.cropcirclecenter.com/ccdata/2012/06/29/FR20120629_A.html,3,,,,absolute dimensions unavailable; calculate scale-free ratios from imagery,COOKBOOK_EXTRACTED_ALL_IMAGES
CC-2012-06-29-STANTON-ST-BERNARD-WILTSHIRE,Stanton St Bernard | Wiltshire,2012-06-29,Stanton St Bernard | Wiltshire,https://www.cropcirclecenter.com/ccdata/2012/06/29/UK20120629_A.html,,0.704698,,,absolute dimensions unavailable; calculate scale-free ratios from imagery,COOKBOOK_EXTRACTED_ALL_IMAGES
CC-2012-06-30-SALT-DI-POVOLETTO-FRIULI-VENEZIA-GIULIA,Salt di Povoletto | Friuli Venezia Giulia,2012-06-30,Salt di Povoletto | Friuli Venezia Giulia,https://www.cropcirclecenter.com/ccdata/2012/06/30/IT20120630_A.html,7,,,,absolute dimensions unavailable; calculate scale-free ratios from imagery,COOKBOOK_EXTRACTED_ALL_IMAGES
CC-2012-07-01-CHILCOMB-DOWN-HAMPSHIRE,Chilcomb Down | Hampshire,2012-07-01,Chilcomb Down | Hampshire,https://www.cropcirclecenter.com/ccdata/2012/07/01/UK20120701_A.html,32,,,,absolute dimensions unavailable; calculate scale-free ratios from imagery,COOKBOOK_EXTRACTED_ALL_IMAGES
CC-2012-07-01-LAWLEY-SHROPSHIRE-2,Lawley | Shropshire,2012-07-01,Lawley | Shropshire,https://www.cropcirclecenter.com/ccdata/2012/07/01/UK20120701_B.html,18,,,,absolute dimensions unavailable; calculate scale-free ratios from imagery,COOKBOOK_EXTRACTED_ALL_IMAGES
CC-2012-07-01-VILLAROSA-SICILIA,Villarosa | Sicilia,2012-07-01,Villarosa | Sicilia,https://www.cropcirclecenter.com/ccdata/2012/07/01/IT20120701_A.html,,0.716867,,,absolute dimensions unavailable; calculate scale-free ratios from imagery,COOKBOOK_EXTRACTED_ALL_IMAGES
CC-2012-07-01-WANBOROUGH-PLAIN-WILTSHIRE,Wanborough Plain | Wiltshire,2012-07-01,Wanborough Plain | Wiltshire,https://www.cropcirclecenter.com/ccdata/2012/07/01/UK20120701_D.html,,0.942857,,,absolute dimensions unavailable; calculate scale-free ratios from imagery,COOKBOOK_EXTRACTED_ALL_IMAGES
CC-2012-07-04-BOSSCHENHOOFD-NOORD-BRABANT,Bosschenhoofd | Noord-Brabant,2012-07-04,Bosschenhoofd | Noord-Brabant,https://www.cropcirclecenter.com/ccdata/2012/07/04/NL20120704_A.html,44,,,,absolute dimensions unavailable; calculate scale-free ratios from imagery,COOKBOOK_EXTRACTED_ALL_IMAGES
CC-2012-07-05-BOREHAM-WOODS-WILTSHIRE,Boreham Woods | Wiltshire,2012-07-05,Boreham Woods | Wiltshire,https://www.cropcirclecenter.com/ccdata/2012/07/05/UK20120705_A.html,,0.195402,,,absolute dimensions unavailable; calculate scale-free ratios from imagery,COOKBOOK_EXTRACTED_ALL_IMAGES
CC-2012-07-10-BURROW-HILL-FORT-WARWICKSHIRE,Burrow Hill Fort | Warwickshire,2012-07-10,Burrow Hill Fort | Warwickshire,https://www.cropcirclecenter.com/ccdata/2012/07/09/UK20120709_A.html,,0.305389,,,absolute dimensions unavailable; calculate scale-free ratios from imagery,COOKBOOK_EXTRACTED_ALL_IMAGES
CC-2012-07-11-ZEVENBERGSCHEN-HOEK-NOORD-BRABANT,Zevenbergschen Hoek | Noord-Brabant,2012-07-11,Zevenbergschen Hoek | Noord-Brabant,https://www.cropcirclecenter.com/ccdata/2012/07/11/NL20120711_A.html,14,,,,absolute dimensions unavailable; calculate scale-free ratios from imagery,COOKBOOK_EXTRACTED_ALL_IMAGES
CC-2012-07-12-L-HNINGEN-SCHAFFHAUSEN,Löhningen | Schaffhausen,2012-07-12,Löhningen | Schaffhausen,https://www.cropcirclecenter.com/ccdata/2012/07/12/CH20120712_A.html,,0.612676,,,absolute dimensions unavailable; calculate scale-free ratios from imagery,COOKBOOK_EXTRACTED_ALL_IMAGES
CC-2012-07-16-BOSSCHENHOOFD-NOORD-BRABANT,Bosschenhoofd | Noord Brabant,2012-07-16,Bosschenhoofd | Noord Brabant,https://www.cropcirclecenter.com/ccdata/2012/07/16/NL20120716_A.html,19,,,,absolute dimensions unavailable; calculate scale-free ratios from imagery,COOKBOOK_EXTRACTED_ALL_IMAGES
CC-2012-07-17-YATESBURY-WILTSHIRE,Yatesbury | Wiltshire,2012-07-17,Yatesbury | Wiltshire,https://www.cropcirclecenter.com/ccdata/2012/07/17/UK20120717_A.html,,0.246753,,,absolute dimensions unavailable; calculate scale-free ratios from imagery,COOKBOOK_EXTRACTED_ALL_IMAGES
CC-2012-07-21-BOSSCHENHOOFD-NOORD-BRABANT,Bosschenhoofd | Noord-Brabant,2012-07-21,Bosschenhoofd | Noord-Brabant,https://www.cropcirclecenter.com/ccdata/2012/07/20/NL20120720_A.html,8,,,,absolute dimensions unavailable; calculate scale-free ratios from imagery,COOKBOOK_EXTRACTED_ALL_IMAGES
CC-2012-07-21-TELFORD-SHROPSHIRE,Telford | Shropshire,2012-07-21,Telford | Shropshire,https://www.cropcirclecenter.com/ccdata/2012/07/21/UK20120721_A.html,28,,,,absolute dimensions unavailable; calculate scale-free ratios from imagery,COOKBOOK_EXTRACTED_ALL_IMAGES
CC-2012-07-23-LONGWOOD-WARREN-HAMPSHIRE,Longwood Warren | Hampshire,2012-07-23,Longwood Warren | Hampshire,https://www.cropcirclecenter.com/ccdata/2012/07/23/UK20120723_A.html,20,,,,absolute dimensions unavailable; calculate scale-free ratios from imagery,COOKBOOK_EXTRACTED_ALL_IMAGES
CC-2012-07-24-BISHOPS-CANNINGS-WILTSHIRE-2,Bishops Cannings | Wiltshire,2012-07-24,Bishops Cannings | Wiltshire,https://www.cropcirclecenter.com/ccdata/2012/07/24/UK20120724_B.html,,0.541096,,,absolute dimensions unavailable; calculate scale-free ratios from imagery,COOKBOOK_EXTRACTED_ALL_IMAGES
CC-2012-07-25-HINTON-PARVA-WILTSHIRE,Hinton Parva | Wiltshire,2012-07-25,Hinton Parva | Wiltshire,https://www.cropcirclecenter.com/ccdata/2012/07/25/UK20120725_A.html,5,0.940828,,,absolute dimensions unavailable; calculate scale-free ratios from imagery,COOKBOOK_EXTRACTED_ALL_IMAGES
CC-2012-07-25-HINTON-PARVA-WILTSHIRE-3,Hinton Parva | Wiltshire,2012-07-25,Hinton Parva | Wiltshire,https://www.cropcirclecenter.com/ccdata/2012/07/25/UK20120725_C.html,3,0.952096,,,absolute dimensions unavailable; calculate scale-free ratios from imagery,COOKBOOK_EXTRACTED_ALL_IMAGES
CC-2012-07-25-MOMALLE-WALLONIE,Momalle | Wallonie,2012-07-25,Momalle | Wallonie,https://www.cropcirclecenter.com/ccdata/2012/07/25/BE20120725_A.html,12,,,,absolute dimensions unavailable; calculate scale-free ratios from imagery,COOKBOOK_EXTRACTED_ALL_IMAGES
CC-2012-07-26-BRUXELLES-BRUXELLES,Bruxelles | Bruxelles,2012-07-26,Bruxelles | Bruxelles,https://www.cropcirclecenter.com/ccdata/2012/07/26/BE20120726_A.html,,0.490323,,,absolute dimensions unavailable; calculate scale-free ratios from imagery,COOKBOOK_EXTRACTED_ALL_IMAGES
CC-2012-07-26-KNEITLINGEN-NIEDERSACHSEN,Kneitlingen | NIedersachsen,2012-07-26,Kneitlingen | NIedersachsen,https://www.cropcirclecenter.com/ccdata/2012/07/26/DE20120726_A.html,5,,,,absolute dimensions unavailable; calculate scale-free ratios from imagery,COOKBOOK_EXTRACTED_ALL_IMAGES
CC-2012-07-26-OLIVER-S-CASTLE-WILTSHIRE-2,Oliver's Castle | Wiltshire,2012-07-26,Oliver's Castle | Wiltshire,https://www.cropcirclecenter.com/ccdata/2012/07/26/UK20120726_B.html,41,0.938272,,,absolute dimensions unavailable; calculate scale-free ratios from imagery,COOKBOOK_EXTRACTED_ALL_IMAGES
CC-2012-07-26-STANDDAARBUITEN-NOORD-BRABANT,Standdaarbuiten | Noord-Brabant,2012-07-26,Standdaarbuiten | Noord-Brabant,https://www.cropcirclecenter.com/ccdata/2012/07/26/NL20120726_A.html,17,,,,absolute dimensions unavailable; calculate scale-free ratios from imagery,COOKBOOK_EXTRACTED_ALL_IMAGES
CC-2012-07-26-SUGNENS-VAUD,Sugnens | Vaud,2012-07-26,Sugnens | Vaud,https://www.cropcirclecenter.com/ccdata/2012/07/26/CH20120726_A.html,8,,,,absolute dimensions unavailable; calculate scale-free ratios from imagery,COOKBOOK_EXTRACTED_ALL_IMAGES
CC-2012-07-29-ALLINGTON-WILTSHIRE,Allington | Wiltshire,2012-07-29,Allington | Wiltshire,https://www.cropcirclecenter.com/ccdata/2012/07/29/UK20120729_A.html,13,,,,absolute dimensions unavailable; calculate scale-free ratios from imagery,COOKBOOK_EXTRACTED_ALL_IMAGES
CC-2012-07-29-OGBOURNE-DOWN-WILTSHIRE-2,Ogbourne Down | Wiltshire,2012-07-29,Ogbourne Down | Wiltshire,https://www.cropcirclecenter.com/ccdata/2012/07/29/UK20120729_B.html,,0.941176,,,absolute dimensions unavailable; calculate scale-free ratios from imagery,COOKBOOK_EXTRACTED_ALL_IMAGES
CC-2012-07-29-OWLESBURY-HAMPSHIRE-3,Owlesbury | Hampshire,2012-07-29,Owlesbury | Hampshire,https://www.cropcirclecenter.com/ccdata/2012/07/29/UK20120729_C.html,,0.22293,,,absolute dimensions unavailable; calculate scale-free ratios from imagery,COOKBOOK_EXTRACTED_ALL_IMAGES
CC-2012-07-31-WILBUR-WASHINGTON,Wilbur | Washington,2012-07-31,Wilbur | Washington,https://www.cropcirclecenter.com/ccdata/2012/07/31/US20120731_A.html,5,,,,absolute dimensions unavailable; calculate scale-free ratios from imagery,COOKBOOK_EXTRACTED_ALL_IMAGES
CC-2012-07-31-WINDMILL-HILL-WILTSHIRE,Windmill Hill | Wiltshire,2012-07-31,Windmill Hill | Wiltshire,https://www.cropcirclecenter.com/ccdata/2012/07/31/UK20120731_A.html,,0.776978,,,absolute dimensions unavailable; calculate scale-free ratios from imagery,COOKBOOK_EXTRACTED_ALL_IMAGES
CC-2012-08-04-PICKFORD-WARWICKSHIRE,Pickford | Warwickshire,2012-08-04,Pickford | Warwickshire,https://www.cropcirclecenter.com/ccdata/2012/08/04/UK20120804_A.html,5,0.642857,,,absolute dimensions unavailable; calculate scale-free ratios from imagery,COOKBOOK_EXTRACTED_ALL_IMAGES
CC-2012-08-04-SJAELLAND,Sjaelland,2012-08-04,Sjaelland,https://www.cropcirclecenter.com/ccdata/2012/08/04/DK20120804_A.html,30,,,,absolute dimensions unavailable; calculate scale-free ratios from imagery,COOKBOOK_EXTRACTED_ALL_IMAGES
CC-2012-08-05-OWLESBURY-HAMPSHIRE-2,Owlesbury | Hampshire,2012-08-05,Owlesbury | Hampshire,https://www.cropcirclecenter.com/ccdata/2012/08/05/UK20120805_B.html,25,,,,absolute dimensions unavailable; calculate scale-free ratios from imagery,COOKBOOK_EXTRACTED_ALL_IMAGES
CC-2012-08-07-B-LY-K-MEN-KRAJ-VYSOCINA,Bíly Kámen | Kraj Vysocina,2012-08-07,Bíly Kámen | Kraj Vysocina,https://www.cropcirclecenter.com/ccdata/2012/08/07/CZ20120807_A.html,48,,,,absolute dimensions unavailable; calculate scale-free ratios from imagery,COOKBOOK_EXTRACTED_ALL_IMAGES
CC-2012-08-07-VYSKYTN-KRAJ-VYSOCINA-2,Vyskytná | Kraj Vysocina,2012-08-07,Vyskytná | Kraj Vysocina,https://www.cropcirclecenter.com/ccdata/2012/08/07/CZ20120807_B.html,4,,,,absolute dimensions unavailable; calculate scale-free ratios from imagery,COOKBOOK_EXTRACTED_ALL_IMAGES
CC-2012-08-09-CHEESEFOOT-HEAD-HAMPSHIRE,Cheesefoot Head | Hampshire,2012-08-09,Cheesefoot Head | Hampshire,https://www.cropcirclearchives.co.uk/archives/2012/cheesefoothead1/cheesefoothead2012a.html,17,,,,absolute dimensions unavailable; calculate scale-free ratios from imagery,COOKBOOK_EXTRACTED_ALL_IMAGES
CC-2012-08-12-BISHOP-CANNINGS-WILTSHIRE,Bishop Cannings | Wiltshire,2012-08-12,Bishop Cannings | Wiltshire,https://www.cropcirclecenter.com/ccdata/2012/08/12/UK20120812_A.html,,0.804734,,,absolute dimensions unavailable; calculate scale-free ratios from imagery,COOKBOOK_EXTRACTED_ALL_IMAGES
CC-2012-08-12-DEVIL-S-DEN-WILTSHIRE-2,Devil's Den | Wiltshire,2012-08-12,Devil's Den | Wiltshire,https://www.cropcirclecenter.com/ccdata/2012/08/12/UK20120812_B.html,,0.766234,,,absolute dimensions unavailable; calculate scale-free ratios from imagery,COOKBOOK_EXTRACTED_ALL_IMAGES
CC-2012-08-14-WOOLSTONE-OXFORDSHIRE,Woolstone | Oxfordshire,2012-08-14,Woolstone | Oxfordshire,https://www.cropcirclecenter.com/ccdata/2012/08/14/UK20120814_A.html,18,0.949367,,,absolute dimensions unavailable; calculate scale-free ratios from imagery,COOKBOOK_EXTRACTED_ALL_IMAGES
CC-2012-08-21-HACKPEN-HILL-WILTSHIRE,Hackpen Hill | Wiltshire,2012-08-21,Hackpen Hill | Wiltshire,https://www.cropcirclecenter.com/ccdata/2012/08/21/UK20120821_D.html,7,,,,absolute dimensions unavailable; calculate scale-free ratios from imagery,COOKBOOK_EXTRACTED_ALL_IMAGES
CC-2012-08-21-HACKPEN-HILL-WILTSHIRE-3,Hackpen Hill | Wiltshire,2012-08-21,Hackpen Hill | Wiltshire,https://www.cropcirclecenter.com/ccdata/2012/08/21/UK20120821_C.html,15,,,,absolute dimensions unavailable; calculate scale-free ratios from imagery,COOKBOOK_EXTRACTED_ALL_IMAGES
CC-2012-08-26-HACKPEN-HILL-WILTSHIRE,Hackpen Hill | Wiltshire,2012-08-26,Hackpen Hill | Wiltshire,https://www.cropcirclecenter.com/ccdata/2012/08/26/UK20120826_A.html,,0.434286,,,absolute dimensions unavailable; calculate scale-free ratios from imagery,COOKBOOK_EXTRACTED_ALL_IMAGES
CC-2012-09-03-UFFCOTT-WILTSHIRE,Uffcott | Wiltshire,2012-09-03,Uffcott | Wiltshire,https://www.cropcirclecenter.com/ccdata/2012/09/03/UK20120903_A.html,,0.571429,,,absolute dimensions unavailable; calculate scale-free ratios from imagery,COOKBOOK_EXTRACTED_ALL_IMAGES
CC-2012-09-06-HOEVEN-NOORD-BRABANT,Hoeven | Noord-Brabant,2012-09-06,Hoeven | Noord-Brabant,https://www.cropcirclecenter.com/ccdata/2012/09/06/NL20120906_A.html,19,,,,absolute dimensions unavailable; calculate scale-free ratios from imagery,COOKBOOK_EXTRACTED_ALL_IMAGES
CC-2012-09-07-ROCHFORD-ESSEX,Rochford | Essex,2012-09-07,Rochford | Essex,https://www.cropcirclecenter.com/ccdata/2012/09/07/UK20120907_A.html,25,,,,absolute dimensions unavailable; calculate scale-free ratios from imagery,COOKBOOK_EXTRACTED_ALL_IMAGES
CC-2012-09-23-TLAPANALOYA-MEXICO,Tlapanaloya | Mexico,2012-09-23,Tlapanaloya | Mexico,https://www.cropcirclecenter.com/ccdata/2012/09/23/ME20120923_A.html,7,,,,absolute dimensions unavailable; calculate scale-free ratios from imagery,COOKBOOK_EXTRACTED_ALL_IMAGES
CC-2012-10-12-IPUACU-SANTA-CATARINA,Ipuacu | Santa Catarina,2012-10-12,Ipuacu | Santa Catarina,https://www.cropcirclecenter.com/ccdata/2012/10/12/BR20121012_A.html,37,,,,absolute dimensions unavailable; calculate scale-free ratios from imagery,COOKBOOK_EXTRACTED_ALL_IMAGES
CC-2012-10-21-CHICOANA-SALTA,Chicoana | Salta,2012-10-21,Chicoana | Salta,https://www.cropcirclecenter.com/ccdata/2012/10/21/AR20120221_A.html,12,,,,absolute dimensions unavailable; calculate scale-free ratios from imagery,COOKBOOK_EXTRACTED_ALL_IMAGES
CC-2012-11-28-PROMYSCHLENNAJA-KEMEROWO,Promyschlennaja | Kemerowo,2012-11-28,Promyschlennaja | Kemerowo,https://www.cropcirclecenter.com/ccdata/2012/11/28/RU20121128_A.html,11,,,,absolute dimensions unavailable; calculate scale-free ratios from imagery,COOKBOOK_EXTRACTED_ALL_IMAGES
CC-2013-05-07-BOSSCHENHOOFD-NOORD-BRABANT,Bosschenhoofd | Noord Brabant,2013-05-07,Bosschenhoofd | Noord Brabant,https://www.cropcirclecenter.com/ccdata/2013/05/07/NL20130507_A.html,7,,,,absolute dimensions unavailable; calculate scale-free ratios from imagery,COOKBOOK_EXTRACTED_ALL_IMAGES
CC-2013-05-13-GRAY-TENNESSEE,Gray | Tennessee,2013-05-13,Gray | Tennessee,https://www.cropcirclecenter.com/ccdata/2013/05/13/US20130513_A.html,20,,,,absolute dimensions unavailable; calculate scale-free ratios from imagery,COOKBOOK_EXTRACTED_ALL_IMAGES
CC-2013-05-21-BOSSCHENHOOFD-NOORD-BRABANT,Bosschenhoofd | Noord Brabant,2013-05-21,Bosschenhoofd | Noord Brabant,https://www.cropcirclecenter.com/ccdata/2013/05/21/NL20130521_A.html,35,,,,absolute dimensions unavailable; calculate scale-free ratios from imagery,COOKBOOK_EXTRACTED_ALL_IMAGES
CC-2013-05-24-VEND-ME-LOIRE-ET-CHER,Vendôme | Loire-et-Cher,2013-05-24,Vendôme | Loire-et-Cher,https://www.cropcirclecenter.com/ccdata/2013/05/24/FR20130524_A.html,13,,,,absolute dimensions unavailable; calculate scale-free ratios from imagery,COOKBOOK_EXTRACTED_ALL_IMAGES
CC-2013-06-03-GRIGOROVKA-KYJOVSK-OBLAST,Grigorovka | Kyjovská Oblast,2013-06-03,Grigorovka | Kyjovská Oblast,https://www.cropcirclecenter.com/ccdata/2013/06/32/UA20130632_A.html,4,,,,absolute dimensions unavailable; calculate scale-free ratios from imagery,COOKBOOK_EXTRACTED_ALL_IMAGES
CC-2013-06-06-BARBIANO-LUGO-EMILIA-ROMAGNA,Barbiano Lugo | Emilia-Romagna,2013-06-06,Barbiano Lugo | Emilia-Romagna,https://www.cropcirclecenter.com/ccdata/2013/06/06/IT20130606_A.html,,0.530488,,,absolute dimensions unavailable; calculate scale-free ratios from imagery,COOKBOOK_EXTRACTED_ALL_IMAGES
CC-2013-06-09-FINALE-EMILIA-LOMBARDIA,Finale Emilia | Lombardia,2013-06-09,Finale Emilia | Lombardia,https://www.cropcirclecenter.com/ccdata/2013/06/08/IT20130608_A.html,47,,,,absolute dimensions unavailable; calculate scale-free ratios from imagery,COOKBOOK_EXTRACTED_ALL_IMAGES
CC-2013-06-09-STANTON-ST-BERNARD-WILTSHIRE,Stanton St Bernard | Wiltshire,2013-06-09,Stanton St Bernard | Wiltshire,https://www.cropcirclecenter.com/ccdata/2013/06/09/UK20130609_A.html,,0.851429,,,absolute dimensions unavailable; calculate scale-free ratios from imagery,COOKBOOK_EXTRACTED_ALL_IMAGES
CC-2013-06-11-AHMEDABAD-GUJARAT,Ahmedabad | Gujarat,2013-06-11,Ahmedabad | Gujarat,https://www.cropcirclecenter.com/ccdata/2013/06/11/IN20130611_A.html,13,,,,absolute dimensions unavailable; calculate scale-free ratios from imagery,COOKBOOK_EXTRACTED_ALL_IMAGES
CC-2013-06-11-NAJAFGARH-DELHI-2,Najafgarh | Delhi,2013-06-11,Najafgarh | Delhi,https://www.cropcirclecenter.com/ccdata/2013/06/11/IN20130611_B.html,21,,,,absolute dimensions unavailable; calculate scale-free ratios from imagery,COOKBOOK_EXTRACTED_ALL_IMAGES
CC-2013-06-12-ENNA-SICILIA,Enna | Sicilia,2013-06-12,Enna | Sicilia,https://www.cropcirclecenter.com/ccdata/2013/06/12/IT20130612_A.html,9,,,,absolute dimensions unavailable; calculate scale-free ratios from imagery,COOKBOOK_EXTRACTED_ALL_IMAGES
CC-2013-06-17-TIMASHEVSK-KRASNODAR,Timashevsk | Krasnodar,2013-06-17,Timashevsk | Krasnodar,https://www.cropcirclecenter.com/ccdata/2013/06/17/RU20130617_A.html,37,,,,absolute dimensions unavailable; calculate scale-free ratios from imagery,COOKBOOK_EXTRACTED_ALL_IMAGES
CC-2013-06-20-CISTERNA-LAZIO,Cisterna | Lazio,2013-06-20,Cisterna | Lazio,https://www.cropcirclecenter.com/ccdata/2013/06/20/IT20130620_A.html,,0.590062,,,absolute dimensions unavailable; calculate scale-free ratios from imagery,COOKBOOK_EXTRACTED_ALL_IMAGES
CC-2013-06-21-STANTON-ST-BERNARD-WILTSHIRE,Stanton St Bernard | Wiltshire,2013-06-21,Stanton St Bernard | Wiltshire,https://www.cropcirclecenter.com/ccdata/2013/06/21/UK20130621_A.html,12,0.62,,,absolute dimensions unavailable; calculate scale-free ratios from imagery,COOKBOOK_EXTRACTED_ALL_IMAGES
CC-2013-06-21-YATESBURY-WILTSHIRE-2,Yatesbury | Wiltshire,2013-06-21,Yatesbury | Wiltshire,https://www.cropcirclecenter.com/ccdata/2013/06/21/UK20130621_B.html,4,,,,absolute dimensions unavailable; calculate scale-free ratios from imagery,COOKBOOK_EXTRACTED_ALL_IMAGES
CC-2013-06-24-TSEPEROV-OBLAST-LWIW,Tseperov | Oblast Lwiw,2013-06-24,Tseperov | Oblast Lwiw,https://www.cropcirclecenter.com/ccdata/2013/06/24/UA20130624_A.html,37,,,,absolute dimensions unavailable; calculate scale-free ratios from imagery,COOKBOOK_EXTRACTED_ALL_IMAGES
CC-2013-06-25-YATESBURY-WILTSHIRE-2,Yatesbury | Wiltshire,2013-06-25,Yatesbury | Wiltshire,https://www.cropcirclecenter.com/ccdata/2013/06/25/UK20130625_B.html,8,,,,absolute dimensions unavailable; calculate scale-free ratios from imagery,COOKBOOK_EXTRACTED_ALL_IMAGES
CC-2013-06-28-BISHIL-TSCHELJABINSK,Bishil | Tscheljabinsk,2013-06-28,Bishil | Tscheljabinsk,https://www.cropcirclecenter.com/ccdata/2013/06/28/RU20130628_A.html,8,,,,absolute dimensions unavailable; calculate scale-free ratios from imagery,COOKBOOK_EXTRACTED_ALL_IMAGES
CC-2013-06-28-STEK-LIBERECKY-KRAJ,Ã stek | Liberecky kraj,2013-06-28,Ã stek | Liberecky kraj,https://www.cropcirclecenter.com/ccdata/2013/06/28/CZ20130628_A.html,,0.710692,,,absolute dimensions unavailable; calculate scale-free ratios from imagery,COOKBOOK_EXTRACTED_ALL_IMAGES
CC-2013-07-03-BIENATE-LOMBARDIA,Bienate | Lombardia,2013-07-03,Bienate | Lombardia,https://www.cropcirclecenter.com/ccdata/2013/07/03/IT20130703_A.html,5,,,,absolute dimensions unavailable; calculate scale-free ratios from imagery,COOKBOOK_EXTRACTED_ALL_IMAGES
CC-2013-07-03-IMLING-MOSELLE,Imling | Moselle,2013-07-03,Imling | Moselle,https://www.cropcirclecenter.com/ccdata/2013/07/03/FR20130703_A.html,7,,,,absolute dimensions unavailable; calculate scale-free ratios from imagery,COOKBOOK_EXTRACTED_ALL_IMAGES
CC-2013-07-04-RHEINAU-Z-RICH,Rheinau | Zürich,2013-07-04,Rheinau | Zürich,https://www.cropcirclecenter.com/ccdata/2013/07/04/CH20130704_A.html,43,,,,absolute dimensions unavailable; calculate scale-free ratios from imagery,COOKBOOK_EXTRACTED_ALL_IMAGES
CC-2013-07-07-AVEBURY-TRUSLOE-WILTSHIRE-2,Avebury Trusloe | Wiltshire,2013-07-07,Avebury Trusloe | Wiltshire,https://www.cropcirclecenter.com/ccdata/2013/07/07/UK20130707_B.html,,0.828571,,,absolute dimensions unavailable; calculate scale-free ratios from imagery,COOKBOOK_EXTRACTED_ALL_IMAGES
CC-2013-07-14-LIPNIK-TRENCIANSKY-KRAJ,Lipnik | Trenciansky kraj,2013-07-14,Lipnik | Trenciansky kraj,https://www.cropcirclecenter.com/ccdata/2013/07/14/SI20130714_A.html,7,,,,absolute dimensions unavailable; calculate scale-free ratios from imagery,COOKBOOK_EXTRACTED_ALL_IMAGES
CC-2013-07-15-ALL-CANNINGS-WILTSHIRE,All Cannings | Wiltshire,2013-07-15,All Cannings | Wiltshire,https://www.cropcirclecenter.com/ccdata/2013/07/15/UK20130715_A.html,38,0.944828,,,absolute dimensions unavailable; calculate scale-free ratios from imagery,COOKBOOK_EXTRACTED_ALL_IMAGES
CC-2013-07-16-HILCOTT-WILTSHIRE,Hilcott | Wiltshire,2013-07-16,Hilcott | Wiltshire,https://www.cropcirclecenter.com/ccdata/2013/07/16/UK20130716_A.html,14,,,,absolute dimensions unavailable; calculate scale-free ratios from imagery,COOKBOOK_EXTRACTED_ALL_IMAGES
CC-2013-07-18-PORSGRUNN-TELEMARK,Porsgrunn | Telemark,2013-07-18,Porsgrunn | Telemark,https://www.cropcirclecenter.com/ccdata/2013/07/18/NO20130718_A.html,4,,,,absolute dimensions unavailable; calculate scale-free ratios from imagery,COOKBOOK_EXTRACTED_ALL_IMAGES
CC-2013-07-18-ROHOZN-JIHOCESKY-KRAJ,Rohozná | Jihocesky kraj,2013-07-18,Rohozná | Jihocesky kraj,https://www.cropcirclecenter.com/ccdata/2013/07/18/CZ20130718_A.html,27,0.18543,,,absolute dimensions unavailable; calculate scale-free ratios from imagery,COOKBOOK_EXTRACTED_ALL_IMAGES
CC-2013-07-21-MOMALLE-WALLONIE,Momalle | Wallonie,2013-07-21,Momalle | Wallonie,https://www.cropcirclecenter.com/ccdata/2013/07/21/BE20130721_A.html,31,,,,absolute dimensions unavailable; calculate scale-free ratios from imagery,COOKBOOK_EXTRACTED_ALL_IMAGES
CC-2013-07-21-STANDDAARDBUITEN-NOORD-BRABANT-2,Standdaardbuiten | Noord Brabant,2013-07-21,Standdaardbuiten | Noord Brabant,https://www.cropcirclecenter.com/ccdata/2013/07/21/NL20130721_B.html,4,,,,absolute dimensions unavailable; calculate scale-free ratios from imagery,COOKBOOK_EXTRACTED_ALL_IMAGES
CC-2013-07-21-ZEVENBERGEN-NOORD-BRABANT-3,Zevenbergen | Noord Brabant,2013-07-21,Zevenbergen | Noord Brabant,https://www.cropcirclecenter.com/ccdata/2013/07/21/NL20130721_C.html,3,,,,absolute dimensions unavailable; calculate scale-free ratios from imagery,COOKBOOK_EXTRACTED_ALL_IMAGES
CC-2013-07-22-GIANT-S-GRAVE-WILTSHIRE,Giant's Grave | Wiltshire,2013-07-22,Giant's Grave | Wiltshire,https://www.cropcirclecenter.com/ccdata/2013/07/22/UK20130722_A.html,16,,,,absolute dimensions unavailable; calculate scale-free ratios from imagery,COOKBOOK_EXTRACTED_ALL_IMAGES
CC-2013-07-23-WYLATOWO-KUJAWSKO-POMORSKIE,Wylatowo | Kujawsko-Pomorskie,2013-07-23,Wylatowo | Kujawsko-Pomorskie,https://www.cropcirclecenter.com/ccdata/2013/07/23/PL20130723_A.html,7,,,,absolute dimensions unavailable; calculate scale-free ratios from imagery,COOKBOOK_EXTRACTED_ALL_IMAGES
CC-2013-07-27-HAUNSHEIM-BAVARIA,Haunsheim | Bavaria,2013-07-27,Haunsheim | Bavaria,https://www.cropcirclecenter.com/ccdata/2013/07/27/DE20130727_A.html,34,,,,absolute dimensions unavailable; calculate scale-free ratios from imagery,COOKBOOK_EXTRACTED_ALL_IMAGES
CC-2013-07-28-BENESOV-STREDOCESKY-KRAJ,Benesov | Stredocesky kraj,2013-07-28,Benesov | Stredocesky kraj,https://www.cropcirclecenter.com/ccdata/2013/07/28/CZ20130728_A.html,44,,,,absolute dimensions unavailable; calculate scale-free ratios from imagery,COOKBOOK_EXTRACTED_ALL_IMAGES
CC-2013-07-28-LIME-KILN-WOOD-SHROPSHIRE,Lime Kiln Wood | Shropshire,2013-07-28,Lime Kiln Wood | Shropshire,https://www.cropcirclecenter.com/ccdata/2013/07/28/UK20130728_A.html,14,,,,absolute dimensions unavailable; calculate scale-free ratios from imagery,COOKBOOK_EXTRACTED_ALL_IMAGES
CC-2013-07-29-STADSKANAAL-GRONINGEN,Stadskanaal | Groningen,2013-07-29,Stadskanaal | Groningen,https://www.cropcirclecenter.com/ccdata/2013/07/29/NL20130729_A.html,33,,,,absolute dimensions unavailable; calculate scale-free ratios from imagery,COOKBOOK_EXTRACTED_ALL_IMAGES
CC-2013-07-31-CHIRTON-WILTSHIRE,Chirton | Wiltshire,2013-07-31,Chirton | Wiltshire,https://www.cropcirclecenter.com/ccdata/2013/07/31/UK20130731_A.html,30,,,,absolute dimensions unavailable; calculate scale-free ratios from imagery,COOKBOOK_EXTRACTED_ALL_IMAGES
CC-2013-08-01-ROUNDWAY-HILL-WILTSHIRE,Roundway Hill | Wiltshire,2013-08-01,Roundway Hill | Wiltshire,https://www.cropcirclecenter.com/ccdata/2013/08/01/UK20130801_A.html,26,,,,absolute dimensions unavailable; calculate scale-free ratios from imagery,COOKBOOK_EXTRACTED_ALL_IMAGES
CC-2013-08-03-SILBURY-HILL-WILTSHIRE,Silbury Hill | Wiltshire,2013-08-03,Silbury Hill | Wiltshire,https://www.cropcirclecenter.com/ccdata/2013/08/32/UK20130832_A.html,6,,,,absolute dimensions unavailable; calculate scale-free ratios from imagery,COOKBOOK_EXTRACTED_ALL_IMAGES
CC-2013-08-04-CROP-CIRCLE-CENTER,crop circle center,2013-08-04,crop circle center,https://www.cropcirclecenter.com/ccdata/2013/08/04/SK20130804_A.html,14,,,,absolute dimensions unavailable; calculate scale-free ratios from imagery,COOKBOOK_EXTRACTED_ALL_IMAGES
CC-2013-08-06-STANDDAARDBUITEN-NOORD-BRABANT,Standdaardbuiten | Noord Brabant,2013-08-06,Standdaardbuiten | Noord Brabant,https://www.cropcirclecenter.com/ccdata/2013/08/06/NL20130806_A.html,16,,,,absolute dimensions unavailable; calculate scale-free ratios from imagery,COOKBOOK_EXTRACTED_ALL_IMAGES
CC-2013-08-08-CROP-CIRCLE-CENTER,crop circle center,2013-08-08,crop circle center,https://www.cropcirclecenter.com/ccdata/2013/08/08/RU20130808_A.html,13,,,,absolute dimensions unavailable; calculate scale-free ratios from imagery,COOKBOOK_EXTRACTED_ALL_IMAGES
CC-2013-08-08-HENLEY-IN-ARDEN-WARWICKSHIRE-2,Henley-in-Arden | Warwickshire,2013-08-08,Henley-in-Arden | Warwickshire,https://www.cropcirclecenter.com/ccdata/2013/08/08/UK20130808_B.html,,0.703226,,,absolute dimensions unavailable; calculate scale-free ratios from imagery,COOKBOOK_EXTRACTED_ALL_IMAGES
CC-2013-08-08-SILBURY-HILL-WILTSHIRE,Silbury Hill | Wiltshire,2013-08-08,Silbury Hill | Wiltshire,https://www.cropcirclecenter.com/ccdata/2013/08/08/UK20130808_A.html,30,,,,absolute dimensions unavailable; calculate scale-free ratios from imagery,COOKBOOK_EXTRACTED_ALL_IMAGES
CC-2013-08-11-HACKPEN-HILL-WILTSHIRE,Hackpen Hill | Wiltshire,2013-08-11,Hackpen Hill | Wiltshire,https://www.cropcirclecenter.com/ccdata/2013/08/11/UK20130811_A.html,,0.713376,,,absolute dimensions unavailable; calculate scale-free ratios from imagery,COOKBOOK_EXTRACTED_ALL_IMAGES
CC-2013-08-12-BESFORD-WORCESTERSHIRE,Besford | Worcestershire,2013-08-12,Besford | Worcestershire,https://www.cropcirclecenter.com/ccdata/2013/08/12/UK20130812_A.html,18,,,,absolute dimensions unavailable; calculate scale-free ratios from imagery,COOKBOOK_EXTRACTED_ALL_IMAGES
CC-2013-08-13-HACKPEN-HILL-WILTSHIRE,Hackpen Hill | Wiltshire,2013-08-13,Hackpen Hill | Wiltshire,https://www.cropcirclecenter.com/ccdata/2013/08/13/UK20130813_A.html,,0.946309,,,absolute dimensions unavailable; calculate scale-free ratios from imagery,COOKBOOK_EXTRACTED_ALL_IMAGES
CC-2013-08-23-BECKHAMPTON-WILTSHIRE,Beckhampton | Wiltshire,2013-08-23,Beckhampton | Wiltshire,https://www.cropcirclecenter.com/ccdata/2013/08/23/UK20130823_A.html,,0.577143,,,absolute dimensions unavailable; calculate scale-free ratios from imagery,COOKBOOK_EXTRACTED_ALL_IMAGES
CC-2013-08-23-MARDEN-HENGE-WILTSHIRE-2,Marden Henge | Wiltshire,2013-08-23,Marden Henge | Wiltshire,https://www.cropcirclecenter.com/ccdata/2013/08/23/UK20130823_B.html,44,,,,absolute dimensions unavailable; calculate scale-free ratios from imagery,COOKBOOK_EXTRACTED_ALL_IMAGES
CC-2013-08-23-RADNICE-PLZENSKY-KRAJ,Radnice | Plzensky kraj,2013-08-23,Radnice | Plzensky kraj,https://www.cropcirclecenter.com/ccdata/2013/08/23/CZ20130823_A.html,7,0.942446,,,absolute dimensions unavailable; calculate scale-free ratios from imagery,COOKBOOK_EXTRACTED_ALL_IMAGES
CC-2013-08-30-ASHMORE-DORSET,Ashmore | Dorset,2013-08-30,Ashmore | Dorset,https://www.cropcirclecenter.com/ccdata/2013/08/30/UK20130830_A.html,12,,,,absolute dimensions unavailable; calculate scale-free ratios from imagery,COOKBOOK_EXTRACTED_ALL_IMAGES
CC-2013-09-03-BOSSCHENHOOFD-NOORD-BRABANT,Bosschenhoofd | Noord Brabant,2013-09-03,Bosschenhoofd | Noord Brabant,https://www.cropcirclecenter.com/ccdata/2013/09/03/NL20130903_A.html,11,,,,absolute dimensions unavailable; calculate scale-free ratios from imagery,COOKBOOK_EXTRACTED_ALL_IMAGES
CC-2013-11-02-IPUACU-SANTA-CATARINA-2,Ipuacu | Santa Catarina,2013-11-02,Ipuacu | Santa Catarina,https://www.cropcirclecenter.com/ccdata/2013/11/02/BR20131102_B.html,8,,,,absolute dimensions unavailable; calculate scale-free ratios from imagery,COOKBOOK_EXTRACTED_ALL_IMAGES
CC-2013-11-03-VELSKIYE-ARCHANGELSK,Velskiye | Archangelsk,2013-11-03,Velskiye | Archangelsk,https://www.cropcirclecenter.com/ccdata/2013/11/33/RU20131133_A.html,6,,,,absolute dimensions unavailable; calculate scale-free ratios from imagery,COOKBOOK_EXTRACTED_ALL_IMAGES
CC-2013-11-07-CHICOANA-SALA,Chicoana | Sala,2013-11-07,Chicoana | Sala,https://www.cropcirclecenter.com/ccdata/2013/11/07/AR20131107_A.html,4,,,,absolute dimensions unavailable; calculate scale-free ratios from imagery,COOKBOOK_EXTRACTED_ALL_IMAGES
CC-2013-12-29-SALINAS-VALLEY-CALIFORNIA,Salinas Valley | California,2013-12-29,Salinas Valley | California,https://www.cropcirclecenter.com/ccdata/2013/12/29/US20131229_A.html,,0.948276,,,absolute dimensions unavailable; calculate scale-free ratios from imagery,COOKBOOK_EXTRACTED_ALL_IMAGES
CC-2013-UNKNOWN-SHEFFIELD-MASSACHUSETTS,Sheffield | Massachusetts,2013-unknown,Sheffield | Massachusetts,https://www.cropcirclecenter.com/ccdata/2013/09/00/US20130900_A.html,4,,,,absolute dimensions unavailable; calculate scale-free ratios from imagery,COOKBOOK_EXTRACTED_ALL_IMAGES
CC-2014-03-17-ROOSENDAAL-NOORD-BRABANT,Roosendaal | Noord Brabant,2014-03-17,Roosendaal | Noord Brabant,https://www.cropcirclecenter.com/ccdata/2014/03/17/NL20140317_A.html,43,,,,absolute dimensions unavailable; calculate scale-free ratios from imagery,COOKBOOK_EXTRACTED_ALL_IMAGES
CC-2014-04-05-HOEVEN-NOORD-BRABANT,Hoeven | Noord Brabant,2014-04-05,Hoeven | Noord Brabant,https://www.cropcirclecenter.com/ccdata/2014/04/05/NL20140405_A.html,36,,,,absolute dimensions unavailable; calculate scale-free ratios from imagery,COOKBOOK_EXTRACTED_ALL_IMAGES
CC-2014-04-08-HOEVEN-NOORD-BRABANT,Hoeven | Noord Brabant,2014-04-08,Hoeven | Noord Brabant,https://www.cropcirclecenter.com/ccdata/2014/04/08/NL20140408_A.html,16,,,,absolute dimensions unavailable; calculate scale-free ratios from imagery,COOKBOOK_EXTRACTED_ALL_IMAGES
CC-2014-04-16-BRIMSLADE-WILTSHIRE,Brimslade | Wiltshire,2014-04-16,Brimslade | Wiltshire,https://www.cropcirclecenter.com/ccdata/2014/04/16/UK20140416_A.html,28,0.952941,,,absolute dimensions unavailable; calculate scale-free ratios from imagery,COOKBOOK_EXTRACTED_ALL_IMAGES
CC-2014-04-19-HOEVEN-NOORD-BRABANT,Hoeven | Noord Brabant,2014-04-19,Hoeven | Noord Brabant,https://www.cropcirclecenter.com/ccdata/2014/04/19/NL20140419_A.html,18,,,,absolute dimensions unavailable; calculate scale-free ratios from imagery,COOKBOOK_EXTRACTED_ALL_IMAGES
CC-2014-04-30-HAMBLEDON-HILL-DORSET,Hambledon Hill | Dorset,2014-04-30,Hambledon Hill | Dorset,https://www.cropcirclecenter.com/ccdata/2014/04/30/UK20140430_A.html,11,,,,absolute dimensions unavailable; calculate scale-free ratios from imagery,COOKBOOK_EXTRACTED_ALL_IMAGES
CC-2014-05-20-HOEVEN-NOORD-BRABANT,Hoeven | Noord Brabant,2014-05-20,Hoeven | Noord Brabant,https://www.cropcirclecenter.com/ccdata/2014/05/20/NL20140520_A.html,4,,,,absolute dimensions unavailable; calculate scale-free ratios from imagery,COOKBOOK_EXTRACTED_ALL_IMAGES
CC-2014-05-30-FALMER-EAST-SUSSEX,Falmer | East Sussex,2014-05-30,Falmer | East Sussex,https://www.cropcirclecenter.com/ccdata/2014/05/30/UK20140530_A.html,4,,,,absolute dimensions unavailable; calculate scale-free ratios from imagery,COOKBOOK_EXTRACTED_ALL_IMAGES
CC-2014-06-04-HOEVEN-NOORD-BRABANT,Hoeven | Noord Brabant,2014-06-04,Hoeven | Noord Brabant,https://www.cropcirclecenter.com/ccdata/2014/06/04/NL20140604_A.html,28,,,,absolute dimensions unavailable; calculate scale-free ratios from imagery,COOKBOOK_EXTRACTED_ALL_IMAGES
CC-2014-06-13-OUD-GASTEL-NOORD-BRABANT,Oud Gastel | Noord Brabant,2014-06-13,Oud Gastel | Noord Brabant,https://www.cropcirclecenter.com/ccdata/2014/06/13/NL20140613_A.html,4,,,,absolute dimensions unavailable; calculate scale-free ratios from imagery,COOKBOOK_EXTRACTED_ALL_IMAGES
CC-2014-06-14-BESFORD-WORCESTERSHIRE,Besford | Worcestershire,2014-06-14,Besford | Worcestershire,https://www.cropcirclecenter.com/ccdata/2014/06/14/UK20140614_A.html,40,,,,absolute dimensions unavailable; calculate scale-free ratios from imagery,COOKBOOK_EXTRACTED_ALL_IMAGES
CC-2014-06-14-SOUTHEND-ON-SEA-ESSEX-2,Southend-on-Sea | Essex,2014-06-14,Southend-on-Sea | Essex,https://www.cropcirclecenter.com/ccdata/2014/06/14/UK20140614_B.html,,0.805369,,,absolute dimensions unavailable; calculate scale-free ratios from imagery,COOKBOOK_EXTRACTED_ALL_IMAGES
CC-2014-06-17-BADBURY-RINGS-DORSET,Badbury Rings | Dorset,2014-06-17,Badbury Rings | Dorset,https://www.cropcirclecenter.com/ccdata/2014/06/17/UK20140617_A.html,,0.954286,,,absolute dimensions unavailable; calculate scale-free ratios from imagery,COOKBOOK_EXTRACTED_ALL_IMAGES
CC-2014-06-18-BENICIA-CALIFORNIA,Benicia | California,2014-06-18,Benicia | California,https://www.cropcirclecenter.com/ccdata/2014/06/18/US20140618_A.html,34,,,,absolute dimensions unavailable; calculate scale-free ratios from imagery,COOKBOOK_EXTRACTED_ALL_IMAGES
CC-2014-06-20-ALTON-BARNES-WILTSHIRE,Alton Barnes | Wiltshire,2014-06-20,Alton Barnes | Wiltshire,https://www.cropcirclecenter.com/ccdata/2014/06/20/UK20140620_A.html,9,,,,absolute dimensions unavailable; calculate scale-free ratios from imagery,COOKBOOK_EXTRACTED_ALL_IMAGES
CC-2014-06-21-REA-LOMBARDIA-2,Rea | Lombardia,2014-06-21,Rea | Lombardia,https://www.cropcirclecenter.com/ccdata/2014/06/21/IT20140621_B.html,3,,,,absolute dimensions unavailable; calculate scale-free ratios from imagery,COOKBOOK_EXTRACTED_ALL_IMAGES
CC-2014-06-22-SOUTHEND-ON-SEA-DORSET-2,Southend-on-Sea | Dorset,2014-06-22,Southend-on-Sea | Dorset,https://www.cropcirclecenter.com/ccdata/2014/06/22/UK20140622_B.html,,0.725146,,,absolute dimensions unavailable; calculate scale-free ratios from imagery,COOKBOOK_EXTRACTED_ALL_IMAGES
CC-2014-06-22-WEST-KENNETT-WILTSHIRE,West Kennett | Wiltshire,2014-06-22,West Kennett | Wiltshire,https://www.cropcirclecenter.com/ccdata/2014/06/22/UK20140622_A.html,23,,,,absolute dimensions unavailable; calculate scale-free ratios from imagery,COOKBOOK_EXTRACTED_ALL_IMAGES
CC-2014-06-26-HACKPEN-HILL-WILTSHIRE,Hackpen Hill | Wiltshire,2014-06-26,Hackpen Hill | Wiltshire,https://www.cropcirclecenter.com/ccdata/2014/06/26/UK20140626_A.html,5,,,,absolute dimensions unavailable; calculate scale-free ratios from imagery,COOKBOOK_EXTRACTED_ALL_IMAGES
CC-2014-06-26-NOORDHOEK-NOORD-BRABANT,Noordhoek | Noord Brabant,2014-06-26,Noordhoek | Noord Brabant,https://www.cropcirclecenter.com/ccdata/2014/06/26/NL20140626_A.html,18,,,,absolute dimensions unavailable; calculate scale-free ratios from imagery,COOKBOOK_EXTRACTED_ALL_IMAGES
CC-2014-06-28-BOSKOVICE-JIHOMORAVSKY-KRAJ,Boskovice | Jihomoravsky kraj,2014-06-28,Boskovice | Jihomoravsky kraj,https://www.cropcirclecenter.com/ccdata/2014/06/28/CZ20140628_A.html,16,0.166667,,,absolute dimensions unavailable; calculate scale-free ratios from imagery,COOKBOOK_EXTRACTED_ALL_IMAGES
CC-2014-06-29-LOCATION-WITHHELD-WILTSHIRE-3,location withheld | Wiltshire,2014-06-29,location withheld | Wiltshire,https://www.cropcirclecenter.com/ccdata/2014/06/29/UK20140629_C.html,16,0.846667,,,absolute dimensions unavailable; calculate scale-free ratios from imagery,COOKBOOK_EXTRACTED_ALL_IMAGES
CC-2014-06-29-S-AWSKO-DOLNE-KUJAWSKO-POMORSKIE,SÅ awsko Dolne | Kujawsko-Pomorskie,2014-06-29,SÅ awsko Dolne | Kujawsko-Pomorskie,https://www.cropcirclecenter.com/ccdata/2014/06/29/PL20140629_A.html,18,0.227848,,,absolute dimensions unavailable; calculate scale-free ratios from imagery,COOKBOOK_EXTRACTED_ALL_IMAGES
CC-2014-07-08-CHARLTON-WILTSHIRE,Charlton | Wiltshire,2014-07-08,Charlton | Wiltshire,https://www.cropcirclecenter.com/ccdata/2014/07/08/UK20140708_A.html,,0.953757,,,absolute dimensions unavailable; calculate scale-free ratios from imagery,COOKBOOK_EXTRACTED_ALL_IMAGES
CC-2014-07-08-HACKPEN-HILL-WILTSHIRE-2,Hackpen Hill | Wiltshire,2014-07-08,Hackpen Hill | Wiltshire,https://www.cropcirclecenter.com/ccdata/2014/07/08/UK20140708_B.html,25,0.761905,,,absolute dimensions unavailable; calculate scale-free ratios from imagery,COOKBOOK_EXTRACTED_ALL_IMAGES
CC-2014-07-09-HOEVEN-NOORD-BRABANT,Hoeven | Noord Brabant,2014-07-09,Hoeven | Noord Brabant,https://www.cropcirclecenter.com/ccdata/2014/07/09/NL20140709_A.html,7,,,,absolute dimensions unavailable; calculate scale-free ratios from imagery,COOKBOOK_EXTRACTED_ALL_IMAGES
CC-2014-07-09-WILMINGTON-EAST-SUSSEX-2,Wilmington | East Sussex,2014-07-09,Wilmington | East Sussex,https://www.cropcirclecenter.com/ccdata/2014/07/09/UK20140709_B.html,29,,,,absolute dimensions unavailable; calculate scale-free ratios from imagery,COOKBOOK_EXTRACTED_ALL_IMAGES
CC-2014-07-11-LANDAU-RHEINLAND-PFALZ,Landau | Rheinland-Pfalz,2014-07-11,Landau | Rheinland-Pfalz,https://www.cropcirclecenter.com/ccdata/2014/07/11/DE20140711_A.html,4,,,,absolute dimensions unavailable; calculate scale-free ratios from imagery,COOKBOOK_EXTRACTED_ALL_IMAGES
CC-2014-07-11-POLAND,Poland,2014-07-11,Poland,https://www.cropcirclecenter.com/ccdata/2014/07/11/PL20140711_A.html,5,,,,absolute dimensions unavailable; calculate scale-free ratios from imagery,COOKBOOK_EXTRACTED_ALL_IMAGES
CC-2014-07-12-ORCHOWO-WIELKOPOLSKIE,Orchowo | Wielkopolskie,2014-07-12,Orchowo | Wielkopolskie,https://www.cropcirclecenter.com/ccdata/2014/07/12/PL20140712_A.html,24,0.256944,,,absolute dimensions unavailable; calculate scale-free ratios from imagery,COOKBOOK_EXTRACTED_ALL_IMAGES
CC-2014-07-13-WEST-KENNETT-WILTSHIRE,West Kennett | Wiltshire,2014-07-13,West Kennett | Wiltshire,https://www.cropcirclecenter.com/ccdata/2014/07/13/UK20140713_A.html,6,0.393103,,,absolute dimensions unavailable; calculate scale-free ratios from imagery,COOKBOOK_EXTRACTED_ALL_IMAGES
CC-2014-07-16-MARLBOROUGH-WILTSHIRE,Marlborough | Wiltshire,2014-07-16,Marlborough | Wiltshire,https://www.cropcirclecenter.com/ccdata/2014/07/16/UK20140716_A.html,,0.418919,,,absolute dimensions unavailable; calculate scale-free ratios from imagery,COOKBOOK_EXTRACTED_ALL_IMAGES
CC-2014-07-16-ROOSENDAAL-NOORD-BRABANT-2,Roosendaal | Noord Brabant,2014-07-16,Roosendaal | Noord Brabant,https://www.cropcirclecenter.com/ccdata/2014/07/16/NL20140716_B.html,3,0.490683,,,absolute dimensions unavailable; calculate scale-free ratios from imagery,COOKBOOK_EXTRACTED_ALL_IMAGES
CC-2014-07-16-ZEVENBERGEN-NOORD-BRABANT-3,Zevenbergen | Noord Brabant,2014-07-16,Zevenbergen | Noord Brabant,https://www.cropcirclecenter.com/ccdata/2014/07/16/NL20140716_C.html,22,,,,absolute dimensions unavailable; calculate scale-free ratios from imagery,COOKBOOK_EXTRACTED_ALL_IMAGES
CC-2014-07-17-ROYDON-ESSEX,Roydon | Essex,2014-07-17,Roydon | Essex,https://www.cropcirclecenter.com/ccdata/2014/07/17/UK20140717_A.html,34,,,,absolute dimensions unavailable; calculate scale-free ratios from imagery,COOKBOOK_EXTRACTED_ALL_IMAGES
CC-2014-07-18-CESSY-AIN,Cessy | Ain,2014-07-18,Cessy | Ain,https://www.cropcirclecenter.com/ccdata/2014/07/18/FR20140718_A.html,34,,,,absolute dimensions unavailable; calculate scale-free ratios from imagery,COOKBOOK_EXTRACTED_ALL_IMAGES
CC-2014-07-18-RAISTING-BAVARIA,Raisting | Bavaria,2014-07-18,Raisting | Bavaria,https://www.cropcirclecenter.com/ccdata/2014/07/18/DE20140718_A.html,,0.935252,,,absolute dimensions unavailable; calculate scale-free ratios from imagery,COOKBOOK_EXTRACTED_ALL_IMAGES
CC-2014-07-22-WELSH-WAY-BARNSLEY-GLOUCESTERSHIRE,"Welsh Way, Barnsley, Gloucestershire",2014-07-22,"Welsh Way, Barnsley, Gloucestershire",https://temporarytemples.co.uk/project/welsh-way-barnsley-gloucestershire-22nd-july-2014,7,0.964706,,,approximately 150 ft,COOKBOOK_EXTRACTED_ALL_IMAGES
CC-2014-07-24-SUTTON-HALL-ESSEX,Sutton Hall | Essex,2014-07-24,Sutton Hall | Essex,https://www.cropcirclecenter.com/ccdata/2014/07/24/UK20140724_A.html,13,,,,absolute dimensions unavailable; calculate scale-free ratios from imagery,COOKBOOK_EXTRACTED_ALL_IMAGES
CC-2014-07-25-MOMALLE-WALLONIE,Momalle | Wallonie,2014-07-25,Momalle | Wallonie,https://www.cropcirclecenter.com/ccdata/2014/07/25/BE20140725_A.html,18,,,,absolute dimensions unavailable; calculate scale-free ratios from imagery,COOKBOOK_EXTRACTED_ALL_IMAGES
CC-2014-07-25-STADSKANAAL-NOORD-BRABANT,Stadskanaal | Noord-Brabant,2014-07-25,Stadskanaal | Noord-Brabant,https://www.cropcirclecenter.com/ccdata/2014/07/25/NL20140725_A.html,19,,,,absolute dimensions unavailable; calculate scale-free ratios from imagery,COOKBOOK_EXTRACTED_ALL_IMAGES
CC-2014-07-27-CHERINGTON-GLOUCESTERSHIRE,"Cherington, Gloucestershire",2014-07-27,"Cherington, Gloucestershire",https://www.cropcirclecenter.com/ccdata/2014/07/26/UK20140726_A.html,15,,,,absolute dimensions unavailable; calculate scale-free ratios from imagery,COOKBOOK_EXTRACTED_ALL_IMAGES
CC-2014-07-27-LONG-MAN-OF-WILMINGTON-EAST-SUSSEX-3,Long Man of Wilmington | East Sussex,2014-07-27,Long Man of Wilmington | East Sussex,https://www.cropcirclecenter.com/ccdata/2014/07/27/UK20140727_C.html,11,0.658824,,,absolute dimensions unavailable; calculate scale-free ratios from imagery,COOKBOOK_EXTRACTED_ALL_IMAGES
CC-2014-08-03-LUND-SK-NE-L-N,Lund | Skåne län,2014-08-03,Lund | Skåne län,https://www.cropcirclecenter.com/ccdata/2014/08/03/SE20140803_A.html,,0.514085,,,absolute dimensions unavailable; calculate scale-free ratios from imagery,COOKBOOK_EXTRACTED_ALL_IMAGES
CC-2014-08-04-COMBE-MARTIN-DEVON,Combe Martin | Devon,2014-08-04,Combe Martin | Devon,https://www.cropcirclecenter.com/ccdata/2014/08/04/UK20140804_A.html,,0.420118,,,absolute dimensions unavailable; calculate scale-free ratios from imagery,COOKBOOK_EXTRACTED_ALL_IMAGES
CC-2014-08-05-EAST-KENNETT-WILTSHIRE-2,East Kennett | Wiltshire,2014-08-05,East Kennett | Wiltshire,https://www.cropcirclecenter.com/ccdata/2014/08/05/UK20140805_B.html,7,,,,absolute dimensions unavailable; calculate scale-free ratios from imagery,COOKBOOK_EXTRACTED_ALL_IMAGES
CC-2014-08-05-TICHBOURNE-HAMPSHIRE,Tichbourne | Hampshire,2014-08-05,Tichbourne | Hampshire,https://www.cropcirclecenter.com/ccdata/2014/08/05/UK20140805_A.html,23,,,,absolute dimensions unavailable; calculate scale-free ratios from imagery,COOKBOOK_EXTRACTED_ALL_IMAGES
CC-2014-08-06-HACKPEN-HILL-WILTSHIRE-2,Hackpen Hill | Wiltshire,2014-08-06,Hackpen Hill | Wiltshire,https://www.cropcirclecenter.com/ccdata/2014/08/06/UK20140806_B.html,32,,,,absolute dimensions unavailable; calculate scale-free ratios from imagery,COOKBOOK_EXTRACTED_ALL_IMAGES
CC-2014-08-08-AVEBURY-WILTSHIRE,Avebury | Wiltshire,2014-08-08,Avebury | Wiltshire,https://www.cropcirclecenter.com/ccdata/2014/08/08/UK20140808_A.html,26,0.375,,,absolute dimensions unavailable; calculate scale-free ratios from imagery,COOKBOOK_EXTRACTED_ALL_IMAGES
CC-2014-08-10-KIETRZEM-OPOLSKIE,Kietrzem | Opolskie,2014-08-10,Kietrzem | Opolskie,https://www.cropcirclecenter.com/ccdata/2014/08/10/PL20140810_A.html,5,,,,absolute dimensions unavailable; calculate scale-free ratios from imagery,COOKBOOK_EXTRACTED_ALL_IMAGES
CC-2014-08-12-ETCHILHAMPTON-WILTSHIRE,Etchilhampton | Wiltshire,2014-08-12,Etchilhampton | Wiltshire,https://www.cropcirclecenter.com/ccdata/2014/08/12/UK20140812_A.html,,0.638554,,,absolute dimensions unavailable; calculate scale-free ratios from imagery,COOKBOOK_EXTRACTED_ALL_IMAGES
CC-2014-08-13-GUSSAGE-ST-ANDREW-DORSET,"Gussage St. Andrew, Dorset",2014-08-13,"Gussage St. Andrew, Dorset",https://temporarytemples.co.uk/project/gussage-st-andrew-dorset-13th-august-2014,,0.565714,,,approximately 200 ft,COOKBOOK_EXTRACTED_ALL_IMAGES
CC-2014-08-15-HAWKHILL-NORTHUMBERLAND,Hawkhill | Northumberland,2014-08-15,Hawkhill | Northumberland,https://www.cropcirclecenter.com/ccdata/2014/08/15/UK20140815_A.html,27,0.548571,,,absolute dimensions unavailable; calculate scale-free ratios from imagery,COOKBOOK_EXTRACTED_ALL_IMAGES
CC-2014-08-24-STROUD-GREEN-ESSEX,Stroud Green | Essex,2014-08-24,Stroud Green | Essex,https://www.cropcirclecenter.com/ccdata/2014/08/24/UK20140824_A.html,22,0.68,,,absolute dimensions unavailable; calculate scale-free ratios from imagery,COOKBOOK_EXTRACTED_ALL_IMAGES
CC-2014-09-11-HOEVEN-NOORD-BRABANT,Hoeven | Noord Brabant,2014-09-11,Hoeven | Noord Brabant,https://www.cropcirclecenter.com/ccdata/2014/09/11/NL20140911_A.html,15,,,,absolute dimensions unavailable; calculate scale-free ratios from imagery,COOKBOOK_EXTRACTED_ALL_IMAGES
CC-2014-10-03-BEN-NEVIS-DISTRICT-VICTORIA,Ben Nevis District | Victoria,2014-10-03,Ben Nevis District | Victoria,https://www.cropcirclecenter.com/ccdata/2014/10/03/AU20141003_A.html,7,,,,absolute dimensions unavailable; calculate scale-free ratios from imagery,COOKBOOK_EXTRACTED_ALL_IMAGES
CC-2014-10-03-HOEVEN-NOORD-BRABANT,Hoeven | Noord Brabant,2014-10-03,Hoeven | Noord Brabant,https://www.cropcirclecenter.com/ccdata/2014/10/03/NL20141003_A.html,,0.948387,,,absolute dimensions unavailable; calculate scale-free ratios from imagery,COOKBOOK_EXTRACTED_ALL_IMAGES
CC-2014-10-26-IPUACU-SANTA-CATARINA-2,Ipuacu | Santa Catarina,2014-10-26,Ipuacu | Santa Catarina,https://www.cropcirclecenter.com/ccdata/2014/10/26/BR20141026_B.html,12,0.622857,,,absolute dimensions unavailable; calculate scale-free ratios from imagery,COOKBOOK_EXTRACTED_ALL_IMAGES
CC-2014-11-06-HOEVEN-NOORD-BRABANT,Hoeven | Noord Brabant,2014-11-06,Hoeven | Noord Brabant,https://www.cropcirclecenter.com/ccdata/2014/11/06/NL20141106_A.html,9,,,,absolute dimensions unavailable; calculate scale-free ratios from imagery,COOKBOOK_EXTRACTED_ALL_IMAGES
CC-2014-11-21-BOSSCHENHOOFD-NOORD-BRABANT,Bosschenhoofd | Noord Brabant,2014-11-21,Bosschenhoofd | Noord Brabant,https://www.cropcirclecenter.com/ccdata/2014/11/21/NL20141121_A.html,17,,,,absolute dimensions unavailable; calculate scale-free ratios from imagery,COOKBOOK_EXTRACTED_ALL_IMAGES
CC-2014-UNKNOWN-LANDAU-RHEINLAND-PFALZ,Landau | Rheinland-Pfalz,2014-unknown,Landau | Rheinland-Pfalz,https://www.cropcirclecenter.com/ccdata/2014/06/20/DE20140620_A.html,4,,,,absolute dimensions unavailable; calculate scale-free ratios from imagery,COOKBOOK_EXTRACTED_ALL_IMAGES
CC-2014-UNKNOWN-LANDAU-RHEINLAND-PFALZ-2,Landau | Rheinland-Pfalz,2014-unknown,Landau | Rheinland-Pfalz,https://www.cropcirclecenter.com/ccdata/2014/06/00/DE20140600_B.html,5,,,,absolute dimensions unavailable; calculate scale-free ratios from imagery,COOKBOOK_EXTRACTED_ALL_IMAGES
CC-2014-UNKNOWN-ZWETTL-NIEDER-STERREICH,Zwettl | Niederösterreich,2014-unknown,Zwettl | Niederösterreich,https://www.cropcirclecenter.com/ccdata/2014/07/25/AT20140725_A.html,15,,,,absolute dimensions unavailable; calculate scale-free ratios from imagery,COOKBOOK_EXTRACTED_ALL_IMAGES
CC-2015-01-04-GUADALAJARA-JALISCO,Guadalajara | Jalisco,2015-01-04,Guadalajara | Jalisco,https://www.cropcirclecenter.com/ccdata/2015/01/04/ME20150104_A.html,15,,,,absolute dimensions unavailable; calculate scale-free ratios from imagery,COOKBOOK_EXTRACTED_ALL_IMAGES
CC-2015-05-06-STANDDAARDBUITEN-NOORD-BRABANT,Standdaardbuiten | Noord Brabant,2015-05-06,Standdaardbuiten | Noord Brabant,https://www.cropcirclecenter.com/ccdata/2015/05/06/NL20150506_A.html,23,,,,absolute dimensions unavailable; calculate scale-free ratios from imagery,COOKBOOK_EXTRACTED_ALL_IMAGES
CC-2015-05-12-YATESBURY-WILTSHIRE,Yatesbury | Wiltshire,2015-05-12,Yatesbury | Wiltshire,https://www.cropcirclecenter.com/ccdata/2015/05/12/UK20150512_A.html,14,0.538961,,,absolute dimensions unavailable; calculate scale-free ratios from imagery,COOKBOOK_EXTRACTED_ALL_IMAGES
CC-2015-05-18-BERLIN-BERLIN,Berlin | Berlin,2015-05-18,Berlin | Berlin,https://www.cropcirclecenter.com/ccdata/2015/05/18/DE20150518_A.html,8,,,,absolute dimensions unavailable; calculate scale-free ratios from imagery,COOKBOOK_EXTRACTED_ALL_IMAGES
CC-2015-05-19-STANDDAARDBUITEN-NOORD-BRABANT-2,Standdaardbuiten | Noord Brabant,2015-05-19,Standdaardbuiten | Noord Brabant,https://www.cropcirclecenter.com/ccdata/2015/05/19/NL20150519_B.html,3,,,,absolute dimensions unavailable; calculate scale-free ratios from imagery,COOKBOOK_EXTRACTED_ALL_IMAGES
CC-2015-05-21-GRAY-TENNESSEE,Gray | Tennessee,2015-05-21,Gray | Tennessee,https://www.cropcirclecenter.com/ccdata/2015/05/21/US20150521_A.html,24,,,,absolute dimensions unavailable; calculate scale-free ratios from imagery,COOKBOOK_EXTRACTED_ALL_IMAGES
CC-2015-06-02-CASTELNUOVO-BERARDENGA-TOSCANA,Castelnuovo Berardenga | Toscana,2015-06-02,Castelnuovo Berardenga | Toscana,https://www.cropcirclecenter.com/ccdata/2015/06/02/IT20150602_A.html,11,,,,absolute dimensions unavailable; calculate scale-free ratios from imagery,COOKBOOK_EXTRACTED_ALL_IMAGES
CC-2015-06-04-ZEWENBERGEN-NOORD-BRABANT,Zewenbergen | Noord Brabant,2015-06-04,Zewenbergen | Noord Brabant,https://www.cropcirclecenter.com/ccdata/2015/06/04/NL20150604_A.html,5,,,,absolute dimensions unavailable; calculate scale-free ratios from imagery,COOKBOOK_EXTRACTED_ALL_IMAGES
CC-2015-06-07-PONTECURONE,Pontecurone,2015-06-07,Pontecurone,https://www.cropcirclecenter.com/ccdata/2015/06/07/IT20150607_A.HTML,16,0.146667,,,absolute dimensions unavailable; calculate scale-free ratios from imagery,COOKBOOK_EXTRACTED_ALL_IMAGES
CC-2015-06-08-BERLIN-BERLIN,Berlin | Berlin,2015-06-08,Berlin | Berlin,https://www.cropcirclecenter.com/ccdata/2015/06/08/DE20150608_A.html,,0.939189,,,absolute dimensions unavailable; calculate scale-free ratios from imagery,COOKBOOK_EXTRACTED_ALL_IMAGES
CC-2015-06-09-BETTEWAARDSEDIJK-ZEELAND,Bettewaardsedijk | Zeeland,2015-06-09,Bettewaardsedijk | Zeeland,https://www.cropcirclecenter.com/ccdata/2015/06/09/NL20150609_A.html,8,,,,absolute dimensions unavailable; calculate scale-free ratios from imagery,COOKBOOK_EXTRACTED_ALL_IMAGES
CC-2015-06-15-LANDAU-RHEINLAND-PFALZ,Landau | Rheinland-Pfalz,2015-06-15,Landau | Rheinland-Pfalz,https://www.cropcirclecenter.com/ccdata/2015/06/15/DE20150615_A.html,17,,,,absolute dimensions unavailable; calculate scale-free ratios from imagery,COOKBOOK_EXTRACTED_ALL_IMAGES
CC-2015-06-15-MERENSWEGJE-NOORD-BRABANT,Merenswegje | Noord Brabant,2015-06-15,Merenswegje | Noord Brabant,https://www.cropcirclecenter.com/ccdata/2015/06/15/NL20150615_A.html,16,,,,absolute dimensions unavailable; calculate scale-free ratios from imagery,COOKBOOK_EXTRACTED_ALL_IMAGES
CC-2015-06-15-STOFORD-WILTSHIRE,"Stoford, Wiltshire",2015-06-15,"Stoford, Wiltshire",https://temporarytemples.co.uk/project/stoford-wiltshire-15th-june-2015,30,,,,approximately 180 ft ; approximately 25 m,COOKBOOK_EXTRACTED_ALL_IMAGES
CC-2015-06-16-STANTON-ST-BERNARD-WILTSHIRE-2,Stanton St. Bernard | Wiltshire,2015-06-16,Stanton St. Bernard | Wiltshire,https://www.cropcirclecenter.com/ccdata/2015/06/16/UK20150616_B.html,,0.945578,,,absolute dimensions unavailable; calculate scale-free ratios from imagery,COOKBOOK_EXTRACTED_ALL_IMAGES
CC-2015-06-21-WEST-WOODS-LOCKERIDGE-WILTSHIRE,"West Woods, Lockeridge, Wiltshire",2015-06-21,"West Woods, Lockeridge, Wiltshire",https://temporarytemples.co.uk/project/west-woods-lockeridge-wiltshire-21st-june-2015,7,0.954286,,,approximately 150 ft,COOKBOOK_EXTRACTED_ALL_IMAGES
CC-2015-06-22-HORSHAM-WILTSHIRE,Horsham | Wiltshire,2015-06-22,Horsham | Wiltshire,https://www.cropcirclecenter.com/ccdata/2015/06/22/UK20150622_A.html,,0.954286,,,absolute dimensions unavailable; calculate scale-free ratios from imagery,COOKBOOK_EXTRACTED_ALL_IMAGES
CC-2015-06-23-TORINO-PIEMONT,Torino | Piemont,2015-06-23,Torino | Piemont,https://www.cropcirclecenter.com/ccdata/2015/06/23/IT20150623_A.html,,0.731429,,,absolute dimensions unavailable; calculate scale-free ratios from imagery,COOKBOOK_EXTRACTED_ALL_IMAGES
CC-2015-06-29-YATESBURY-WILTSHIRE,Yatesbury | Wiltshire,2015-06-29,Yatesbury | Wiltshire,https://www.cropcirclecenter.com/ccdata/2015/06/29/UK20150629_A.html,15,,,,absolute dimensions unavailable; calculate scale-free ratios from imagery,COOKBOOK_EXTRACTED_ALL_IMAGES
CC-2015-07-04-HOEVEN-NOORD-BRABANT,Hoeven | Noord Brabant,2015-07-04,Hoeven | Noord Brabant,https://www.cropcirclecenter.com/ccdata/2015/07/04/NL20150704_A.html,6,,,,absolute dimensions unavailable; calculate scale-free ratios from imagery,COOKBOOK_EXTRACTED_ALL_IMAGES
CC-2015-07-07-CLEARBURY-RING-WILTSHIRE,"Clearbury Ring, Wiltshire",2015-07-07,"Clearbury Ring, Wiltshire",https://www.cropcirclecenter.com/ccdata/2015/07/06/UK20150706_A.html,,0.141104,,,approximately 400 ft,COOKBOOK_EXTRACTED_ALL_IMAGES
CC-2015-07-10-STONEHENGE-WILTSHIRE,Stonehenge | Wiltshire,2015-07-10,Stonehenge | Wiltshire,https://www.cropcirclecenter.com/ccdata/2015/07/10/UK20150710_A.html,29,0.841379,,,absolute dimensions unavailable; calculate scale-free ratios from imagery,COOKBOOK_EXTRACTED_ALL_IMAGES
CC-2015-07-12-SKALICE-MORAVIAN-2,Skalice | Moravian,2015-07-12,Skalice | Moravian,https://www.cropcirclecenter.com/ccdata/2015/07/12/CZ20150712_B.html,4,0.373418,,,absolute dimensions unavailable; calculate scale-free ratios from imagery,COOKBOOK_EXTRACTED_ALL_IMAGES
CC-2015-07-13-LICHTENRADE-BERLIN,Lichtenrade | Berlin,2015-07-13,Lichtenrade | Berlin,https://www.cropcirclecenter.com/ccdata/2015/07/13/DE20150713_A.html,16,,,,absolute dimensions unavailable; calculate scale-free ratios from imagery,COOKBOOK_EXTRACTED_ALL_IMAGES
CC-2015-07-14-ALTON-BARNES-WILTSHIRE,Alton Barnes | Wiltshire,2015-07-14,Alton Barnes | Wiltshire,https://www.cropcirclecenter.com/ccdata/2015/07/14/UK20150714_A.html,28,,,,absolute dimensions unavailable; calculate scale-free ratios from imagery,COOKBOOK_EXTRACTED_ALL_IMAGES
CC-2015-07-15-HOEVEN-NOORD-BRABANT,Hoeven | Noord Brabant,2015-07-15,Hoeven | Noord Brabant,https://www.cropcirclecenter.com/ccdata/2015/07/15/NL20150715_A.html,31,,,,absolute dimensions unavailable; calculate scale-free ratios from imagery,COOKBOOK_EXTRACTED_ALL_IMAGES
CC-2015-07-15-ROLLRIGHT-STONES-OXFORDSHIRE,"Rollright Stones, Oxfordshire",2015-07-15,"Rollright Stones, Oxfordshire",https://temporarytemples.co.uk/project/rollright-stones-oxfordshire-15th-july-2015,47,0.748344,,,absolute dimensions unavailable; calculate scale-free ratios from imagery,COOKBOOK_EXTRACTED_ALL_IMAGES
CC-2015-07-18-STUPAVA-BRATISLAVSKY-KRAY,Stupava | Bratislavsky kray,2015-07-18,Stupava | Bratislavsky kray,https://www.cropcirclecenter.com/ccdata/2015/07/18/SK20150718_A.html,23,,,,absolute dimensions unavailable; calculate scale-free ratios from imagery,COOKBOOK_EXTRACTED_ALL_IMAGES
CC-2015-07-19-MERSTHAM-SURREY-2,Merstham | Surrey,2015-07-19,Merstham | Surrey,https://www.cropcirclecenter.com/ccdata/2015/07/19/UK20150719_B.html,,0.94,,,absolute dimensions unavailable; calculate scale-free ratios from imagery,COOKBOOK_EXTRACTED_ALL_IMAGES
CC-2015-07-20-CHOPINZINHO-PARANA,Chopinzinho | Parana,2015-07-20,Chopinzinho | Parana,https://www.cropcirclecenter.com/ccdata/2015/07/20/BR20150720_A.html,27,,,,absolute dimensions unavailable; calculate scale-free ratios from imagery,COOKBOOK_EXTRACTED_ALL_IMAGES
CC-2015-07-21-FAIRFORD-GLOUCESTERSHIRE,"Fairford, Gloucestershire",2015-07-21,"Fairford, Gloucestershire",https://temporarytemples.co.uk/project/fairford-gloucestershire-21st-july-2015,4,0.940397,,,approximately 150 ft,COOKBOOK_EXTRACTED_ALL_IMAGES
CC-2015-07-21-SLUPNO-MAZOWIEZKIE,Slupno | Mazowiezkie,2015-07-21,Slupno | Mazowiezkie,https://www.cropcirclecenter.com/ccdata/2015/07/21/PL20150721_A.html,10,,,,absolute dimensions unavailable; calculate scale-free ratios from imagery,COOKBOOK_EXTRACTED_ALL_IMAGES
CC-2015-07-21-STROUD-GREEN-ESSEX-2,Stroud Green | Essex,2015-07-21,Stroud Green | Essex,https://www.cropcirclecenter.com/ccdata/2015/07/21/UK20150721_B.html,,0.765101,,,absolute dimensions unavailable; calculate scale-free ratios from imagery,COOKBOOK_EXTRACTED_ALL_IMAGES
CC-2015-07-21-TOLYATTI-OBLAST-SAMARA,Tolyatti | Oblast Samara,2015-07-21,Tolyatti | Oblast Samara,https://www.cropcirclecenter.com/ccdata/2015/07/21/RU20150721_A.html,14,0.90411,,,absolute dimensions unavailable; calculate scale-free ratios from imagery,COOKBOOK_EXTRACTED_ALL_IMAGES
CC-2015-07-22-CHIPPENHAM-WILTSHIRE,Chippenham | Wiltshire,2015-07-22,Chippenham | Wiltshire,https://www.cropcirclecenter.com/ccdata/2015/07/22/UK20150722_A.html,6,,,,absolute dimensions unavailable; calculate scale-free ratios from imagery,COOKBOOK_EXTRACTED_ALL_IMAGES
CC-2015-07-23-JIHLAVY-VYSOCINA-KRAJ,Jihlavy | Vysocina kraj,2015-07-23,Jihlavy | Vysocina kraj,https://www.cropcirclecenter.com/ccdata/2015/07/23/CZ20150723_A.html,15,,,,absolute dimensions unavailable; calculate scale-free ratios from imagery,COOKBOOK_EXTRACTED_ALL_IMAGES
CC-2015-07-25-BARBURY-CASTLE-WILTSHIRE,Barbury Castle | Wiltshire,2015-07-25,Barbury Castle | Wiltshire,https://www.cropcirclecenter.com/ccdata/2015/07/25/UK20150725_A.html,,0.942857,,,absolute dimensions unavailable; calculate scale-free ratios from imagery,COOKBOOK_EXTRACTED_ALL_IMAGES
CC-2015-07-25-BILY-KAMEN-VYSOCINA-KRAJ,Bily Kamen | Vysocina kraj,2015-07-25,Bily Kamen | Vysocina kraj,https://www.cropcirclecenter.com/ccdata/2015/07/25/CZ20150725_A.html,6,,,,absolute dimensions unavailable; calculate scale-free ratios from imagery,COOKBOOK_EXTRACTED_ALL_IMAGES
CC-2015-07-26-MAIDEN-CASTLE-DORSET,"Maiden Castle, Dorset",2015-07-26,"Maiden Castle, Dorset",https://temporarytemples.co.uk/project/maiden-castle-dorset-26th-july-2015,,0.945205,,,approximately 300 ft,COOKBOOK_EXTRACTED_ALL_IMAGES
CC-2015-07-27-CHOPINZINHO-PARANA,Chopinzinho | Parana,2015-07-27,Chopinzinho | Parana,https://www.cropcirclecenter.com/ccdata/2015/07/27/BR20150727_A.html,11,,,,absolute dimensions unavailable; calculate scale-free ratios from imagery,COOKBOOK_EXTRACTED_ALL_IMAGES
CC-2015-07-29-MERSTHAM-SURREY,Merstham | Surrey,2015-07-29,Merstham | Surrey,https://www.cropcirclecenter.com/ccdata/2015/07/29/UK20150729_A.html,,0.094203,,,absolute dimensions unavailable; calculate scale-free ratios from imagery,COOKBOOK_EXTRACTED_ALL_IMAGES
CC-2015-08-01-GRO-ZIETHEN-BERLIN,Großziethen | Berlin,2015-08-01,Großziethen | Berlin,https://www.cropcirclecenter.com/ccdata/2015/08/01/DE20150801_A.html,45,,,,absolute dimensions unavailable; calculate scale-free ratios from imagery,COOKBOOK_EXTRACTED_ALL_IMAGES
CC-2015-08-04-ETCHILHAMPTON-WILTSHIRE,"Etchilhampton, Wiltshire",2015-08-04,"Etchilhampton, Wiltshire",https://temporarytemples.co.uk/project/etchilhampton-wiltshire-4th-august-2015,18,0.945578,,,approximately 150 ft,COOKBOOK_EXTRACTED_ALL_IMAGES
CC-2015-08-04-GRO-BEEREN-BRANDENBURG,GroÃ beeren | Brandenburg,2015-08-04,GroÃ beeren | Brandenburg,https://www.cropcirclecenter.com/ccdata/2015/08/04/DE20150804_A.html,3,,,,absolute dimensions unavailable; calculate scale-free ratios from imagery,COOKBOOK_EXTRACTED_ALL_IMAGES
CC-2015-08-08-STRATFORD-UPON-AVON-WARWICKSHIRE-2,Stratford-upon-Avon | Warwickshire,2015-08-08,Stratford-upon-Avon | Warwickshire,https://www.cropcirclecenter.com/ccdata/2015/08/08/UK20150808_B.html,,0.462857,,,absolute dimensions unavailable; calculate scale-free ratios from imagery,COOKBOOK_EXTRACTED_ALL_IMAGES
CC-2015-08-09-VESTBY-AKERSHUR,Vestby | Akershur,2015-08-09,Vestby | Akershur,https://www.cropcirclecenter.com/ccdata/2015/08/09/NO20150809_A.html,18,,,,absolute dimensions unavailable; calculate scale-free ratios from imagery,COOKBOOK_EXTRACTED_ALL_IMAGES
CC-2015-09-28-CHERNYSHOVKS,Chernyshovks,2015-09-28,Chernyshovks,https://www.cropcirclecenter.com/ccdata/2015/09/28/RU20150928_A.html,24,,,,absolute dimensions unavailable; calculate scale-free ratios from imagery,COOKBOOK_EXTRACTED_ALL_IMAGES
CC-2015-10-07-LINHA-RONDA,Linha Ronda,2015-10-07,Linha Ronda,https://www.cropcirclecenter.com/ccdata/2015/10/07/BR20151007_A.html,5,,,,absolute dimensions unavailable; calculate scale-free ratios from imagery,COOKBOOK_EXTRACTED_ALL_IMAGES
CC-2015-11-01-CHICOANA,Chicoana,2015-11-01,Chicoana,https://www.cropcirclecenter.com/ccdata/2015/11/01/AR20151101_A.html,10,,,,absolute dimensions unavailable; calculate scale-free ratios from imagery,COOKBOOK_EXTRACTED_ALL_IMAGES
CC-2015-11-07-MALABRIGO,Malabrigo,2015-11-07,Malabrigo,https://www.cropcirclecenter.com/ccdata/2015/11/07/AR20151107_A.html,8,,,,absolute dimensions unavailable; calculate scale-free ratios from imagery,COOKBOOK_EXTRACTED_ALL_IMAGES
CC-2016-04-09-HOEVEN-NOORD-BRABANT,Hoeven | Noord Brabant,2016-04-09,Hoeven | Noord Brabant,https://www.cropcirclecenter.com/ccdata/2016/04/09/NL20160409_A.html,4,,,,absolute dimensions unavailable; calculate scale-free ratios from imagery,COOKBOOK_EXTRACTED_ALL_IMAGES
CC-2016-05-06-HILL-BARN-WILTSHIRE,Hill Barn | Wiltshire,2016-05-06,Hill Barn | Wiltshire,https://www.cropcirclecenter.com/ccdata/2016/05/06/UK20160506_A.html,5,,,,absolute dimensions unavailable; calculate scale-free ratios from imagery,COOKBOOK_EXTRACTED_ALL_IMAGES
CC-2016-05-06-HOEVEN-NOORD-BRABANT,Hoeven | Noord-Brabant,2016-05-06,Hoeven | Noord-Brabant,https://www.cropcirclecenter.com/ccdata/2016/05/06/NL20160506_A.html,4,0.90604,,,absolute dimensions unavailable; calculate scale-free ratios from imagery,COOKBOOK_EXTRACTED_ALL_IMAGES
CC-2016-05-15-GRO-ZIETHEN-BRANDEBURG,Großziethen | Brandeburg,2016-05-15,Großziethen | Brandeburg,https://www.cropcirclecenter.com/ccdata/2016/05/15/DE20160515_A.html,35,0.946667,,,absolute dimensions unavailable; calculate scale-free ratios from imagery,COOKBOOK_EXTRACTED_ALL_IMAGES
CC-2016-06-05-WILLOUGHBY-HEDGE-WILTSHIRE-2,Willoughby Hedge | Wiltshire,2016-06-05,Willoughby Hedge | Wiltshire,https://www.cropcirclecenter.com/ccdata/2016/06/05/UK20160605_B.html,,0.898649,,,absolute dimensions unavailable; calculate scale-free ratios from imagery,COOKBOOK_EXTRACTED_ALL_IMAGES
CC-2016-06-06-CASTLE-HILL-WILTSHIRE,Castle Hill | Wiltshire,2016-06-06,Castle Hill | Wiltshire,https://www.cropcirclecenter.com/ccdata/2016/06/06/UK20160606_A.html,25,,,,absolute dimensions unavailable; calculate scale-free ratios from imagery,COOKBOOK_EXTRACTED_ALL_IMAGES
CC-2016-06-06-HOEVEN-NOORD-BRABANT,Hoeven | Noord-Brabant,2016-06-06,Hoeven | Noord-Brabant,https://www.cropcirclecenter.com/ccdata/2016/06/06/NL20160606_A.html,7,,,,absolute dimensions unavailable; calculate scale-free ratios from imagery,COOKBOOK_EXTRACTED_ALL_IMAGES
CC-2016-06-09-KRASNODAR-KRASNODAR,Krasnodar | Krasnodar,2016-06-09,Krasnodar | Krasnodar,https://www.cropcirclecenter.com/ccdata/2016/06/09/RU20160609_A.html,3,,,,absolute dimensions unavailable; calculate scale-free ratios from imagery,COOKBOOK_EXTRACTED_ALL_IMAGES
CC-2016-06-16-WYLYE-WILTS,"Wylye, Wilts",2016-06-16,"Wylye, Wilts",https://temporarytemples.co.uk/project/wylye-wilts-16th-june-2016,,0.953642,,,absolute dimensions unavailable; calculate scale-free ratios from imagery,COOKBOOK_EXTRACTED_ALL_IMAGES
CC-2016-06-21-CHILCOMB-DOWN-HAMPSHIRE,"Chilcomb Down, Hampshire",2016-06-21,"Chilcomb Down, Hampshire",https://temporarytemples.co.uk/project/chilcomb-down-hampshire-20th-june-2016,,0.958333,,,approximately 170 ft,COOKBOOK_EXTRACTED_ALL_IMAGES
CC-2016-06-29-STOURTON-WILTSHIRE,Stourton | Wiltshire,2016-06-29,Stourton | Wiltshire,https://www.cropcirclecenter.com/ccdata/2016/06/29/UK20160629_A.html,5,0.113333,,,absolute dimensions unavailable; calculate scale-free ratios from imagery,COOKBOOK_EXTRACTED_ALL_IMAGES
CC-2016-06-30-DANEBURY-RINGS-HAMPSHIRE,Danebury Rings | Hampshire,2016-06-30,Danebury Rings | Hampshire,https://www.cropcirclecenter.com/ccdata/2016/06/30/UK20160630_A.html,45,0.511494,,,absolute dimensions unavailable; calculate scale-free ratios from imagery,COOKBOOK_EXTRACTED_ALL_IMAGES
CC-2016-07-04-NOORDHOEK-NOORD-BRABANT,Noordhoek | Noord Brabant,2016-07-04,Noordhoek | Noord Brabant,https://www.cropcirclecenter.com/ccdata/2016/07/04/NL20160704_A.html,7,0.802469,,,absolute dimensions unavailable; calculate scale-free ratios from imagery,COOKBOOK_EXTRACTED_ALL_IMAGES
CC-2016-07-07-WIDNES-CHESHIRE,Widnes | Cheshire,2016-07-07,Widnes | Cheshire,https://www.cropcirclecenter.com/ccdata/2016/07/07/UK20160707_A.html,22,,,,absolute dimensions unavailable; calculate scale-free ratios from imagery,COOKBOOK_EXTRACTED_ALL_IMAGES
CC-2016-07-08-STANTON-BRIDGE-WILTSHIRE,Stanton Bridge | Wiltshire,2016-07-08,Stanton Bridge | Wiltshire,https://www.cropcirclecenter.com/ccdata/2016/07/08/UK20160708_A.html,6,,,,absolute dimensions unavailable; calculate scale-free ratios from imagery,COOKBOOK_EXTRACTED_ALL_IMAGES
CC-2016-07-15-ETTEN-LEUR-NOORD-BRABANT,Etten-Leur | Noord-Brabant,2016-07-15,Etten-Leur | Noord-Brabant,https://www.cropcirclecenter.com/ccdata/2016/07/15/NL20160715_A.html,27,,,,absolute dimensions unavailable; calculate scale-free ratios from imagery,COOKBOOK_EXTRACTED_ALL_IMAGES
CC-2016-07-16-DEVIZES-WILTS,"Devizes, Wilts",2016-07-16,"Devizes, Wilts",https://temporarytemples.co.uk/project/devizes-wilts-16th-july-2016,,0.967949,,,absolute dimensions unavailable; calculate scale-free ratios from imagery,COOKBOOK_EXTRACTED_ALL_IMAGES
CC-2016-07-19-HOEVEN-NOORD-BRABANT,Hoeven | Noord-Brabant,2016-07-19,Hoeven | Noord-Brabant,https://www.cropcirclecenter.com/ccdata/2016/07/19/NL20160719_A.html,5,,,,absolute dimensions unavailable; calculate scale-free ratios from imagery,COOKBOOK_EXTRACTED_ALL_IMAGES
CC-2016-07-23-RANSCOMB-BOTTOM-WILTSHIRE,Ranscomb Bottom | Wiltshire,2016-07-23,Ranscomb Bottom | Wiltshire,https://www.cropcirclecenter.com/ccdata/2016/07/23/UK20160723_A.html,,0.165468,,,absolute dimensions unavailable; calculate scale-free ratios from imagery,COOKBOOK_EXTRACTED_ALL_IMAGES
CC-2016-07-24-ROYDON-ESSEX,Roydon | Essex,2016-07-24,Roydon | Essex,https://www.cropcirclecenter.com/ccdata/2016/07/24/UK20160724_A.html,39,,,,absolute dimensions unavailable; calculate scale-free ratios from imagery,COOKBOOK_EXTRACTED_ALL_IMAGES
CC-2016-07-25-CHEESEFOOT-HEAD-HAMPSHIRE,Cheesefoot Head | Hampshire,2016-07-25,Cheesefoot Head | Hampshire,https://www.cropcirclecenter.com/ccdata/2016/07/25/UK20160725_A.html,26,0.949045,,,absolute dimensions unavailable; calculate scale-free ratios from imagery,COOKBOOK_EXTRACTED_ALL_IMAGES
CC-2016-07-28-ALL-CANNINGS-WILTSHIRE,All Cannings | Wiltshire,2016-07-28,All Cannings | Wiltshire,https://www.cropcirclecenter.com/ccdata/2016/07/28/UK20160728_A.html,,0.390728,,,absolute dimensions unavailable; calculate scale-free ratios from imagery,COOKBOOK_EXTRACTED_ALL_IMAGES
CC-2016-08-03-CHILCOMB-HAMPSHIRE,Chilcomb | Hampshire,2016-08-03,Chilcomb | Hampshire,https://www.cropcirclecenter.com/ccdata/2016/08/03/UK20160803_A.html,,0.125714,,,absolute dimensions unavailable; calculate scale-free ratios from imagery,COOKBOOK_EXTRACTED_ALL_IMAGES
CC-2016-08-03-SPARTICLES-WOOD-2,Sparticles Wood,2016-08-03,Sparticles Wood,https://www.cropcirclecenter.com/ccdata/2016/08/03/UK20160803_B.html,,0.187919,,,absolute dimensions unavailable; calculate scale-free ratios from imagery,COOKBOOK_EXTRACTED_ALL_IMAGES
CC-2016-08-08-ETCHILHAMPTON-HILL-WILTS,"Etchilhampton Hill, Wilts",2016-08-08,"Etchilhampton Hill, Wilts",https://www.cropcirclecenter.com/ccdata/2016/08/08/UK20160808_A.html,,0.225434,,,absolute dimensions unavailable; calculate scale-free ratios from imagery,COOKBOOK_EXTRACTED_ALL_IMAGES
CC-2016-08-12-ANSTY-WILTS,"Ansty, Wilts",2016-08-12,"Ansty, Wilts",https://www.cropcirclecenter.com/ccdata/2016/08/12/UK20160812_A.html,,0.634286,,,approximately 450 ft,COOKBOOK_EXTRACTED_ALL_IMAGES
CC-2016-08-24-WOODWAY-BRIDGE,Woodway Bridge,2016-08-24,Woodway Bridge,https://www.cropcirclecenter.com/ccdata/2016/08/24/UK20160824_A.html,,0.668571,,,absolute dimensions unavailable; calculate scale-free ratios from imagery,COOKBOOK_EXTRACTED_ALL_IMAGES
CC-2016-08-27-BECKHAMPTON,Beckhampton,2016-08-27,Beckhampton,https://www.cropcirclecenter.com/ccdata/2016/08/27/UK20160827_A.html,17,0.939189,,,absolute dimensions unavailable; calculate scale-free ratios from imagery,COOKBOOK_EXTRACTED_ALL_IMAGES
CC-2016-08-29-SUTTON-HALL,Sutton Hall,2016-08-29,Sutton Hall,https://www.cropcirclecenter.com/ccdata/2016/08/29/UK20160729_A.html,27,,,,absolute dimensions unavailable; calculate scale-free ratios from imagery,COOKBOOK_EXTRACTED_ALL_IMAGES
CC-2016-09-02-LILLESTR-M-AKERSHUS,Lillestrøm | Akershus,2016-09-02,Lillestrøm | Akershus,https://www.cropcirclecenter.com/ccdata/2016/09/02/NO20160902_A.html,4,,,,absolute dimensions unavailable; calculate scale-free ratios from imagery,COOKBOOK_EXTRACTED_ALL_IMAGES
CC-2016-10-13-BEN-NEVIS-DISTRICT-VICTORIA,Ben Nevis District | Victoria,2016-10-13,Ben Nevis District | Victoria,https://www.cropcirclecenter.com/ccdata/2016/10/13/AU20161013_A.html,25,,,,absolute dimensions unavailable; calculate scale-free ratios from imagery,COOKBOOK_EXTRACTED_ALL_IMAGES
CC-2016-10-14-BOSSCHENHOOFD-NOORD-BRABANT,Bosschenhoofd | Noord-Brabant,2016-10-14,Bosschenhoofd | Noord-Brabant,https://www.cropcirclecenter.com/ccdata/2016/10/14/NL20161014_A.html,4,,,,absolute dimensions unavailable; calculate scale-free ratios from imagery,COOKBOOK_EXTRACTED_ALL_IMAGES
CC-2016-10-21-MALABRIGO-SANTA-FE,Malabrigo | Santa Fe,2016-10-21,Malabrigo | Santa Fe,https://www.cropcirclecenter.com/ccdata/2016/10/21/AR20161021_A.html,17,,,,absolute dimensions unavailable; calculate scale-free ratios from imagery,COOKBOOK_EXTRACTED_ALL_IMAGES
CC-2016-11-04-IPUA-U-SANTA-CATARINA,Ipuaçu | Santa Catarina,2016-11-04,Ipuaçu | Santa Catarina,https://www.cropcirclecenter.com/ccdata/2016/11/04/BR20161104_A.html,8,,,,absolute dimensions unavailable; calculate scale-free ratios from imagery,COOKBOOK_EXTRACTED_ALL_IMAGES
CC-2017-03-11-CARMEN-DE-ARCEO-BUENOS-AIRES,Carmen de Arceo | Buenos Aires,2017-03-11,Carmen de Arceo | Buenos Aires,https://www.cropcirclecenter.com/ccdata/2017/03/11/AR20170311_A.html,26,,,,absolute dimensions unavailable; calculate scale-free ratios from imagery,COOKBOOK_EXTRACTED_ALL_IMAGES
CC-2017-04-18-HOEVEN-NOORD-BRABANT,Hoeven | Noord Brabant,2017-04-18,Hoeven | Noord Brabant,https://www.cropcirclecenter.com/ccdata/2017/04/18/NL20170418_A.html,8,,,,absolute dimensions unavailable; calculate scale-free ratios from imagery,COOKBOOK_EXTRACTED_ALL_IMAGES
CC-2017-04-18-TARLTON-DOWN-GLOUCESTERSHIRE,Tarlton Down | Gloucestershire,2017-04-18,Tarlton Down | Gloucestershire,https://www.cropcirclecenter.com/ccdata/2017/04/18/UK20170418_A.html,3,,,,absolute dimensions unavailable; calculate scale-free ratios from imagery,COOKBOOK_EXTRACTED_ALL_IMAGES
CC-2017-04-24-OLIVER-S-CASTLE-WILTS,"Oliver's Castle, Wilts",2017-04-24,"Oliver's Castle, Wilts",https://www.cropcirclecenter.com/ccdata/2017/04/24/UK20170424_A.html,16,0.94,,,approximately 350 ft,COOKBOOK_EXTRACTED_ALL_IMAGES
CC-2017-04-26-RUCPHEN-NOORD-BRABANT,Rucphen | Noord Brabant,2017-04-26,Rucphen | Noord Brabant,https://www.cropcirclecenter.com/ccdata/2017/04/26/NL20170426_A.html,4,,,,absolute dimensions unavailable; calculate scale-free ratios from imagery,COOKBOOK_EXTRACTED_ALL_IMAGES
CC-2017-04-28-MADRON-HOLY-WELL-CORNWALL,Madron Holy Well | Cornwall,2017-04-28,Madron Holy Well | Cornwall,https://www.cropcirclecenter.com/ccdata/2017/04/28/UK20170428_A.html,3,,,,absolute dimensions unavailable; calculate scale-free ratios from imagery,COOKBOOK_EXTRACTED_ALL_IMAGES
CC-2017-05-04-WILLOUGHBY-HEDGE-WILTS,"Willoughby Hedge, Wilts",2017-05-04,"Willoughby Hedge, Wilts",https://www.cropcirclecenter.com/ccdata/2017/05/04/UK20170504_A.html,16,,,,absolute dimensions unavailable; calculate scale-free ratios from imagery,COOKBOOK_EXTRACTED_ALL_IMAGES
CC-2017-05-11-BOSSCHENHOOFD-NOORD-BRABANT,Bosschenhoofd | Noord Brabant,2017-05-11,Bosschenhoofd | Noord Brabant,https://www.cropcirclecenter.com/ccdata/2017/05/11/NL20170511_A.html,3,,,,absolute dimensions unavailable; calculate scale-free ratios from imagery,COOKBOOK_EXTRACTED_ALL_IMAGES
CC-2017-05-18-HOEVEN-NOORD-BRABANT,Hoeven | Noord Brabant,2017-05-18,Hoeven | Noord Brabant,https://www.cropcirclecenter.com/ccdata/2017/05/18/NL20170518_A.html,11,,,,absolute dimensions unavailable; calculate scale-free ratios from imagery,COOKBOOK_EXTRACTED_ALL_IMAGES
CC-2017-05-18-HOEVEN-NOORD-BRABANT-2,Hoeven | Noord Brabant,2017-05-18,Hoeven | Noord Brabant,https://www.cropcirclecenter.com/ccdata/2017/05/18/NL20170518_B.html,4,0.950355,,,absolute dimensions unavailable; calculate scale-free ratios from imagery,COOKBOOK_EXTRACTED_ALL_IMAGES
CC-2017-05-24-MARAZION-CORNWALL,Marazion | Cornwall,2017-05-24,Marazion | Cornwall,https://www.cropcirclecenter.com/ccdata/2017/05/24/UK20170524_A.html,6,,,,absolute dimensions unavailable; calculate scale-free ratios from imagery,COOKBOOK_EXTRACTED_ALL_IMAGES
CC-2017-05-25-ALTON-BARNES-WILTSHIRE,Alton Barnes | Wiltshire,2017-05-25,Alton Barnes | Wiltshire,https://www.cropcirclecenter.com/ccdata/2017/05/25/UK20170525_A.html,,0.885057,,,absolute dimensions unavailable; calculate scale-free ratios from imagery,COOKBOOK_EXTRACTED_ALL_IMAGES
CC-2017-05-28-SALENGHE-PIEMONTE,Salenghe | Piemonte,2017-05-28,Salenghe | Piemonte,https://www.cropcirclecenter.com/ccdata/2017/05/28/IT20170528_A.html,,0.286624,,,absolute dimensions unavailable; calculate scale-free ratios from imagery,COOKBOOK_EXTRACTED_ALL_IMAGES
CC-2017-06-02-CR-ZANCY-EN-SANCERRE-CHER,Crézancy-en-Sancerre | Cher,2017-06-02,Crézancy-en-Sancerre | Cher,https://www.cropcirclecenter.com/ccdata/2017/06/02/FR20170602_A.html,,0.451613,,,absolute dimensions unavailable; calculate scale-free ratios from imagery,COOKBOOK_EXTRACTED_ALL_IMAGES
CC-2017-06-03-AVEBURY-WILTSHIRE,Avebury | Wiltshire,2017-06-03,Avebury | Wiltshire,https://www.cropcirclecenter.com/ccdata/2017/06/03/UK20170603_A.html,,0.673333,,,absolute dimensions unavailable; calculate scale-free ratios from imagery,COOKBOOK_EXTRACTED_ALL_IMAGES
CC-2017-06-04-ASHWAY-OXFORDSHIRE,Ashway | Oxfordshire,2017-06-04,Ashway | Oxfordshire,https://www.cropcirclecenter.com/ccdata/2017/06/04/UK20170604_A.html,,0.94,,,absolute dimensions unavailable; calculate scale-free ratios from imagery,COOKBOOK_EXTRACTED_ALL_IMAGES
CC-2017-06-09-MAIDEN-BRADLEY-WILTS,"Maiden Bradley, Wilts",2017-06-09,"Maiden Bradley, Wilts",https://www.cropcirclecenter.com/ccdata/2017/06/09/UK20170609_A.html,21,,,,absolute dimensions unavailable; calculate scale-free ratios from imagery,COOKBOOK_EXTRACTED_ALL_IMAGES
CC-2017-06-17-CHEESFOOT-HEAD-HAMPSHIRE,Cheesfoot Head | Hampshire,2017-06-17,Cheesfoot Head | Hampshire,https://www.cropcirclecenter.com/ccdata/2017/06/17/UK20170617_A.html,,0.633333,,,absolute dimensions unavailable; calculate scale-free ratios from imagery,COOKBOOK_EXTRACTED_ALL_IMAGES
CC-2017-06-18-VIEUX-LIXHEIM-MOSELLE,Vieux Lixheim | Moselle,2017-06-18,Vieux Lixheim | Moselle,https://www.cropcirclecenter.com/ccdata/2017/06/18/FR20170618_A.html,43,0.718563,,,absolute dimensions unavailable; calculate scale-free ratios from imagery,COOKBOOK_EXTRACTED_ALL_IMAGES
CC-2017-06-19-NETTELHORST-GELDERLAND,Nettelhorst | Gelderland,2017-06-19,Nettelhorst | Gelderland,https://www.cropcirclecenter.com/ccdata/2017/06/19/NL20170619_A.html,4,,,,absolute dimensions unavailable; calculate scale-free ratios from imagery,COOKBOOK_EXTRACTED_ALL_IMAGES
CC-2017-06-27-DELLEY-PORTALBAN-FRIBOURG,Delley-Portalban | Fribourg,2017-06-27,Delley-Portalban | Fribourg,https://www.cropcirclecenter.com/ccdata/2017/06/27/CH20170627_A.html,,0.83125,,,absolute dimensions unavailable; calculate scale-free ratios from imagery,COOKBOOK_EXTRACTED_ALL_IMAGES
CC-2017-07-01-BOREHAM-WOOD-WILTSHIRE,"Boreham Wood, Wiltshire",2017-07-01,"Boreham Wood, Wiltshire",https://www.cropcirclecenter.com/ccdata/2017/07/01/UK20170701_A.html,,0.852113,,,approximately 200 ft,COOKBOOK_EXTRACTED_ALL_IMAGES
CC-2017-07-01-BOREHAM-WOOD-WILTSHIRE-2,Boreham Wood | Wiltshire,2017-07-01,Boreham Wood | Wiltshire,https://www.cropcirclecenter.com/ccdata/2017/07/01/UK20170701_B.html,,0.947368,,,absolute dimensions unavailable; calculate scale-free ratios from imagery,COOKBOOK_EXTRACTED_ALL_IMAGES
CC-2017-07-09-WYLATOWO-KUJAWSKO-POMORSKIE,Wylatowo | Kujawsko-Pomorskie,2017-07-09,Wylatowo | Kujawsko-Pomorskie,https://www.cropcirclecenter.com/ccdata/2017/07/09/PL20170709_A.html,3,,,,absolute dimensions unavailable; calculate scale-free ratios from imagery,COOKBOOK_EXTRACTED_ALL_IMAGES
CC-2017-07-29-BIALYSTOK,Bialystok,2017-07-29,Bialystok,https://www.cropcirclecenter.com/ccdata/2017/07/29/PL20170729_A.html,9,0.860927,,,absolute dimensions unavailable; calculate scale-free ratios from imagery,COOKBOOK_EXTRACTED_ALL_IMAGES
CC-2017-08-04-HIGHWORTH-WILTSHIRE,Highworth | Wiltshire,2017-08-04,Highworth | Wiltshire,https://www.cropcirclecenter.com/ccdata/2017/08/04/UK20170804_A.html,,0.168831,,,absolute dimensions unavailable; calculate scale-free ratios from imagery,COOKBOOK_EXTRACTED_ALL_IMAGES
CC-2017-08-05-ROLLRIGHT-STONES-OXON,"Rollright Stones, Oxon",2017-08-05,"Rollright Stones, Oxon",https://www.cropcirclecenter.com/ccdata/2017/08/05/UK20170805_A.html,40,,,,approximately 180 ft,COOKBOOK_EXTRACTED_ALL_IMAGES
CC-2017-08-17-SUTTON-HALL-ESSEX,Sutton Hall | Essex,2017-08-17,Sutton Hall | Essex,https://www.cropcirclecenter.com/ccdata/2017/08/17/UK20170817_A.html,,0.953216,,,absolute dimensions unavailable; calculate scale-free ratios from imagery,COOKBOOK_EXTRACTED_ALL_IMAGES
CC-2017-09-09-BOOSCHENHOOFD-NOORD-BRABANT,Booschenhoofd | Noord Brabant,2017-09-09,Booschenhoofd | Noord Brabant,https://www.cropcirclecenter.com/ccdata/2017/09/09/NL20170909_A.html,8,,,,absolute dimensions unavailable; calculate scale-free ratios from imagery,COOKBOOK_EXTRACTED_ALL_IMAGES
CC-2017-09-17-BOOSCHENHOOFD-NOORD-BRABANT,Booschenhoofd | Noord Brabant,2017-09-17,Booschenhoofd | Noord Brabant,https://www.cropcirclecenter.com/ccdata/2017/09/17/NL20170917_A.html,3,,,,absolute dimensions unavailable; calculate scale-free ratios from imagery,COOKBOOK_EXTRACTED_ALL_IMAGES
CC-2017-09-24-BOOSCHENHOOFD-NOORD-BRABANT,Booschenhoofd | Noord Brabant,2017-09-24,Booschenhoofd | Noord Brabant,https://www.cropcirclecenter.com/ccdata/2017/09/24/NL20170924_A.html,10,,,,absolute dimensions unavailable; calculate scale-free ratios from imagery,COOKBOOK_EXTRACTED_ALL_IMAGES
CC-2017-10-01-ZOLLIKOFEN-BERN,Zollikofen | Bern,2017-10-01,Zollikofen | Bern,https://www.cropcirclecenter.com/ccdata/2017/10/01/CH20171001_A.html,39,,,,absolute dimensions unavailable; calculate scale-free ratios from imagery,COOKBOOK_EXTRACTED_ALL_IMAGES
CC-2017-11-03-LINHA-BELA-VISTA-SANTA-CATARINA,Linha Bela Vista | Santa Catarina,2017-11-03,Linha Bela Vista | Santa Catarina,https://www.cropcirclecenter.com/ccdata/2017/11/03/BR20171103_A.html,9,,,,absolute dimensions unavailable; calculate scale-free ratios from imagery,COOKBOOK_EXTRACTED_ALL_IMAGES
CC-2017-UNKNOWN-WOOTON-WAWEN-WARKS,"Wooton Wawen, Warks",2017-unknown,"Wooton Wawen, Warks",https://www.cropcirclecenter.com/ccdata/2017/08/07/UK20170807_A.html,20,,,,approximately 60 ft ; approximately 300 ft,COOKBOOK_EXTRACTED_ALL_IMAGES
CC-2018-05-08-WILLOUGHBY-HEDGE-WILTS,"Willoughby Hedge, Wilts",2018-05-08,"Willoughby Hedge, Wilts",https://www.cropcirclecenter.com/ccdata/2018/05/08/UK20180508_A.html,10,0.777778,,,absolute dimensions unavailable; calculate scale-free ratios from imagery,COOKBOOK_EXTRACTED_ALL_IMAGES
CC-2018-05-16-BOSSCHENHOOFD-NOORD-BRABANT,Bosschenhoofd | Noord Brabant,2018-05-16,Bosschenhoofd | Noord Brabant,https://www.cropcirclecenter.com/ccdata/2018/05/16/NL20180516_A.html,11,,,,absolute dimensions unavailable; calculate scale-free ratios from imagery,COOKBOOK_EXTRACTED_ALL_IMAGES
CC-2018-06-02-WHITE-WAY-GLOUCESTERSHIRE,White Way | Gloucestershire,2018-06-02,White Way | Gloucestershire,https://www.cropcirclecenter.com/ccdata/2018/06/02/UK20180602_A.html,10,,,,absolute dimensions unavailable; calculate scale-free ratios from imagery,COOKBOOK_EXTRACTED_ALL_IMAGES
CC-2018-06-03-BISHOP-S-CANNINGS-DOWN-WILTSHIRE,Bishop's Cannings Down | Wiltshire,2018-06-03,Bishop's Cannings Down | Wiltshire,https://www.cropcirclecenter.com/ccdata/2018/06/03/UK20180603_A.html,11,,,,absolute dimensions unavailable; calculate scale-free ratios from imagery,COOKBOOK_EXTRACTED_ALL_IMAGES
CC-2018-06-03-BISHOPS-CANNINGS-DOWN-WILTS-3,"Bishops Cannings Down, Wilts",2018-06-03,"Bishops Cannings Down, Wilts",https://temporarytemples.co.uk/project/bishops-cannings-down-wilts-3rd-june-2018,33,,,,approximately 180 ft,COOKBOOK_EXTRACTED_ALL_IMAGES
CC-2018-06-09-HOEVEN-NOORD-BRABANT,Hoeven | Noord Brabant,2018-06-09,Hoeven | Noord Brabant,https://www.cropcirclecenter.com/ccdata/2018/06/09/NL20180609_A.html,10,,,,absolute dimensions unavailable; calculate scale-free ratios from imagery,COOKBOOK_EXTRACTED_ALL_IMAGES
CC-2018-06-10-KEYSLEY-DOWN-WILTSHIRE-2,Keysley Down | Wiltshire,2018-06-10,Keysley Down | Wiltshire,https://www.cropcirclecenter.com/ccdata/2018/06/10/UK20180610_B.html,16,0.757576,,,absolute dimensions unavailable; calculate scale-free ratios from imagery,COOKBOOK_EXTRACTED_ALL_IMAGES
CC-2018-06-11-SARRALTROFF,Sarraltroff,2018-06-11,Sarraltroff,https://www.cropcirclecenter.com/ccdata/2018/06/11/FR20180611_A.html,38,,,,absolute dimensions unavailable; calculate scale-free ratios from imagery,COOKBOOK_EXTRACTED_ALL_IMAGES
CC-2018-06-15-HOEVEN-NOORD-BRABANT,Hoeven | Noord Brabant,2018-06-15,Hoeven | Noord Brabant,https://www.cropcirclecenter.com/ccdata/2018/06/15/NL20180615_A.html,3,,,,absolute dimensions unavailable; calculate scale-free ratios from imagery,COOKBOOK_EXTRACTED_ALL_IMAGES
CC-2018-06-17-FRIENISBERG-BERN,Frienisberg | Bern,2018-06-17,Frienisberg | Bern,https://www.cropcirclecenter.com/ccdata/2018/06/17/CH20180617_A.html,,0.82,,,absolute dimensions unavailable; calculate scale-free ratios from imagery,COOKBOOK_EXTRACTED_ALL_IMAGES
CC-2018-06-17-HOEVEN,Hoeven,2018-06-17,Hoeven,https://www.cropcirclecenter.com/ccdata/2018/06/17/NL20180617_A.html,7,,,,absolute dimensions unavailable; calculate scale-free ratios from imagery,COOKBOOK_EXTRACTED_ALL_IMAGES
CC-2018-06-19-SOKOLOVSKAYA,Sokolovskaya,2018-06-19,Sokolovskaya,https://www.cropcirclecenter.com/ccdata/2018/06/19/RU20180619_A.html,,0.29932,,,absolute dimensions unavailable; calculate scale-free ratios from imagery,COOKBOOK_EXTRACTED_ALL_IMAGES
CC-2018-06-23-BROAD-HINTON-WILTSHIRE,Broad Hinton | Wiltshire,2018-06-23,Broad Hinton | Wiltshire,https://www.cropcirclecenter.com/ccdata/2018/06/23/UK20180623_A.html,46,0.94702,,,absolute dimensions unavailable; calculate scale-free ratios from imagery,COOKBOOK_EXTRACTED_ALL_IMAGES
CC-2018-06-24-YARNBURY-CASTLE-WILTS,"Yarnbury Castle, Wilts",2018-06-24,"Yarnbury Castle, Wilts",https://www.cropcirclecenter.com/ccdata/2018/06/24/UK20180624_A.html,23,,,,approximately 200 ft,COOKBOOK_EXTRACTED_ALL_IMAGES
CC-2018-07-01-ALTON-HAMPSHIRE,Alton | Hampshire,2018-07-01,Alton | Hampshire,https://www.cropcirclecenter.com/ccdata/2018/07/01/UK20180701_A.html,7,0.229814,,,absolute dimensions unavailable; calculate scale-free ratios from imagery,COOKBOOK_EXTRACTED_ALL_IMAGES
CC-2018-07-02-WADEN-HILL-WILTSHIRE,Waden Hill | Wiltshire,2018-07-02,Waden Hill | Wiltshire,https://www.cropcirclecenter.com/ccdata/2018/07/02/UK20180702_A.html,25,,,,absolute dimensions unavailable; calculate scale-free ratios from imagery,COOKBOOK_EXTRACTED_ALL_IMAGES
CC-2018-07-02-WOODBOROUGH-WILTSHIRE-2,Woodborough | Wiltshire,2018-07-02,Woodborough | Wiltshire,https://www.cropcirclecenter.com/ccdata/2018/07/02/UK20180702_B.html,7,,,,absolute dimensions unavailable; calculate scale-free ratios from imagery,COOKBOOK_EXTRACTED_ALL_IMAGES
CC-2018-07-07-MARTINSELL-HILL-WILTS,"Martinsell Hill, Wilts",2018-07-07,"Martinsell Hill, Wilts",https://www.cropcirclecenter.com/ccdata/2018/07/06/UK20180706_A.html,,0.308725,,,absolute dimensions unavailable; calculate scale-free ratios from imagery,COOKBOOK_EXTRACTED_ALL_IMAGES
CC-2018-07-10-LONGWOOD-WARREN-HANTS,"Longwood Warren, Hants",2018-07-10,"Longwood Warren, Hants",https://www.cropcirclecenter.com/ccdata/2018/07/10/UK20180710_A.html,18,0.224359,,,approximately 200 ft,COOKBOOK_EXTRACTED_ALL_IMAGES
CC-2018-07-11-ZEVENBERGEN,Zevenbergen,2018-07-11,Zevenbergen,https://www.cropcirclecenter.com/ccdata/2018/07/11/NL20180711_A.html,8,,,,absolute dimensions unavailable; calculate scale-free ratios from imagery,COOKBOOK_EXTRACTED_ALL_IMAGES
CC-2018-07-14-DYFFRYN,Dyffryn,2018-07-14,Dyffryn,https://www.cropcirclecenter.com/ccdata/2018/07/14/UK20180714_A.html,,0.303797,,,absolute dimensions unavailable; calculate scale-free ratios from imagery,COOKBOOK_EXTRACTED_ALL_IMAGES
CC-2018-07-21-CLIFFORD,Clifford,2018-07-21,Clifford,https://www.cropcirclecenter.com/ccdata/2018/07/21/UK20180721_A.html,,0.214765,,,absolute dimensions unavailable; calculate scale-free ratios from imagery,COOKBOOK_EXTRACTED_ALL_IMAGES
CC-2018-07-23-GURSTON-ASHES,Gurston Ashes,2018-07-23,Gurston Ashes,https://www.cropcirclecenter.com/ccdata/2018/07/23/UK20180723_A.html,13,,,,absolute dimensions unavailable; calculate scale-free ratios from imagery,COOKBOOK_EXTRACTED_ALL_IMAGES
CC-2018-07-27-WYKE-LANE,Wyke Lane,2018-07-27,Wyke Lane,https://www.cropcirclecenter.com/ccdata/2018/07/27/UK20180727_A.html,12,0.244898,,,absolute dimensions unavailable; calculate scale-free ratios from imagery,COOKBOOK_EXTRACTED_ALL_IMAGES
CC-2018-07-28-SILBURY-HILL,Silbury Hill,2018-07-28,Silbury Hill,https://www.cropcirclecenter.com/ccdata/2018/07/28/UK20180728_A.html,4,,,,absolute dimensions unavailable; calculate scale-free ratios from imagery,COOKBOOK_EXTRACTED_ALL_IMAGES
CC-2018-08-03-PRUDENT-POLIS,Prudentópolis,2018-08-03,Prudentópolis,https://www.cropcirclecenter.com/ccdata/2018/08/03/BR20180803_A.html,40,,,,absolute dimensions unavailable; calculate scale-free ratios from imagery,COOKBOOK_EXTRACTED_ALL_IMAGES
CC-2018-08-04-NUEVAECIJA,NuevaEcija,2018-08-04,NuevaEcija,https://www.cropcirclecenter.com/ccdata/2018/08/04/PH20180804_A.html,34,,,,absolute dimensions unavailable; calculate scale-free ratios from imagery,COOKBOOK_EXTRACTED_ALL_IMAGES
CC-2018-08-05-NASUGBU,Nasugbu,2018-08-05,Nasugbu,https://www.cropcirclecenter.com/ccdata/2018/08/05/PH20180805_A.html,29,,,,absolute dimensions unavailable; calculate scale-free ratios from imagery,COOKBOOK_EXTRACTED_ALL_IMAGES
CC-2018-08-14-NORRIDGE-WOOD,Norridge Wood,2018-08-14,Norridge Wood,https://www.cropcirclecenter.com/ccdata/2018/08/14/UK20180814_A.html,23,,,,absolute dimensions unavailable; calculate scale-free ratios from imagery,COOKBOOK_EXTRACTED_ALL_IMAGES
CC-2018-08-14-PRUDENT-POLIS,Prudentópolis,2018-08-14,Prudentópolis,https://www.cropcirclecenter.com/ccdata/2018/08/14/BR20180814_A.html,7,,,,absolute dimensions unavailable; calculate scale-free ratios from imagery,COOKBOOK_EXTRACTED_ALL_IMAGES
CC-2018-10-15-HOEVEN,Hoeven,2018-10-15,Hoeven,https://www.cropcirclecenter.com/ccdata/2018/10/15/NL20181015_A.html,4,,,,absolute dimensions unavailable; calculate scale-free ratios from imagery,COOKBOOK_EXTRACTED_ALL_IMAGES
CC-2018-10-19-NIERDERSCHERLI,Nierderscherli,2018-10-19,Nierderscherli,https://www.cropcirclecenter.com/ccdata/2018/10/19/CH20181019_A.html,,0.946309,,,absolute dimensions unavailable; calculate scale-free ratios from imagery,COOKBOOK_EXTRACTED_ALL_IMAGES
CC-2019-02-01-BOSSCHENHOOFD-NOORD-BRABANT,Bosschenhoofd | Noord Brabant,2019-02-01,Bosschenhoofd | Noord Brabant,https://www.cropcirclecenter.com/ccdata/2019/02/01/NL20190201_A.html,28,,,,absolute dimensions unavailable; calculate scale-free ratios from imagery,COOKBOOK_EXTRACTED_ALL_IMAGES
CC-2019-02-02-ROUNDWAY-HILL-WILTSHIRE,Roundway Hill | Wiltshire,2019-02-02,Roundway Hill | Wiltshire,https://www.cropcirclecenter.com/ccdata/2019/02/02/UK20190202_A.html,,0.321839,,,absolute dimensions unavailable; calculate scale-free ratios from imagery,COOKBOOK_EXTRACTED_ALL_IMAGES
CC-2019-04-17-SINT-WILLERBRORD-NORD-BRABANT,Sint Willerbrord | Nord Brabant,2019-04-17,Sint Willerbrord | Nord Brabant,https://www.cropcirclecenter.com/ccdata/2019/04/17/NL20190417_A.html,10,,,,absolute dimensions unavailable; calculate scale-free ratios from imagery,COOKBOOK_EXTRACTED_ALL_IMAGES
CC-2019-05-22-NORRIDGE-WOOD-WILTSHIRE,Norridge Wood | Wiltshire,2019-05-22,Norridge Wood | Wiltshire,https://www.cropcirclecenter.com/ccdata/2019/05/22/UK20190522_A.html,11,0.415493,,,absolute dimensions unavailable; calculate scale-free ratios from imagery,COOKBOOK_EXTRACTED_ALL_IMAGES
CC-2019-05-25-CHESTERTON-FARM-GLOUCESTERSHIRE,Chesterton Farm | Gloucestershire,2019-05-25,Chesterton Farm | Gloucestershire,https://www.cropcirclecenter.com/ccdata/2019/05/25/UK20190525_A.html,35,,,,absolute dimensions unavailable; calculate scale-free ratios from imagery,COOKBOOK_EXTRACTED_ALL_IMAGES
CC-2019-05-25-OSIMO-ANCONA,Osimo | Ancona,2019-05-25,Osimo | Ancona,https://www.cropcirclecenter.com/ccdata/2019/05/25/IT20190525_A.html,,0.933824,,,absolute dimensions unavailable; calculate scale-free ratios from imagery,COOKBOOK_EXTRACTED_ALL_IMAGES
CC-2019-05-25-PADIGLIONE-ANCONA-2,Padiglione | Ancona,2019-05-25,Padiglione | Ancona,https://www.cropcirclecenter.com/ccdata/2019/05/25/IT20190525_B.html,7,,,,absolute dimensions unavailable; calculate scale-free ratios from imagery,COOKBOOK_EXTRACTED_ALL_IMAGES
CC-2019-05-27-BOSSCHENHOOFD-NOORD-BRABANT,Bosschenhoofd | Noord Brabant,2019-05-27,Bosschenhoofd | Noord Brabant,https://www.cropcirclecenter.com/ccdata/2019/05/27/NL20190527_A.html,8,,,,absolute dimensions unavailable; calculate scale-free ratios from imagery,COOKBOOK_EXTRACTED_ALL_IMAGES
CC-2019-05-27-LOCATION-WITHHELD,location withheld,2019-05-27,location withheld,https://www.cropcirclecenter.com/ccdata/2019/05/27/UK20190527_A.html,47,,,,absolute dimensions unavailable; calculate scale-free ratios from imagery,COOKBOOK_EXTRACTED_ALL_IMAGES
CC-2019-06-01-MOISELLES,Moiselles,2019-06-01,Moiselles,https://www.cropcirclecenter.com/ccdata/2019/06/01/FR20190601_A.html,44,0.333333,,,absolute dimensions unavailable; calculate scale-free ratios from imagery,COOKBOOK_EXTRACTED_ALL_IMAGES
CC-2019-06-13-SAINT-HIPPOLYTE-2,Saint Hippolyte,2019-06-13,Saint Hippolyte,https://www.cropcirclecenter.com/ccdata/2019/06/13/FR20190613_B.html,38,,,,absolute dimensions unavailable; calculate scale-free ratios from imagery,COOKBOOK_EXTRACTED_ALL_IMAGES
CC-2019-06-14-GI-VILLE,Giéville,2019-06-14,Giéville,https://www.cropcirclecenter.com/ccdata/2019/06/14/FR20190614_A.html,34,,,,absolute dimensions unavailable; calculate scale-free ratios from imagery,COOKBOOK_EXTRACTED_ALL_IMAGES
CC-2019-06-14-MENETOU-SALON-2,Menetou-Salon,2019-06-14,Menetou-Salon,https://www.cropcirclecenter.com/ccdata/2019/06/14/FR20190614_B.html,44,,,,absolute dimensions unavailable; calculate scale-free ratios from imagery,COOKBOOK_EXTRACTED_ALL_IMAGES
CC-2019-06-19-FASTOVETSKAYA,Fastovetskaya,2019-06-19,Fastovetskaya,https://www.cropcirclecenter.com/ccdata/2019/06/19/RU20190619_A.html,3,,,,absolute dimensions unavailable; calculate scale-free ratios from imagery,COOKBOOK_EXTRACTED_ALL_IMAGES
CC-2019-06-26-BOSSCHENHOOFD-NOORD-BRABANT,Bosschenhoofd | Noord Brabant,2019-06-26,Bosschenhoofd | Noord Brabant,https://www.cropcirclecenter.com/ccdata/2019/06/26/NL20190626_A.html,15,,,,absolute dimensions unavailable; calculate scale-free ratios from imagery,COOKBOOK_EXTRACTED_ALL_IMAGES
CC-2019-06-27-L-SSLINGEN-THUN,Lüsslingen | Thun,2019-06-27,Lüsslingen | Thun,https://www.cropcirclecenter.com/ccdata/2019/06/27/CH20190627_A.html,18,0.942857,,,absolute dimensions unavailable; calculate scale-free ratios from imagery,COOKBOOK_EXTRACTED_ALL_IMAGES
CC-2019-06-28-CHAUVIGNY-VIENNE,Chauvigny | Vienne,2019-06-28,Chauvigny | Vienne,https://www.cropcirclecenter.com/ccdata/2019/06/28/FR20190628_A.html,23,,,,absolute dimensions unavailable; calculate scale-free ratios from imagery,COOKBOOK_EXTRACTED_ALL_IMAGES
CC-2019-06-29-BISHOPS-SUTTON-HANTS,"Bishops Sutton, Hants",2019-06-29,"Bishops Sutton, Hants",https://www.cropcirclecenter.com/ccdata/2019/06/29/UK20190629_A.html,,0.751553,,,approximately 120 ft,COOKBOOK_EXTRACTED_ALL_IMAGES
CC-2019-06-29-WOLKA-ORCHOWSKA,Wolka Orchowska,2019-06-29,Wolka Orchowska,https://www.cropcirclecenter.com/ccdata/2019/06/29/PL20190629_A.html,5,0.698795,,,absolute dimensions unavailable; calculate scale-free ratios from imagery,COOKBOOK_EXTRACTED_ALL_IMAGES
CC-2019-06-30-HOUDAIN,Houdain,2019-06-30,Houdain,https://www.cropcirclecenter.com/ccdata/2019/06/30/FR20190630_A.html,47,,,,absolute dimensions unavailable; calculate scale-free ratios from imagery,COOKBOOK_EXTRACTED_ALL_IMAGES
CC-2019-06-30-NIELLES-L-S-ARDRES-2,Nielles-lès-Ardres,2019-06-30,Nielles-lès-Ardres,https://www.cropcirclecenter.com/ccdata/2019/06/30/FR20190630_B.html,30,0.48,,,absolute dimensions unavailable; calculate scale-free ratios from imagery,COOKBOOK_EXTRACTED_ALL_IMAGES
CC-2019-07-01-DANEBURY-RING-HANTS,"Danebury Ring, Hants",2019-07-01,"Danebury Ring, Hants",https://www.cropcirclecenter.com/ccdata/2019/07/01/UK20190701_A.html,,0.194286,,,absolute dimensions unavailable; calculate scale-free ratios from imagery,COOKBOOK_EXTRACTED_ALL_IMAGES
CC-2019-07-03-LA-ROSIERE-SICAULT,La Rosiere Sicault,2019-07-03,La Rosiere Sicault,https://www.cropcirclecenter.com/ccdata/2019/07/03/FR20190703_A.html,24,,,,absolute dimensions unavailable; calculate scale-free ratios from imagery,COOKBOOK_EXTRACTED_ALL_IMAGES
CC-2019-07-03-THOMASSE-2,Thomasse,2019-07-03,Thomasse,https://www.cropcirclecenter.com/ccdata/2019/07/03/FR20190703_B.html,7,,,,absolute dimensions unavailable; calculate scale-free ratios from imagery,COOKBOOK_EXTRACTED_ALL_IMAGES
CC-2019-07-03-YARNBURY-CASTLE,Yarnbury Castle,2019-07-03,Yarnbury Castle,https://www.cropcirclecenter.com/ccdata/2019/07/03/UK20190703_A.html,20,,,,absolute dimensions unavailable; calculate scale-free ratios from imagery,COOKBOOK_EXTRACTED_ALL_IMAGES
CC-2019-07-05-B-EZINA,Březina,2019-07-05,Březina,https://www.cropcirclecenter.com/ccdata/2019/07/05/CZ20190705_A.html,,0.849398,,,absolute dimensions unavailable; calculate scale-free ratios from imagery,COOKBOOK_EXTRACTED_ALL_IMAGES
CC-2019-07-14-WOODBOROUGH-HILL,Woodborough Hill,2019-07-14,Woodborough Hill,https://www.cropcirclecenter.com/ccdata/2019/07/14/UK20190714_A.html,,0.232394,,,absolute dimensions unavailable; calculate scale-free ratios from imagery,COOKBOOK_EXTRACTED_ALL_IMAGES
CC-2019-07-16-AUCHY-LES-MINES,Auchy-les-Mines,2019-07-16,Auchy-les-Mines,https://www.cropcirclecenter.com/ccdata/2019/07/16/FR20190716_A.html,10,0.95977,,,absolute dimensions unavailable; calculate scale-free ratios from imagery,COOKBOOK_EXTRACTED_ALL_IMAGES
CC-2019-07-16-TREUZY-LEVELAY-2,Treuzy-Levelay,2019-07-16,Treuzy-Levelay,https://www.cropcirclecenter.com/ccdata/2019/07/16/FR20190716_B.html,14,,,,absolute dimensions unavailable; calculate scale-free ratios from imagery,COOKBOOK_EXTRACTED_ALL_IMAGES
CC-2019-07-20-WESTBURY-WHITE-HORSE-WILTS,"Westbury White Horse, Wilts",2019-07-20,"Westbury White Horse, Wilts",https://www.cropcirclecenter.com/ccdata/2019/07/20/UK20190720_A.html,41,0.946667,,,approximately 200 ft,COOKBOOK_EXTRACTED_ALL_IMAGES
CC-2019-07-26-MALMESBURY,Malmesbury,2019-07-26,Malmesbury,https://www.cropcirclecenter.com/ccdata/2019/07/26/UK20190726_A.html,12,,,,absolute dimensions unavailable; calculate scale-free ratios from imagery,COOKBOOK_EXTRACTED_ALL_IMAGES
CC-2019-07-28-BARTON-STACEY-HANTS,"Barton Stacey, Hants",2019-07-28,"Barton Stacey, Hants",https://temporarytemples.co.uk/project/barton-stacey-2019,48,,,,approximately 250 ft,COOKBOOK_EXTRACTED_ALL_IMAGES
CC-2019-07-28-CLEY-HILL-2,Cley Hill,2019-07-28,Cley Hill,https://www.cropcirclecenter.com/ccdata/2019/07/28/UK20190728_B.html,8,0.768116,,,absolute dimensions unavailable; calculate scale-free ratios from imagery,COOKBOOK_EXTRACTED_ALL_IMAGES
CC-2019-08-18-UFFINGTON,Uffington,2019-08-18,Uffington,https://www.cropcirclecenter.com/ccdata/2019/08/18/UK20190818_A.html,32,,,,absolute dimensions unavailable; calculate scale-free ratios from imagery,COOKBOOK_EXTRACTED_ALL_IMAGES
CC-2019-08-20-ETCHILHAMPTON-WILTS,"Etchilhampton, Wilts",2019-08-20,"Etchilhampton, Wilts",https://www.cropcirclecenter.com/ccdata/2019/08/20/UK20190820_A.html,40,,,,approximately 200 ft,COOKBOOK_EXTRACTED_ALL_IMAGES
CC-2020-05-30-CLEY-HILL-WILTS,"Cley Hill, Wilts",2020-05-30,"Cley Hill, Wilts",https://www.cropcirclecenter.com/ccdata/2020/05/30/UK20200530_A.html,16,0.86755,,,approximately 100 ft,COOKBOOK_EXTRACTED_ALL_IMAGES
CC-2020-05-30-TABAREL-HAUTE-GARONNE,Tabarel | Haute-Garonne,2020-05-30,Tabarel | Haute-Garonne,https://www.cropcirclecenter.com/ccdata/2020/05/30/FR20200530_A.html,10,,,,absolute dimensions unavailable; calculate scale-free ratios from imagery,COOKBOOK_EXTRACTED_ALL_IMAGES
CC-2020-06-02-BREDA-NOORD-BRABANT,Breda | Noord Brabant,2020-06-02,Breda | Noord Brabant,https://www.cropcirclecenter.com/ccdata/2020/06/02/NL20200602_A.html,5,,,,absolute dimensions unavailable; calculate scale-free ratios from imagery,COOKBOOK_EXTRACTED_ALL_IMAGES
CC-2020-06-02-HOEVEN-NOORD-BRABANT-2,Hoeven | Noord Brabant,2020-06-02,Hoeven | Noord Brabant,https://www.cropcirclecenter.com/ccdata/2020/06/02/NL20200602_B.html,3,,,,absolute dimensions unavailable; calculate scale-free ratios from imagery,COOKBOOK_EXTRACTED_ALL_IMAGES
CC-2020-06-17-WILTON-WILTS,"Wilton, Wilts",2020-06-17,"Wilton, Wilts",https://www.cropcirclecenter.com/ccdata/2020/06/17/UK20200617_A.html,36,,,,approximately 180 ft,COOKBOOK_EXTRACTED_ALL_IMAGES
CC-2020-06-21-BERWICK-BASSETT-WILTS,"Berwick Bassett, Wilts",2020-06-21,"Berwick Bassett, Wilts",https://www.cropcirclecenter.com/ccdata/2020/06/21/UK20200621_A.html,6,0.939597,,,approximately 200 ft,COOKBOOK_EXTRACTED_ALL_IMAGES
CC-2020-06-21-SIXPENNY-HANDLEY-DORSET-2,Sixpenny Handley | Dorset,2020-06-21,Sixpenny Handley | Dorset,https://www.cropcirclecenter.com/ccdata/2020/06/21/UK20200621_B.html,10,0.94,,,absolute dimensions unavailable; calculate scale-free ratios from imagery,COOKBOOK_EXTRACTED_ALL_IMAGES
CC-2020-06-25-CROP-CIRCLE-CENTER-2,crop circle center,2020-06-25,crop circle center,https://www.cropcirclecenter.com/ccdata/2020/06/25/UK20200625_B.html,,0.432258,,,absolute dimensions unavailable; calculate scale-free ratios from imagery,COOKBOOK_EXTRACTED_ALL_IMAGES
CC-2020-06-25-OGBOURNE-ST-GEORGE-WILTS,"Ogbourne St. George, Wilts",2020-06-25,"Ogbourne St. George, Wilts",https://www.cropcirclecenter.com/ccdata/2020/06/25/UK20200625_A.html,,0.326667,,,approximately 250 ft,COOKBOOK_EXTRACTED_ALL_IMAGES
CC-2020-07-02-KISKANIZSA-NAGYKANIZSA,Kiskanizsa | Nagykanizsa,2020-07-02,Kiskanizsa | Nagykanizsa,https://www.cropcirclecenter.com/ccdata/2020/07/02/HU20200702_A.html,8,,,,absolute dimensions unavailable; calculate scale-free ratios from imagery,COOKBOOK_EXTRACTED_ALL_IMAGES
CC-2020-07-10-EASTERN-ROYAL-WILTS,"Eastern Royal, Wilts",2020-07-10,"Eastern Royal, Wilts",https://temporarytemples.co.uk/project/eastern-royal-wilts-10th-july-2020,40,,,,approximately 200 ft,COOKBOOK_EXTRACTED_ALL_IMAGES
CC-2020-07-12-FROME-SOMERSET-2,Frome | Somerset,2020-07-12,Frome | Somerset,https://www.cropcirclecenter.com/ccdata/2020/07/12/UK20200712_B.html,,0.536913,,,absolute dimensions unavailable; calculate scale-free ratios from imagery,COOKBOOK_EXTRACTED_ALL_IMAGES
CC-2020-07-12-FROME-SOMERSET-3,Frome | Somerset,2020-07-12,Frome | Somerset,https://www.cropcirclecenter.com/ccdata/2020/07/12/UK20200712_C.html,30,0.365714,,,absolute dimensions unavailable; calculate scale-free ratios from imagery,COOKBOOK_EXTRACTED_ALL_IMAGES
CC-2020-07-12-WEST-KNOYLE-WILTSHIRE,West Knoyle | Wiltshire,2020-07-12,West Knoyle | Wiltshire,https://www.cropcirclecenter.com/ccdata/2020/07/12/UK20200712_D.html,29,,,,absolute dimensions unavailable; calculate scale-free ratios from imagery,COOKBOOK_EXTRACTED_ALL_IMAGES
CC-2020-07-13-CROP-CIRCLE-CENTER,crop circle center,2020-07-13,crop circle center,https://www.cropcirclecenter.com/ccdata/2020/07/13/RU20200713_A.html,48,,,,absolute dimensions unavailable; calculate scale-free ratios from imagery,COOKBOOK_EXTRACTED_ALL_IMAGES
CC-2020-07-18-CROP-CIRCLE-CENTER,crop circle center,2020-07-18,crop circle center,https://www.cropcirclecenter.com/ccdata/2020/07/18/PL20200718_A.html,14,,,,absolute dimensions unavailable; calculate scale-free ratios from imagery,COOKBOOK_EXTRACTED_ALL_IMAGES
CC-2020-07-22-BISHOPS-SUTTON-HANTS,"Bishops Sutton, Hants",2020-07-22,"Bishops Sutton, Hants",https://www.cropcirclecenter.com/ccdata/2020/07/22/UK20200722_A.html,11,,,,approximately 200 ft ; approximately 200 ft,COOKBOOK_EXTRACTED_ALL_IMAGES
CC-2020-07-23-HACKPEN-HILL-WILTS,"Hackpen Hill, Wilts",2020-07-23,"Hackpen Hill, Wilts",https://www.cropcirclecenter.com/ccdata/2020/07/23/UK20200723_A.html,,0.344371,,,approximately 200 ft ; approximately 90 ft,COOKBOOK_EXTRACTED_ALL_IMAGES
CC-2020-07-29-DRONFIELD-DERBYSHIRE-2,Dronfield | Derbyshire,2020-07-29,Dronfield | Derbyshire,https://www.cropcirclecenter.com/ccdata/2020/07/29/UK20200729_B.html,15,0.652439,,,absolute dimensions unavailable; calculate scale-free ratios from imagery,COOKBOOK_EXTRACTED_ALL_IMAGES
CC-2020-07-29-ELBA-NEW-YORK,Elba | New York,2020-07-29,Elba | New York,https://www.cropcirclecenter.com/ccdata/2020/07/29/US20200729_A.html,31,,,,absolute dimensions unavailable; calculate scale-free ratios from imagery,COOKBOOK_EXTRACTED_ALL_IMAGES
CC-2020-09-01-STOKE-MANDEVILLE-BUCKINGHAMSHIRE,Stoke Mandeville | Buckinghamshire,2020-09-01,Stoke Mandeville | Buckinghamshire,https://www.cropcirclecenter.com/ccdata/2020/09/01/UK20200901_A.html,,0.881119,,,absolute dimensions unavailable; calculate scale-free ratios from imagery,COOKBOOK_EXTRACTED_ALL_IMAGES
CC-2020-09-05-CHIRTON-WILTS,"Chirton, Wilts",2020-09-05,"Chirton, Wilts",https://www.cropcirclecenter.com/ccdata/2020/09/05/UK20200905_A.html,,0.701754,,,approximately 120 ft,COOKBOOK_EXTRACTED_ALL_IMAGES
CC-2020-09-13-ROUNDWAY-WILTS,"Roundway, Wilts",2020-09-13,"Roundway, Wilts",https://www.cropcirclecenter.com/ccdata/2020/09/13/UK20200913_A.html,,0.388489,,,approximately 200 ft,COOKBOOK_EXTRACTED_ALL_IMAGES
CC-2020-10-29-IOUA-U-SANTA-CATARINA,Iouaçu | Santa Catarina,2020-10-29,Iouaçu | Santa Catarina,https://www.cropcirclecenter.com/ccdata/2020/10/29/BR20201029_A.html,17,,,,absolute dimensions unavailable; calculate scale-free ratios from imagery,COOKBOOK_EXTRACTED_ALL_IMAGES
CC-2021-05-21-SILBURY-HILL-WILTSHIRE,Silbury Hill | Wiltshire,2021-05-21,Silbury Hill | Wiltshire,https://www.cropcirclecenter.com/ccdata/2021/05/21/UK20210521_A.html,46,,,,absolute dimensions unavailable; calculate scale-free ratios from imagery,COOKBOOK_EXTRACTED_ALL_IMAGES
CC-2021-06-08-CRAWLEY-DOWN-HAMPSHIRE,Crawley Down | Hampshire,2021-06-08,Crawley Down | Hampshire,https://www.cropcirclecenter.com/ccdata/2021/06/08/UK20210608_A.html,29,,,,absolute dimensions unavailable; calculate scale-free ratios from imagery,COOKBOOK_EXTRACTED_ALL_IMAGES
CC-2021-06-08-WOTTEN-RIVERS-WILTSHIRE-2,Wotten Rivers | Wiltshire,2021-06-08,Wotten Rivers | Wiltshire,https://www.cropcirclecenter.com/ccdata/2021/06/08/UK20210608_B.html,4,0.947059,,,absolute dimensions unavailable; calculate scale-free ratios from imagery,COOKBOOK_EXTRACTED_ALL_IMAGES
CC-2021-06-21-TICHBORNE-HAMPSHIRE,Tichborne | Hampshire,2021-06-21,Tichborne | Hampshire,https://www.cropcirclecenter.com/ccdata/2021/06/21/UK20210621_A.html,,0.946309,,,absolute dimensions unavailable; calculate scale-free ratios from imagery,COOKBOOK_EXTRACTED_ALL_IMAGES
CC-2021-06-28-TIDCOMBE-DOWN-WILTS,"Tidcombe Down, Wilts",2021-06-28,"Tidcombe Down, Wilts",https://www.cropcirclecenter.com/ccdata/2021/06/28/UK20210628_A.html,22,,,,approximately 200 ft,COOKBOOK_EXTRACTED_ALL_IMAGES
CC-2021-07-04-VERDUN-MEUSE,Verdun | Meuse,2021-07-04,Verdun | Meuse,https://www.cropcirclecenter.com/ccdata/2021/07/04/FR20210704_A.html,7,,,,absolute dimensions unavailable; calculate scale-free ratios from imagery,COOKBOOK_EXTRACTED_ALL_IMAGES
CC-2021-07-05-HACKPEN-HILL-WILTSHIRE,Hackpen Hill | Wiltshire,2021-07-05,Hackpen Hill | Wiltshire,https://www.cropcirclecenter.com/ccdata/2021/07/05/UK20210705_A.html,33,,,,absolute dimensions unavailable; calculate scale-free ratios from imagery,COOKBOOK_EXTRACTED_ALL_IMAGES
CC-2021-07-25-GAUTING-BAVARIA,Gauting | Bavaria,2021-07-25,Gauting | Bavaria,https://www.cropcirclecenter.com/ccdata/2021/07/25/DE20210725_A.html,22,,,,absolute dimensions unavailable; calculate scale-free ratios from imagery,COOKBOOK_EXTRACTED_ALL_IMAGES
CC-2021-07-30-SZCZECINEK-ZACHODNIOPOMORSKIE,Szczecinek | Zachodniopomorskie,2021-07-30,Szczecinek | Zachodniopomorskie,https://www.cropcirclecenter.com/ccdata/2021/07/30/PL20210730_A.html,5,,,,absolute dimensions unavailable; calculate scale-free ratios from imagery,COOKBOOK_EXTRACTED_ALL_IMAGES
CC-2021-08-08-MARTEN-WILTS,"Marten, Wilts",2021-08-08,"Marten, Wilts",https://www.cropcirclecenter.com/ccdata/2021/08/08/UK20210808_A.html,,0.739394,,,approximately 180 ft,COOKBOOK_EXTRACTED_ALL_IMAGES
CC-2021-08-08-WEST-MEON-HAMPSHIRE-2,West Meon | Hampshire,2021-08-08,West Meon | Hampshire,https://www.cropcirclecenter.com/ccdata/2021/08/08/UK20210808_B.html,,0.548571,,,absolute dimensions unavailable; calculate scale-free ratios from imagery,COOKBOOK_EXTRACTED_ALL_IMAGES
CC-2021-08-15-ROUNDWAY-HILL-WILTS,"Roundway Hill, Wilts",2021-08-15,"Roundway Hill, Wilts",https://www.cropcirclecenter.com/ccdata/2021/08/15/UK20210815_A.html,,0.644295,,,approximately 200 ft,COOKBOOK_EXTRACTED_ALL_IMAGES
CC-2021-08-18-SANDAL-CASTLE-WEST-YORKSHIRE,Sandal Castle | West Yorkshire,2021-08-18,Sandal Castle | West Yorkshire,https://www.cropcirclecenter.com/ccdata/2021/08/18/UK20210818_A.html,46,,,,absolute dimensions unavailable; calculate scale-free ratios from imagery,COOKBOOK_EXTRACTED_ALL_IMAGES
CC-2021-08-30-TODWICK-SOUTH-YORKSHIRE,Todwick | South Yorkshire,2021-08-30,Todwick | South Yorkshire,https://www.cropcirclecenter.com/ccdata/2021/08/30/UK20210830_A.html,17,,,,absolute dimensions unavailable; calculate scale-free ratios from imagery,COOKBOOK_EXTRACTED_ALL_IMAGES
CC-2022-04-19-SIXPENNY-HANDLEY-DORSET,Sixpenny Handley | Dorset,2022-04-19,Sixpenny Handley | Dorset,https://www.cropcirclecenter.com/ccdata/2022/04/19/UK20220419_A.html,24,,,,absolute dimensions unavailable; calculate scale-free ratios from imagery,COOKBOOK_EXTRACTED_ALL_IMAGES
CC-2022-04-24-CRAB-WOOD-HANTS,"Crab Wood, Hants",2022-04-24,"Crab Wood, Hants",https://www.cropcirclecenter.com/ccdata/2022/04/24/UK20220424_A.html,5,,,,approximately 100 ft,COOKBOOK_EXTRACTED_ALL_IMAGES
CC-2022-05-22-LITTLE-DOWN-WILTSHIRE,Little Down | Wiltshire,2022-05-22,Little Down | Wiltshire,https://www.cropcirclecenter.com/ccdata/2022/05/22/UK20220522_A.html,44,0.482014,,,absolute dimensions unavailable; calculate scale-free ratios from imagery,COOKBOOK_EXTRACTED_ALL_IMAGES
CC-2022-06-03-STANTON-ST-BERNARD-WILTSHIRE,Stanton St Bernard | Wiltshire,2022-06-03,Stanton St Bernard | Wiltshire,https://www.cropcirclecenter.com/ccdata/2022/06/03/UK20220603_A.html,9,,,,absolute dimensions unavailable; calculate scale-free ratios from imagery,COOKBOOK_EXTRACTED_ALL_IMAGES
CC-2022-06-04-HACKPEN-HILL-1-WILTS,"Hackpen Hill (1), Wilts",2022-06-04,"Hackpen Hill (1), Wilts",https://temporarytemples.co.uk/project/hackpen-hill-1-04-06-2022,24,,,,approximately 300 ft,COOKBOOK_EXTRACTED_ALL_IMAGES
CC-2022-06-05-YEOVIL-SOMERSET,Yeovil | Somerset,2022-06-05,Yeovil | Somerset,https://www.cropcirclecenter.com/ccdata/2022/06/05/UK20220605_A.html,22,,,,absolute dimensions unavailable; calculate scale-free ratios from imagery,COOKBOOK_EXTRACTED_ALL_IMAGES
CC-2022-06-19-HACKPEN-HILL-WILTSHIRE,Hackpen Hill | Wiltshire,2022-06-19,Hackpen Hill | Wiltshire,https://www.cropcirclecenter.com/ccdata/2022/06/19/UK20220619_A.html,46,,,,absolute dimensions unavailable; calculate scale-free ratios from imagery,COOKBOOK_EXTRACTED_ALL_IMAGES
CC-2022-07-18-BARBURY-CASTLE-WILTS,"Barbury Castle, Wilts",2022-07-18,"Barbury Castle, Wilts",https://www.cropcirclecenter.com/ccdata/2022/07/17/UK20220717_A.html,,0.685714,,,approximately 240 ft,COOKBOOK_EXTRACTED_ALL_IMAGES
CC-2022-08-03-WOODBOROUGH-HILL-WILTSHIRE,Woodborough Hill | Wiltshire,2022-08-03,Woodborough Hill | Wiltshire,https://www.cropcirclecenter.com/ccdata/2022/08/03/UK20220803_A.html,13,,,,absolute dimensions unavailable; calculate scale-free ratios from imagery,COOKBOOK_EXTRACTED_ALL_IMAGES
CC-2023-05-28-BROAD-HINTON-WILTSHIRE,Broad Hinton | Wiltshire,2023-05-28,Broad Hinton | Wiltshire,https://www.cropcirclecenter.com/ccdata/2023/05/28/UK20230528_A.html,35,,,,absolute dimensions unavailable; calculate scale-free ratios from imagery,COOKBOOK_EXTRACTED_ALL_IMAGES
CC-2023-05-30-CAPRIANO-DEL-COLLE-BRESCIA,Capriano del Colle | Brescia,2023-05-30,Capriano del Colle | Brescia,https://www.cropcirclecenter.com/ccdata/2023/05/30/IT20230530_A.html,8,,,,absolute dimensions unavailable; calculate scale-free ratios from imagery,COOKBOOK_EXTRACTED_ALL_IMAGES
CC-2023-06-04-WINTERBOURNE-BASSETT-WILTS,"Winterbourne Bassett, Wilts",2023-06-04,"Winterbourne Bassett, Wilts",https://www.cropcirclecenter.com/ccdata/2023/06/04/UK20230604_A.html,37,,,,approximately 400 ft,COOKBOOK_EXTRACTED_ALL_IMAGES
CC-2023-06-17-BRA-PIEMONTE,Bra | Piemonte,2023-06-17,Bra | Piemonte,https://www.cropcirclecenter.com/ccdata/2023/06/17/IT20230617_A.html,,0.189542,,,absolute dimensions unavailable; calculate scale-free ratios from imagery,COOKBOOK_EXTRACTED_ALL_IMAGES
CC-2023-06-21-SAINT-BABEL-PUY-DE-D-ME,Saint-Babel | Puy-de-Dôme,2023-06-21,Saint-Babel | Puy-de-Dôme,https://www.cropcirclecenter.com/ccdata/2023/06/21/FR20230621_A.html,39,,,,absolute dimensions unavailable; calculate scale-free ratios from imagery,COOKBOOK_EXTRACTED_ALL_IMAGES
CC-2023-06-23-MEVAGISSEY-CORNWALL,Mevagissey | Cornwall,2023-06-23,Mevagissey | Cornwall,https://www.cropcirclecenter.com/ccdata/2023/06/23/UK20230623_A.html,5,0.939597,,,absolute dimensions unavailable; calculate scale-free ratios from imagery,COOKBOOK_EXTRACTED_ALL_IMAGES
CC-2023-06-24-NYMPSFIELD-GLOUCESTERSHIRE,Nympsfield | Gloucestershire,2023-06-24,Nympsfield | Gloucestershire,https://www.cropcirclecenter.com/ccdata/2023/06/24/UK20230624_A.html,27,0.50303,,,absolute dimensions unavailable; calculate scale-free ratios from imagery,COOKBOOK_EXTRACTED_ALL_IMAGES
CC-2023-06-26-OWLSEBURY-HANTS,"Owlsebury, Hants",2023-06-26,"Owlsebury, Hants",https://www.cropcirclecenter.com/ccdata/2023/06/26/UK20230626_A.html,,0.257485,,,approximately 250 ft ; approximately 72 ft,COOKBOOK_EXTRACTED_ALL_IMAGES
CC-2023-07-04-WINCHESTER-HAMPSHIRE-2,Winchester | Hampshire,2023-07-04,Winchester | Hampshire,https://www.cropcirclecenter.com/ccdata/2023/07/04/UK20230704_B.html,,0.571429,,,absolute dimensions unavailable; calculate scale-free ratios from imagery,COOKBOOK_EXTRACTED_ALL_IMAGES
CC-2023-07-09-BARTON-STACEY-BELT-HANTS,"Barton Stacey Belt, Hants",2023-07-09,"Barton Stacey Belt, Hants",https://temporarytemples.co.uk/project/barton-stacey-2023,,0.939597,,,approximately 240 ft,COOKBOOK_EXTRACTED_ALL_IMAGES
CC-2023-07-11-BROAD-HINTON-WILTSHIRE,Broad Hinton | Wiltshire,2023-07-11,Broad Hinton | Wiltshire,https://www.cropcirclecenter.com/ccdata/2023/07/11/UK20230711_A.html,21,,,,absolute dimensions unavailable; calculate scale-free ratios from imagery,COOKBOOK_EXTRACTED_ALL_IMAGES
CC-2023-07-16-RUSHOCK-WORCESTERSHIRE,Rushock | Worcestershire,2023-07-16,Rushock | Worcestershire,https://www.cropcirclecenter.com/ccdata/2023/07/16/UK20230716_A.html,22,0.961039,,,absolute dimensions unavailable; calculate scale-free ratios from imagery,COOKBOOK_EXTRACTED_ALL_IMAGES
CC-2023-07-30-WEST-MEON-HAMPSHIRE-2,West Meon | Hampshire,2023-07-30,West Meon | Hampshire,https://www.cropcirclecenter.com/ccdata/2023/07/30/UK20230730_B.html,,0.261745,,,absolute dimensions unavailable; calculate scale-free ratios from imagery,COOKBOOK_EXTRACTED_ALL_IMAGES
CC-2023-08-02-PRESTON-CANDOVER-HAMPSHIRE,Preston Candover | Hampshire,2023-08-02,Preston Candover | Hampshire,https://www.cropcirclecenter.com/ccdata/2023/08/02/UK20230802_A.html,8,,,,absolute dimensions unavailable; calculate scale-free ratios from imagery,COOKBOOK_EXTRACTED_ALL_IMAGES
CC-2023-08-02-WEXCOMBE-WILTSHIRE-2,Wexcombe | Wiltshire,2023-08-02,Wexcombe | Wiltshire,https://www.cropcirclecenter.com/ccdata/2023/08/02/UK20230802_B.html,9,0.566474,,,absolute dimensions unavailable; calculate scale-free ratios from imagery,COOKBOOK_EXTRACTED_ALL_IMAGES
CC-2023-08-04-WAYLAND-S-SMITHY-WILTS,"Wayland's Smithy, Wilts",2023-08-04,"Wayland's Smithy, Wilts",https://www.cropcirclecenter.com/ccdata/2023/08/04/UK20230804_A.html,,0.959732,,,approximately 180 ft,COOKBOOK_EXTRACTED_ALL_IMAGES
CC-2023-08-10-CLEY-HILL-WILTS,"Cley Hill, Wilts",2023-08-10,"Cley Hill, Wilts",https://www.cropcirclecenter.com/ccdata/2023/08/10/UK20230810_A.html,,0.952941,,,absolute dimensions unavailable; calculate scale-free ratios from imagery,COOKBOOK_EXTRACTED_ALL_IMAGES
CC-2024-06-08-SAINTE-GENEVI-VE-MEURTHE-ET-MOSELLE,Sainte-Geneviève | Meurthe-et-Moselle,2024-06-08,Sainte-Geneviève | Meurthe-et-Moselle,https://www.cropcirclecenter.com/ccdata/2024/06/08/FR20240608_A.html,17,,,,absolute dimensions unavailable; calculate scale-free ratios from imagery,COOKBOOK_EXTRACTED_ALL_IMAGES
CC-2024-06-12-WILTON-WINDMILL-WILTS,"Wilton Windmill, Wilts",2024-06-12,"Wilton Windmill, Wilts",https://www.cropcirclecenter.com/ccdata/2024/06/12/UK20240612_A.html,46,,,,approximately 330 ft,COOKBOOK_EXTRACTED_ALL_IMAGES
CC-2024-06-25-NARROMINE-NEW-SOUTH-WALES,Narromine | New South Wales,2024-06-25,Narromine | New South Wales,https://www.cropcirclecenter.com/ccdata/2024/06/25/AU20240625_A.html,9,,,,absolute dimensions unavailable; calculate scale-free ratios from imagery,COOKBOOK_EXTRACTED_ALL_IMAGES
CC-2024-06-30-STONEHENGE-WILTSHIRE-2,Stonehenge | Wiltshire,2024-06-30,Stonehenge | Wiltshire,https://www.cropcirclecenter.com/ccdata/2024/06/30/UK20240630_B.html,18,,,,absolute dimensions unavailable; calculate scale-free ratios from imagery,COOKBOOK_EXTRACTED_ALL_IMAGES
CC-2024-07-14-NORMANTON-DOWN-STONEHENGE-WILTS,"Normanton Down (Stonehenge), Wilts",2024-07-14,"Normanton Down (Stonehenge), Wilts",https://temporarytemples.co.uk/project/normanton-down-2024,,0.530612,,,approximately 150 ft,COOKBOOK_EXTRACTED_ALL_IMAGES
CC-2024-07-19-BADBURY-RINGS-SHAPWICK-DORSET,"Badbury Rings (Shapwick), Dorset",2024-07-19,"Badbury Rings (Shapwick), Dorset",https://temporarytemples.co.uk/project/badbury-rings-2024,42,,,,absolute dimensions unavailable; calculate scale-free ratios from imagery,COOKBOOK_EXTRACTED_ALL_IMAGES
CC-2024-07-28-STOKE-CHARITY-SUTTON-SCOTNEY-HANTS,"Stoke Charity (Sutton Scotney), Hants",2024-07-28,"Stoke Charity (Sutton Scotney), Hants",https://temporarytemples.co.uk/project/stoke-charity-2024,,0.951389,,,approximately 220 ft,COOKBOOK_EXTRACTED_ALL_IMAGES
CC-2024-10-14-IPUA-U-SANTA-CATARINA,Ipuaçu | Santa Catarina,2024-10-14,Ipuaçu | Santa Catarina,https://www.cropcirclecenter.com/ccdata/2024/10/14/BR20241014_A.html,17,,,,absolute dimensions unavailable; calculate scale-free ratios from imagery,COOKBOOK_EXTRACTED_ALL_IMAGES
CC-2025-04-11-WIMBORNE-MINSTER-DORSET,Wimborne Minster | Dorset,2025-04-11,Wimborne Minster | Dorset,https://www.cropcirclecenter.com/ccdata/2025/04/11/UK20250411_A.html,,0.674286,,,absolute dimensions unavailable; calculate scale-free ratios from imagery,COOKBOOK_EXTRACTED_ALL_IMAGES
CC-2025-05-15-SUTTON-VENY-WILTS,"Sutton Veny, Wilts",2025-05-15,"Sutton Veny, Wilts",https://www.cropcirclecenter.com/ccdata/2025/05/15/UK20250515_A.html,,0.235294,,,approximately 180 ft,COOKBOOK_EXTRACTED_ALL_IMAGES
CC-2025-06-08-AVEBURY-WILTS,"Avebury, Wilts",2025-06-08,"Avebury, Wilts",https://www.cropcirclecenter.com/ccdata/2025/06/08/UK20250608_A.html,,0.212329,,,approximately 200 ft,COOKBOOK_EXTRACTED_ALL_IMAGES
CC-2025-06-10-WILSFORD-SHAFT-WILTHSIRE,Wilsford Shaft | Wilthsire,2025-06-10,Wilsford Shaft | Wilthsire,https://www.cropcirclecenter.com/ccdata/2025/06/10/UK20250610_A.html,,0.398734,,,absolute dimensions unavailable; calculate scale-free ratios from imagery,COOKBOOK_EXTRACTED_ALL_IMAGES
CC-2025-06-15-KINGSDON-SOM,"Kingsdon, Som",2025-06-15,"Kingsdon, Som",https://www.cropcirclecenter.com/ccdata/2025/06/15/UK20250615_A.html,9,,,,approximately 150 ft,COOKBOOK_EXTRACTED_ALL_IMAGES
CC-2025-06-22-HACKPEN-HILL-WILTS,"Hackpen Hill, Wilts",2025-06-22,"Hackpen Hill, Wilts",https://www.cropcirclecenter.com/ccdata/2025/06/22/UK20250622_A.html,26,,,,approximately 250 ft,COOKBOOK_EXTRACTED_ALL_IMAGES
CC-2025-06-23-SHAFTESBURY-DORSET,Shaftesbury | Dorset,2025-06-23,Shaftesbury | Dorset,https://www.cropcirclecenter.com/ccdata/2025/06/23/UK20250623_A.html,11,,,,absolute dimensions unavailable; calculate scale-free ratios from imagery,COOKBOOK_EXTRACTED_ALL_IMAGES
CC-2025-06-23-UNKNOWN-LOCATION,unknown location,2025-06-23,unknown location,https://www.cropcirclecenter.com/ccdata/2025/06/23/IT20250623_A.html,38,,,,absolute dimensions unavailable; calculate scale-free ratios from imagery,COOKBOOK_EXTRACTED_ALL_IMAGES
CC-2025-06-24-SHEPTON-MALLET-SOMERSET,Shepton Mallet | Somerset,2025-06-24,Shepton Mallet | Somerset,https://www.cropcirclecenter.com/ccdata/2025/06/24/UK20250624_A.html,,0.944056,,,absolute dimensions unavailable; calculate scale-free ratios from imagery,COOKBOOK_EXTRACTED_ALL_IMAGES
CC-2025-07-06-CASTLEY-HILL-SOMERTON,"Castley Hill, Somerton",2025-07-06,"Castley Hill, Somerton",https://www.cropcirclecenter.com/ccdata/2025/07/06/UK20250706_A.html,3,,,,absolute dimensions unavailable; calculate scale-free ratios from imagery,COOKBOOK_EXTRACTED_ALL_IMAGES
CC-2025-07-10-CERNE-ABBAS-DORSET,"Cerne Abbas, Dorset",2025-07-10,"Cerne Abbas, Dorset",https://www.cropcirclecenter.com/ccdata/2025/07/10/UK20250710_A.html,,0.965753,,,approximately 400 ft,COOKBOOK_EXTRACTED_ALL_IMAGES
CC-2025-07-20-FRIEDING-BAVARIA,Frieding | Bavaria,2025-07-20,Frieding | Bavaria,https://www.cropcirclecenter.com/ccdata/2025/07/20/DE20250720_A.html,,0.616766,,,absolute dimensions unavailable; calculate scale-free ratios from imagery,COOKBOOK_EXTRACTED_ALL_IMAGES
CC-2026-04-29-WADEN-HILL-WILTS,"Waden Hill, Wilts",2026-04-29,"Waden Hill, Wilts",https://www.cropcirclecenter.com/ccdata/2026/04/29/UK20260429_A.html,7,,,,approximately 100 ft,COOKBOOK_EXTRACTED_ALL_IMAGES
CC-2026-05-10-KINGWESTON-SOMERSET,"Kingweston, Somerset",2026-05-10,"Kingweston, Somerset",https://www.cropcirclecenter.com/ccdata/2026/05/10/UK20260510_A.html,40,,,,approximately 150 ft,COOKBOOK_EXTRACTED_ALL_IMAGES
CC-2026-05-30-DITCHEAT-SOMERSET,"Ditcheat, Somerset",2026-05-30,"Ditcheat, Somerset",https://temporarytemples.co.uk/project/ditcheat-2026,19,0.956522,,,approximately 120 ft,COOKBOOK_EXTRACTED_ALL_IMAGES
CC-2026-06-23-Z-RCHER-WEINLAND-CH,"Zürcher Weinland, CH",2026-06-23,"Zürcher Weinland, CH",https://www.cropcirclecenter.com/ccdata/2026/06/23/CH20260623_A.html,43,0.322785,,,approximately 215 ft,COOKBOOK_EXTRACTED_ALL_IMAGES
CC-2026-06-25-ETCHILHAMPTON-WILTS,"Etchilhampton, Wilts",2026-06-25,"Etchilhampton, Wilts",https://www.cropcirclecenter.com/ccdata/2026/06/24/UK20260624_A.html,7,0.888889,,,approximately 180 ft,COOKBOOK_EXTRACTED_ALL_IMAGES
CC-2026-07-07-TIDCOMBE-WILTS,"Tidcombe, Wilts",2026-07-07,"Tidcombe, Wilts",https://www.cropcirclecenter.com/ccdata/2026/07/07/UK20260707_A.html,40,,,,absolute dimensions unavailable; calculate scale-free ratios from imagery,COOKBOOK_EXTRACTED_ALL_IMAGES
CC-2026-07-12-MILK-HILL-WILTS,"Milk Hill, Wilts",2026-07-12,"Milk Hill, Wilts",https://www.cropcirclecenter.com/ccdata/2026/07/12/UK20260712_A.html,3,0.708075,,,approximately 180 ft,COOKBOOK_EXTRACTED_ALL_IMAGES
CC-2026-07-18-DEVIZES-WILTSHIRE,Devizes | Wiltshire,2026-07-18,Devizes | Wiltshire,https://www.cropcirclecenter.com/ccdata/2026/07/18/UK20260718_A.html,,0.536913,,,absolute dimensions unavailable; calculate scale-free ratios from imagery,COOKBOOK_EXTRACTED_ALL_IMAGES
CC-2026-07-21-LIDDINGTON-WILTSHIRE,Liddington | Wiltshire,2026-07-21,Liddington | Wiltshire,https://www.cropcirclecenter.com/ccdata/2026/07/21/UK20260721_A.html,11,,,,absolute dimensions unavailable; calculate scale-free ratios from imagery,COOKBOOK_EXTRACTED_ALL_IMAGES
RGCS-REFERENCE-ANNULAR-001,RGCS annular ring field-scale target,not_applicable,design-space reference; not an observed formation,,,0.6527777777777778,288.0,188.0,outer diameter 288 m; inner diameter 188 m,COOKBOOK_EXTRACTED_ALL_IMAGES
UK-2001-08-12-MILK-HILL,Milk Hill / Tan Hill,2001-08-12,"Milk Hill near Alton Barnes, Wiltshire, UK",https://www.cropcirclearchives.co.uk/archives/2001/MilkHill2/milkhill2001a.html,,,274.32,,409 circles ; approximately 900 ft diameter,COOKBOOK_EXTRACTED_ALL_IMAGES
UK-2011-07-13-STONEHENGE,Stonehenge,2011-07-13,"Stonehenge, Wiltshire, UK",https://temporarytemples.co.uk/crop-circles/2011-crop-circles,,,60.96,,approximately 200 ft diameter,COOKBOOK_EXTRACTED_ALL_IMAGES
UK-2026-07-14-AVEBURY,Avebury near Green Street,2026-07-14,"Avebury, Wiltshire, UK; OS Grid SU 10480 70207",https://temporarytemples.co.uk/project/avebury-2026,,,76.2,,approximately 250 ft span,COOKBOOK_EXTRACTED_ALL_IMAGES
