{
  "purpose": "genuinely finer Eye refinement (V5); supersedes the cl 8.0/5.5/4.5 preliminary ladder in framing only -- the earlier record is preserved",
  "canonical_record": {
    "candidate_mm": [
      -0.295,
      -0.205,
      102.24
    ],
    "station_mm": [
      -0.447,
      0.774,
      106.018
    ],
    "separation_mm": 3.906,
    "halfwidth_mm": 3.08,
    "convergence_shift_mm": 0.353,
    "cloud_rms_mm": 0.032,
    "numerical_tolerance_mm": 1e-06,
    "note": "preserved unchanged; this run does not supersede it and the candidate was never moved onto the comparator"
  },
  "levels": {
    "cl3": {
      "clmax_mm": 3.0,
      "centroid_mm": [
        0.23666691609243637,
        -0.01041743706878664,
        100.9864890881228
      ],
      "element_spacing_mm": 3.423062072292956,
      "n_dof": 5394,
      "n_tets": 7309,
      "solve_seconds": 38.40598979999777,
      "f_elastic_hz": [
        13772.751964547659,
        13772.757036886365,
        25806.71523895712,
        31833.61058506101,
        31833.700234237225,
        35267.55554484384,
        50312.779272198975,
        52494.557125779495
      ]
    },
    "cl2": {
      "clmax_mm": 2.0,
      "centroid_mm": [
        -0.05256023704508755,
        -0.03774884691409296,
        99.98933962563358
      ],
      "element_spacing_mm": 2.3618158847106816,
      "n_dof": 14550,
      "n_tets": 22555,
      "solve_seconds": 218.33730830000422,
      "f_elastic_hz": [
        13772.379854092747,
        13772.382117332707,
        25786.017964301805,
        31830.36211406336,
        31830.38552014841,
        35267.33543704,
        50272.73428092666,
        52482.987913448545
      ]
    },
    "cl1.5": {
      "clmax_mm": 1.5,
      "centroid_mm": [
        -0.04757561836648346,
        -0.019763455516741524,
        99.78335879095333
      ],
      "element_spacing_mm": 1.803284511410936,
      "n_dof": 30816,
      "n_tets": 50829,
      "solve_seconds": 1150.8108320000028,
      "f_elastic_hz": [
        13772.280688608525,
        13772.281041606984,
        25780.539690284626,
        31829.540634523495,
        31829.55649440783,
        35267.270693234714,
        50260.940872656734,
        52480.04830242442
      ]
    }
  },
  "ladder": {
    "ladder": [
      {
        "level": "cl3",
        "clmax_mm": 3.0,
        "centroid_mm": [
          0.23666691609243637,
          -0.01041743706878664,
          100.9864890881228
        ],
        "element_spacing_mm": 3.423062072292956,
        "shift_from_previous_mm": null
      },
      {
        "level": "cl2",
        "clmax_mm": 2.0,
        "centroid_mm": [
          -0.05256023704508755,
          -0.03774884691409296,
          99.98933962563358
        ],
        "element_spacing_mm": 2.3618158847106816,
        "shift_from_previous_mm": 1.0386079157308146
      },
      {
        "level": "cl1.5",
        "clmax_mm": 1.5,
        "centroid_mm": [
          -0.04757561836648346,
          -0.019763455516741524,
          99.78335879095333
        ],
        "element_spacing_mm": 1.803284511410936,
        "shift_from_previous_mm": 0.20682462373387325
      }
    ],
    "shifts_mm": [
      1.0386079157308146,
      0.20682462373387325
    ],
    "monotone_converging": true,
    "finest_halfwidth_mm": 1.803284511410936,
    "note": "halfwidth is mesh-resolution dominated; the candidate coordinate at every level is preserved exactly (G07)"
  },
  "refined_verdict": {
    "candidate_mm": [
      -0.04757561836648346,
      -0.019763455516741524,
      99.78335879095333
    ],
    "nearest_comparator_mm": [
      -0.447,
      0.774,
      106.018
    ],
    "separation_mm": 6.297646486228021,
    "candidate_halfwidth_mm": 1.803284511410936,
    "comparator_halfwidth_mm": 1.803284511410936,
    "mesh_resolution_mm": 1.803284511410936,
    "convergence_shift_mm": 0.20682462373387325,
    "cloud_rms_mm": 0.032,
    "numerical_tol_mm": 1e-06,
    "classification": "NEAR_CONVENTIONAL_NODE_BUT_DISTINCT",
    "rule": "exact = numerical tolerance only; overlap = localization intervals; a resolved separation is reported at its exact value, never absorbed into a proximity threshold (V4C-D-001)"
  },
  "halfwidth_below_separation": true,
  "resolution_status": "RESOLVED",
  "stopped_before_cl": 1.25
}