{
  "cl3": {
    "clmax_mm": 3.0,
    "centroid_mm": [
      0.23666691609243637,
      -0.01041743706878664,
      100.9864890881228
    ],
    "element_spacing_mm": 3.423062072292956,
    "n_dof": 5394,
    "n_tets": 7309,
    "solve_seconds": 38.40598979999777,
    "f_elastic_hz": [
      13772.751964547659,
      13772.757036886365,
      25806.71523895712,
      31833.61058506101,
      31833.700234237225,
      35267.55554484384,
      50312.779272198975,
      52494.557125779495
    ]
  },
  "cl2": {
    "clmax_mm": 2.0,
    "centroid_mm": [
      -0.05256023704508755,
      -0.03774884691409296,
      99.98933962563358
    ],
    "element_spacing_mm": 2.3618158847106816,
    "n_dof": 14550,
    "n_tets": 22555,
    "solve_seconds": 218.33730830000422,
    "f_elastic_hz": [
      13772.379854092747,
      13772.382117332707,
      25786.017964301805,
      31830.36211406336,
      31830.38552014841,
      35267.33543704,
      50272.73428092666,
      52482.987913448545
    ]
  },
  "cl1.5": {
    "clmax_mm": 1.5,
    "centroid_mm": [
      -0.04757561836648346,
      -0.019763455516741524,
      99.78335879095333
    ],
    "element_spacing_mm": 1.803284511410936,
    "n_dof": 30816,
    "n_tets": 50829,
    "solve_seconds": 1150.8108320000028,
    "f_elastic_hz": [
      13772.280688608525,
      13772.281041606984,
      25780.539690284626,
      31829.540634523495,
      31829.55649440783,
      35267.270693234714,
      50260.940872656734,
      52480.04830242442
    ]
  }
}