{
  "path_mm": 110.03766741071429,
  "phase_shift_rad_632p8nm": -0.032191393350106616,
  "uniform_strain": 1e-07
}