axis,frozen_v3_m_s,rscs2_m_s,rel_err
X,5718.734781,5718.734781,0.00e+00
Y,5992.675993,5992.675993,0.00e+00
Z,6329.927000,6329.927000,0.00e+00
