mode,ideal_n7_hz,nominal_hz,rel_diff
1,13776.54,13781.40,-3.52816e-04
2,13777.00,13781.81,-3.48962e-04
3,25912.27,25919.97,-2.97326e-04
4,31862.48,31873.91,-3.58418e-04
5,31867.00,31874.87,-2.46924e-04
6,35268.93,35280.99,-3.41943e-04
7,50578.30,50588.11,-1.93789e-04
8,52590.46,52608.70,-3.46721e-04
