{
 "compact_kappa_fb0": 10042.676909098596,
 "compact_kappa_fb6000": 10042.676909098596,
 "parity_odd_set": [
  1,
  3,
  5
 ],
 "parity_even_set": [
  0,
  2,
  4,
  6
 ],
 "epsilon_q_example": 0.0011250000000000001,
 "class_example_eps": 0.0004883408546447754,
 "class_example_label": "WITHIN_LINEWIDTH",
 "ac_splitting_hz": 50.0,
 "ac_rg": 1.220703125,
 "ac_linewidth_hz": 20.48,
 "spiral_path_length_3d_mm": 384.0216748369998,
 "spiral_planar_arc_length_mm": 374.74417085418935,
 "spiral_compact_radius_prior_mm": 15.27973695118426,
 "spiral_retired_closed_form_mm": 383.18819604626896,
 "spiral_retired_closed_form_rel_error": -0.0021703951764822094,
 "spiral_pitch_parameter_a": 0.15915494309189535,
 "spiral_curvature_invariant_rkappa": 0.9875704921513918,
 "spiral_per_turn_radius_mm": [
  39.68210967431219,
  14.29864244791328,
  5.222614661051458,
  1.9155810214601185
 ],
 "cased_n_runs": 100,
 "cased_rayleigh_z": 1.263824575576795,
 "cased_rayleigh_p": 0.2832334110448188,
 "baseline_nw200": 0.08355427582103334,
 "casec_coh_late_mean": 0.20846254665049474,
 "casec_amp_ratio_late": 0.015972650713098373,
 "aniso_tau_truth_ms": 60.0,
 "aniso_best_model": "exponential",
 "aniso_aic": {
  "exponential": -2144.628567915302,
  "power_law": -1171.9446283850646,
  "damped_oscillatory": -2113.845405861396,
  "no_change": -750.549581775434
 },
 "aniso_tau_s": 0.061557533344531734
}